ref,date_premiere_apparition,source
000117,2026-08-18,git_reconstruit
00220,2026-08-18,git_reconstruit
00221,2026-08-18,git_reconstruit
00222,2026-08-18,git_reconstruit
00223,2026-08-18,git_reconstruit
00232,2026-08-18,git_reconstruit
00269,2026-08-18,git_reconstruit
00320,2026-08-18,git_reconstruit
00321,2026-08-18,git_reconstruit
00322,2026-08-18,git_reconstruit
00323,2026-08-18,git_reconstruit
0035,2026-08-18,git_reconstruit
00396_2,2020-01-01,baseline_lancement
00397_9,2020-01-01,baseline_lancement
00398_6,2020-01-01,baseline_lancement
004402,2026-08-18,git_reconstruit
004457,2026-08-18,git_reconstruit
004587,2026-08-18,git_reconstruit
00468,2026-08-18,git_reconstruit
004778,2026-08-18,git_reconstruit
004839,2026-08-18,git_reconstruit
004877,2026-08-18,git_reconstruit
00502,2026-08-18,git_reconstruit
00503,2026-08-18,git_reconstruit
00504,2026-08-18,git_reconstruit
00568,2026-08-18,git_reconstruit
0057,2026-08-18,git_reconstruit
00610,2026-08-18,git_reconstruit
00616,2026-08-18,git_reconstruit
00621,2026-08-18,git_reconstruit
00622,2026-08-18,git_reconstruit
00625,2026-08-18,git_reconstruit
0063,2026-08-18,git_reconstruit
0065_15,2020-01-01,baseline_lancement
0065_25,2020-01-01,baseline_lancement
0065_5,2020-01-01,baseline_lancement
00668,2026-08-18,git_reconstruit
00669,2026-08-18,git_reconstruit
00716,2026-08-18,git_reconstruit
00718,2026-08-18,git_reconstruit
00721,2026-08-18,git_reconstruit
00722,2026-08-18,git_reconstruit
00768,2026-08-18,git_reconstruit
00769,2026-08-18,git_reconstruit
00770,2026-08-18,git_reconstruit
00772,2026-08-18,git_reconstruit
00780,2026-08-18,git_reconstruit
00826,2026-08-18,git_reconstruit
00828,2026-08-18,git_reconstruit
00830,2026-08-18,git_reconstruit
00832,2026-08-18,git_reconstruit
00834,2026-08-18,git_reconstruit
00836,2026-08-18,git_reconstruit
00838,2026-08-18,git_reconstruit
008672,2026-08-18,git_reconstruit
00870,2026-08-18,git_reconstruit
00878,2026-08-18,git_reconstruit
00880,2026-08-18,git_reconstruit
00930,2026-08-18,git_reconstruit
00932,2026-08-18,git_reconstruit
00D001,2020-01-01,baseline_lancement
00D002,2020-01-01,baseline_lancement
00D003,2020-01-01,baseline_lancement
00D004,2020-01-01,baseline_lancement
00D005,2020-01-01,baseline_lancement
00D022,2020-01-01,baseline_lancement
010256,2026-08-18,git_reconstruit
010263,2026-08-18,git_reconstruit
0103_20,2020-01-01,baseline_lancement
0107_15,2020-01-01,baseline_lancement
01099,2026-08-18,git_reconstruit
01141,2026-08-18,git_reconstruit
01142,2026-08-18,git_reconstruit
0127,2026-08-18,git_reconstruit
0150,2026-08-18,git_reconstruit
0150_04,2020-01-01,baseline_lancement
0150_09,2020-01-01,baseline_lancement
0150_16,2020-01-01,baseline_lancement
0150_23,2020-01-01,baseline_lancement
0150_50,2020-01-01,baseline_lancement
02504,2026-08-18,git_reconstruit
02505,2026-08-18,git_reconstruit
0321,2026-08-18,git_reconstruit
0426_10,2020-01-01,baseline_lancement
0426_15,2020-01-01,baseline_lancement
0427,2026-08-18,git_reconstruit
0449_15_SATAB,2020-01-01,baseline_lancement
06191.08,2020-01-01,baseline_lancement
06191.12,2020-01-01,baseline_lancement
0622,2026-08-18,git_reconstruit
06291.30,2020-01-01,baseline_lancement
0651_2,2020-01-01,baseline_lancement
06540,2026-08-18,git_reconstruit
06549,2026-08-18,git_reconstruit
07000.10,2020-01-01,baseline_lancement
07000.100,2020-01-01,baseline_lancement
07000.17,2020-01-01,baseline_lancement
0743,2026-08-18,git_reconstruit
0762,2026-08-18,git_reconstruit
0816,2026-08-18,git_reconstruit
0819_30,2020-01-01,baseline_lancement
0820_20,2020-01-01,baseline_lancement
0820_25,2020-01-01,baseline_lancement
0820_30,2020-01-01,baseline_lancement
0820_35,2020-01-01,baseline_lancement
0833_20.01,2020-01-01,baseline_lancement
0833_20.02,2020-01-01,baseline_lancement
0833_25.01,2020-01-01,baseline_lancement
0833_25.02,2020-01-01,baseline_lancement
0833_30.01,2020-01-01,baseline_lancement
0833_30.02,2020-01-01,baseline_lancement
0833_35.01,2020-01-01,baseline_lancement
0833_35.02,2020-01-01,baseline_lancement
0833_40.01,2020-01-01,baseline_lancement
0833_40.02,2020-01-01,baseline_lancement
0833_50.01,2020-01-01,baseline_lancement
0836_01,2020-01-01,baseline_lancement
0868_150,2020-01-01,baseline_lancement
0868_2,2020-01-01,baseline_lancement
0871_4,2020-01-01,baseline_lancement
0889_5,2020-01-01,baseline_lancement
0889_7,2020-01-01,baseline_lancement
0889_7_S,2020-01-01,baseline_lancement
0922,2026-08-18,git_reconstruit
0932,2026-08-18,git_reconstruit
0957,2026-08-18,git_reconstruit
0966-7,2020-01-01,baseline_lancement
0972,2026-08-18,git_reconstruit
10003,2020-01-01,baseline_lancement
10003_U,2020-01-01,baseline_lancement
10006,2020-01-01,baseline_lancement
10006_U,2020-01-01,baseline_lancement
10008-02,2020-01-01,baseline_lancement
10011-02,2020-01-01,baseline_lancement
10013-02,2020-01-01,baseline_lancement
10014-02,2020-01-01,baseline_lancement
10019-01,2020-01-01,baseline_lancement
10020-02,2020-01-01,baseline_lancement
100201,2020-01-01,baseline_lancement
10021-02,2020-01-01,baseline_lancement
100210,2020-01-01,baseline_lancement
100211,2020-01-01,baseline_lancement
100212,2020-01-01,baseline_lancement
10022-02,2020-01-01,baseline_lancement
10025-02,2020-01-01,baseline_lancement
10026-02,2020-01-01,baseline_lancement
10027-02,2020-01-01,baseline_lancement
10028-02,2020-01-01,baseline_lancement
10029-02,2020-01-01,baseline_lancement
10035-01,2020-01-01,baseline_lancement
10035-02,2020-01-01,baseline_lancement
1004-4026,2020-01-01,baseline_lancement
1004-4031,2020-01-01,baseline_lancement
1004-4226,2020-01-01,baseline_lancement
1004-4227,2020-01-01,baseline_lancement
1004-4329,2020-01-01,baseline_lancement
1004-4336,2020-01-01,baseline_lancement
1004-4390,2020-01-01,baseline_lancement
1004-4400,2020-01-01,baseline_lancement
1004-4401,2020-01-01,baseline_lancement
1004-4409,2020-01-01,baseline_lancement
1004-4414,2020-01-01,baseline_lancement
1004-4441,2020-01-01,baseline_lancement
1004-4446,2020-01-01,baseline_lancement
1004-4499,2020-01-01,baseline_lancement
1004-4526,2020-01-01,baseline_lancement
1004-4532,2020-01-01,baseline_lancement
1004-4559,2020-01-01,baseline_lancement
1004-4589,2020-01-01,baseline_lancement
1004-4636,2020-01-01,baseline_lancement
1004-4640,2020-01-01,baseline_lancement
1004-4641,2020-01-01,baseline_lancement
1004-4642,2020-01-01,baseline_lancement
1004-4643,2020-01-01,baseline_lancement
1004-4645,2020-01-01,baseline_lancement
1004-4648,2020-01-01,baseline_lancement
1004-4651,2020-01-01,baseline_lancement
1004-4657,2020-01-01,baseline_lancement
1004-4709,2020-01-01,baseline_lancement
1004-4715,2020-01-01,baseline_lancement
1004-4717,2020-01-01,baseline_lancement
1004-4794,2020-01-01,baseline_lancement
1004-4802,2020-01-01,baseline_lancement
1004-4831,2020-01-01,baseline_lancement
1004-4847,2020-01-01,baseline_lancement
1004-4865,2020-01-01,baseline_lancement
1004-4877,2020-01-01,baseline_lancement
1004-4928,2020-01-01,baseline_lancement
1004-4950,2020-01-01,baseline_lancement
1004-BLANC,2020-01-01,baseline_lancement
1004-ECRU,2020-01-01,baseline_lancement
1004-NOIR,2020-01-01,baseline_lancement
1006-4031,2020-01-01,baseline_lancement
1006-4033,2020-01-01,baseline_lancement
1006-4088,2020-01-01,baseline_lancement
1006-4100,2020-01-01,baseline_lancement
1006-4227,2020-01-01,baseline_lancement
1006-4234,2020-01-01,baseline_lancement
1006-4262,2020-01-01,baseline_lancement
1006-4317,2020-01-01,baseline_lancement
1006-4336,2020-01-01,baseline_lancement
1006-4360,2020-01-01,baseline_lancement
1006-4407,2020-01-01,baseline_lancement
1006-4428,2020-01-01,baseline_lancement
1006-4541,2020-01-01,baseline_lancement
1006-4550,2020-01-01,baseline_lancement
1006-4559,2020-01-01,baseline_lancement
1006-4561,2026-08-18,git_reconstruit
1006-4636,2020-01-01,baseline_lancement
1006-4640,2020-01-01,baseline_lancement
1006-4641,2020-01-01,baseline_lancement
1006-4642,2020-01-01,baseline_lancement
1006-4643,2020-01-01,baseline_lancement
1006-4652,2020-01-01,baseline_lancement
1006-4657,2020-01-01,baseline_lancement
1006-4660,2020-01-01,baseline_lancement
1006-4661,2020-01-01,baseline_lancement
1006-4662,2020-01-01,baseline_lancement
1006-4665,2020-01-01,baseline_lancement
1006-4862,2020-01-01,baseline_lancement
1006-4865,2020-01-01,baseline_lancement
1006-4874,2020-01-01,baseline_lancement
1006-4877,2020-01-01,baseline_lancement
1006-4987,2020-01-01,baseline_lancement
1006-4995,2020-01-01,baseline_lancement
1006-BLANC,2020-01-01,baseline_lancement
1006-ECRU,2020-01-01,baseline_lancement
1006-NOIR,2020-01-01,baseline_lancement
1010,2020-01-01,baseline_lancement
1022-4001,2020-01-01,baseline_lancement
1022-4013,2020-01-01,baseline_lancement
1022-4018,2020-01-01,baseline_lancement
1022-4026,2020-01-01,baseline_lancement
1022-4031,2020-01-01,baseline_lancement
1022-4032,2020-01-01,baseline_lancement
1022-4033,2020-01-01,baseline_lancement
1022-4037,2020-01-01,baseline_lancement
1022-4038,2020-01-01,baseline_lancement
1022-4042,2020-01-01,baseline_lancement
1022-4046,2020-01-01,baseline_lancement
1022-4054,2020-01-01,baseline_lancement
1022-4057,2020-01-01,baseline_lancement
1022-4066,2020-01-01,baseline_lancement
1022-4073,2020-01-01,baseline_lancement
1022-4084,2020-01-01,baseline_lancement
1022-4088,2020-01-01,baseline_lancement
1022-4090,2020-01-01,baseline_lancement
1022-4091,2020-01-01,baseline_lancement
1022-4092,2020-01-01,baseline_lancement
1022-4093,2020-01-01,baseline_lancement
1022-4094,2020-01-01,baseline_lancement
1022-4095,2020-01-01,baseline_lancement
1022-4096,2020-01-01,baseline_lancement
1022-4100,2020-01-01,baseline_lancement
1022-4104,2020-01-01,baseline_lancement
1022-4198,2020-01-01,baseline_lancement
1022-4199,2020-01-01,baseline_lancement
1022-4201,2020-01-01,baseline_lancement
1022-4204,2020-01-01,baseline_lancement
1022-4226,2020-01-01,baseline_lancement
1022-4227,2020-01-01,baseline_lancement
1022-4229,2020-01-01,baseline_lancement
1022-4233,2020-01-01,baseline_lancement
1022-4234,2020-01-01,baseline_lancement
1022-4240,2020-01-01,baseline_lancement
1022-4241,2020-01-01,baseline_lancement
1022-4242,2020-01-01,baseline_lancement
1022-4261,2020-01-01,baseline_lancement
1022-4262,2020-01-01,baseline_lancement
1022-4266,2020-01-01,baseline_lancement
1022-4267,2020-01-01,baseline_lancement
1022-4307,2020-01-01,baseline_lancement
1022-4308,2020-01-01,baseline_lancement
1022-4311,2020-01-01,baseline_lancement
1022-4312,2020-01-01,baseline_lancement
1022-4314,2020-01-01,baseline_lancement
1022-4317,2020-01-01,baseline_lancement
1022-4329,2020-01-01,baseline_lancement
1022-4336,2020-01-01,baseline_lancement
1022-4341,2020-01-01,baseline_lancement
1022-4351,2020-01-01,baseline_lancement
1022-4352,2020-01-01,baseline_lancement
1022-4358,2020-01-01,baseline_lancement
1022-4359,2020-01-01,baseline_lancement
1022-4360,2020-01-01,baseline_lancement
1022-4370,2020-01-01,baseline_lancement
1022-4390,2020-01-01,baseline_lancement
1022-4400,2020-01-01,baseline_lancement
1022-4401,2020-01-01,baseline_lancement
1022-4402,2020-01-01,baseline_lancement
1022-4407,2020-01-01,baseline_lancement
1022-4409,2020-01-01,baseline_lancement
1022-4414,2020-01-01,baseline_lancement
1022-4415,2020-01-01,baseline_lancement
1022-4417,2020-01-01,baseline_lancement
1022-4426,2020-01-01,baseline_lancement
1022-4428,2020-01-01,baseline_lancement
1022-4433,2020-01-01,baseline_lancement
1022-4435,2020-01-01,baseline_lancement
1022-4440,2020-01-01,baseline_lancement
1022-4441,2020-01-01,baseline_lancement
1022-4445,2020-01-01,baseline_lancement
1022-4446,2020-01-01,baseline_lancement
1022-4447,2020-01-01,baseline_lancement
1022-4455,2020-01-01,baseline_lancement
1022-4459,2020-01-01,baseline_lancement
1022-4469,2020-01-01,baseline_lancement
1022-4472,2020-01-01,baseline_lancement
1022-4473,2020-01-01,baseline_lancement
1022-4475,2020-01-01,baseline_lancement
1022-4476,2020-01-01,baseline_lancement
1022-4484,2020-01-01,baseline_lancement
1022-4493,2020-01-01,baseline_lancement
1022-4495,2020-01-01,baseline_lancement
1022-4496,2020-01-01,baseline_lancement
1022-4499,2020-01-01,baseline_lancement
1022-4524,2020-01-01,baseline_lancement
1022-4526,2020-01-01,baseline_lancement
1022-4527,2020-01-01,baseline_lancement
1022-4532,2020-01-01,baseline_lancement
1022-4534,2020-01-01,baseline_lancement
1022-4535,2020-01-01,baseline_lancement
1022-4541,2020-01-01,baseline_lancement
1022-4550,2020-01-01,baseline_lancement
1022-4551,2020-01-01,baseline_lancement
1022-4554,2020-01-01,baseline_lancement
1022-4559,2020-01-01,baseline_lancement
1022-4561,2020-01-01,baseline_lancement
1022-4589,2020-01-01,baseline_lancement
1022-4592,2020-01-01,baseline_lancement
1022-4609,2020-01-01,baseline_lancement
1022-4610,2020-01-01,baseline_lancement
1022-4623,2020-01-01,baseline_lancement
1022-4630,2020-01-01,baseline_lancement
1022-4634,2020-01-01,baseline_lancement
1022-4636,2020-01-01,baseline_lancement
1022-4640,2020-01-01,baseline_lancement
1022-4641,2020-01-01,baseline_lancement
1022-4642,2020-01-01,baseline_lancement
1022-4643,2020-01-01,baseline_lancement
1022-4644,2020-01-01,baseline_lancement
1022-4645,2020-01-01,baseline_lancement
1022-4646,2020-01-01,baseline_lancement
1022-4647,2020-01-01,baseline_lancement
1022-4648,2020-01-01,baseline_lancement
1022-4649,2020-01-01,baseline_lancement
1022-4650,2020-01-01,baseline_lancement
1022-4651,2020-01-01,baseline_lancement
1022-4652,2020-01-01,baseline_lancement
1022-4653,2020-01-01,baseline_lancement
1022-4654,2020-01-01,baseline_lancement
1022-4655,2020-01-01,baseline_lancement
1022-4656,2020-01-01,baseline_lancement
1022-4657,2020-01-01,baseline_lancement
1022-4658,2020-01-01,baseline_lancement
1022-4659,2020-01-01,baseline_lancement
1022-4660,2020-01-01,baseline_lancement
1022-4661,2020-01-01,baseline_lancement
1022-4662,2020-01-01,baseline_lancement
1022-4663,2020-01-01,baseline_lancement
1022-4664,2020-01-01,baseline_lancement
1022-4665,2020-01-01,baseline_lancement
1022-4709,2020-01-01,baseline_lancement
1022-4714,2020-01-01,baseline_lancement
1022-4715,2020-01-01,baseline_lancement
1022-4717,2020-01-01,baseline_lancement
1022-4719,2020-01-01,baseline_lancement
1022-4730,2020-01-01,baseline_lancement
1022-4738,2020-01-01,baseline_lancement
1022-4744,2020-01-01,baseline_lancement
1022-4752,2020-01-01,baseline_lancement
1022-4754,2020-01-01,baseline_lancement
1022-4758,2020-01-01,baseline_lancement
1022-4761,2020-01-01,baseline_lancement
1022-4767,2020-01-01,baseline_lancement
1022-4777,2020-01-01,baseline_lancement
1022-4780,2020-01-01,baseline_lancement
1022-4781,2020-01-01,baseline_lancement
1022-4782,2020-01-01,baseline_lancement
1022-4784,2020-01-01,baseline_lancement
1022-4787,2020-01-01,baseline_lancement
1022-4789,2020-01-01,baseline_lancement
1022-4792,2020-01-01,baseline_lancement
1022-4794,2020-01-01,baseline_lancement
1022-4802,2020-01-01,baseline_lancement
1022-4803,2020-01-01,baseline_lancement
1022-4808,2020-01-01,baseline_lancement
1022-4810,2020-01-01,baseline_lancement
1022-4811,2020-01-01,baseline_lancement
1022-4815,2020-01-01,baseline_lancement
1022-4831,2020-01-01,baseline_lancement
1022-4841,2020-01-01,baseline_lancement
1022-4847,2020-01-01,baseline_lancement
1022-4851,2020-01-01,baseline_lancement
1022-4857,2020-01-01,baseline_lancement
1022-4862,2020-01-01,baseline_lancement
1022-4865,2020-01-01,baseline_lancement
1022-4866,2020-01-01,baseline_lancement
1022-4868,2020-01-01,baseline_lancement
1022-4870,2020-01-01,baseline_lancement
1022-4871,2020-01-01,baseline_lancement
1022-4874,2020-01-01,baseline_lancement
1022-4876,2020-01-01,baseline_lancement
1022-4877,2020-01-01,baseline_lancement
1022-4881,2020-01-01,baseline_lancement
1022-4888,2020-01-01,baseline_lancement
1022-4895,2020-01-01,baseline_lancement
1022-4923,2020-01-01,baseline_lancement
1022-4924,2020-01-01,baseline_lancement
1022-4928,2020-01-01,baseline_lancement
1022-4930,2020-01-01,baseline_lancement
1022-4937,2020-01-01,baseline_lancement
1022-4938,2020-01-01,baseline_lancement
1022-4949,2020-01-01,baseline_lancement
1022-4950,2020-01-01,baseline_lancement
1022-4951,2020-01-01,baseline_lancement
1022-4952,2020-01-01,baseline_lancement
1022-4963,2020-01-01,baseline_lancement
1022-4964,2020-01-01,baseline_lancement
1022-4987,2020-01-01,baseline_lancement
1022-4995,2020-01-01,baseline_lancement
1022-BLANC,2020-01-01,baseline_lancement
1022-ECRU,2020-01-01,baseline_lancement
1022-NOIR,2020-01-01,baseline_lancement
10256,2020-01-01,baseline_lancement
10263,2020-01-01,baseline_lancement
10303,2020-01-01,baseline_lancement
1042,2020-01-01,baseline_lancement
10430.11.90,2020-01-01,baseline_lancement
104431,2020-01-01,baseline_lancement
105711,2020-01-01,baseline_lancement
1067,2020-01-01,baseline_lancement
106871,2020-01-01,baseline_lancement
1099,2020-01-01,baseline_lancement
1130356,2020-01-01,baseline_lancement
1141,2020-01-01,baseline_lancement
1142,2020-01-01,baseline_lancement
11899,2020-01-01,baseline_lancement
1198014,2020-01-01,baseline_lancement
120000,2020-01-01,baseline_lancement
120001,2020-01-01,baseline_lancement
120002,2020-01-01,baseline_lancement
120003,2020-01-01,baseline_lancement
120004,2020-01-01,baseline_lancement
120005,2020-01-01,baseline_lancement
120007,2020-01-01,baseline_lancement
120008,2020-01-01,baseline_lancement
120009,2020-01-01,baseline_lancement
120010,2020-01-01,baseline_lancement
120011,2020-01-01,baseline_lancement
120012,2020-01-01,baseline_lancement
120013,2020-01-01,baseline_lancement
120016,2020-01-01,baseline_lancement
120018,2020-01-01,baseline_lancement
120019,2020-01-01,baseline_lancement
120022,2020-01-01,baseline_lancement
120024,2020-01-01,baseline_lancement
120025,2020-01-01,baseline_lancement
120026,2020-01-01,baseline_lancement
120027,2020-01-01,baseline_lancement
120028,2020-01-01,baseline_lancement
120029,2020-01-01,baseline_lancement
120030,2020-01-01,baseline_lancement
120032,2020-01-01,baseline_lancement
120033,2020-01-01,baseline_lancement
120034,2020-01-01,baseline_lancement
120037,2020-01-01,baseline_lancement
120038,2020-01-01,baseline_lancement
120039,2020-01-01,baseline_lancement
120040,2020-01-01,baseline_lancement
120041,2026-08-18,git_reconstruit
120042,2020-01-01,baseline_lancement
120043,2020-01-01,baseline_lancement
120044,2020-01-01,baseline_lancement
120045,2020-01-01,baseline_lancement
120046,2020-01-01,baseline_lancement
120047,2020-01-01,baseline_lancement
120048,2020-01-01,baseline_lancement
120050,2026-08-18,git_reconstruit
120051,2020-01-01,baseline_lancement
120052,2020-01-01,baseline_lancement
120053,2020-01-01,baseline_lancement
120054,2020-01-01,baseline_lancement
120056,2020-01-01,baseline_lancement
120060,2020-01-01,baseline_lancement
120061,2020-01-01,baseline_lancement
120062,2020-01-01,baseline_lancement
120063,2020-01-01,baseline_lancement
120064,2020-01-01,baseline_lancement
120065,2020-01-01,baseline_lancement
120066,2020-01-01,baseline_lancement
120067,2020-01-01,baseline_lancement
120068,2020-01-01,baseline_lancement
120069,2020-01-01,baseline_lancement
120070,2020-01-01,baseline_lancement
120072,2020-01-01,baseline_lancement
120075,2020-01-01,baseline_lancement
120076,2020-01-01,baseline_lancement
120077,2020-01-01,baseline_lancement
120078,2020-01-01,baseline_lancement
120079,2020-01-01,baseline_lancement
120080,2020-01-01,baseline_lancement
120081,2020-01-01,baseline_lancement
120082,2020-01-01,baseline_lancement
120083,2020-01-01,baseline_lancement
120084,2020-01-01,baseline_lancement
120085,2020-01-01,baseline_lancement
120086,2020-01-01,baseline_lancement
120087,2020-01-01,baseline_lancement
120088,2020-01-01,baseline_lancement
120091,2020-01-01,baseline_lancement
120092,2020-01-01,baseline_lancement
120093,2020-01-01,baseline_lancement
120095,2020-01-01,baseline_lancement
120097,2020-01-01,baseline_lancement
120098,2020-01-01,baseline_lancement
120100,2020-01-01,baseline_lancement
120101,2020-01-01,baseline_lancement
120102,2020-01-01,baseline_lancement
120103,2020-01-01,baseline_lancement
120104,2020-01-01,baseline_lancement
120106,2020-01-01,baseline_lancement
120108,2020-01-01,baseline_lancement
120109,2020-01-01,baseline_lancement
120110,2020-01-01,baseline_lancement
120111,2020-01-01,baseline_lancement
120112,2020-01-01,baseline_lancement
120113,2020-01-01,baseline_lancement
120115,2020-01-01,baseline_lancement
120116,2020-01-01,baseline_lancement
120117,2020-01-01,baseline_lancement
120120,2020-01-01,baseline_lancement
120125,2020-01-01,baseline_lancement
120127,2020-01-01,baseline_lancement
120131,2020-01-01,baseline_lancement
120133,2020-01-01,baseline_lancement
120134,2020-01-01,baseline_lancement
120135,2020-01-01,baseline_lancement
120136,2020-01-01,baseline_lancement
120138,2020-01-01,baseline_lancement
120143,2020-01-01,baseline_lancement
120144,2020-01-01,baseline_lancement
120146,2020-01-01,baseline_lancement
120147,2020-01-01,baseline_lancement
120148,2020-01-01,baseline_lancement
120149,2020-01-01,baseline_lancement
120151,2020-01-01,baseline_lancement
120153,2020-01-01,baseline_lancement
120154,2020-01-01,baseline_lancement
120155,2020-01-01,baseline_lancement
120156,2020-01-01,baseline_lancement
120157,2020-01-01,baseline_lancement
120158,2020-01-01,baseline_lancement
120159,2020-01-01,baseline_lancement
120160,2020-01-01,baseline_lancement
120161,2020-01-01,baseline_lancement
120162,2020-01-01,baseline_lancement
120163,2020-01-01,baseline_lancement
120164,2020-01-01,baseline_lancement
120165,2020-01-01,baseline_lancement
120167,2020-01-01,baseline_lancement
120169,2020-01-01,baseline_lancement
120171,2020-01-01,baseline_lancement
120172,2020-01-01,baseline_lancement
120173,2020-01-01,baseline_lancement
120175,2020-01-01,baseline_lancement
120176,2020-01-01,baseline_lancement
120177,2020-01-01,baseline_lancement
120178,2020-01-01,baseline_lancement
120179,2020-01-01,baseline_lancement
120181,2020-01-01,baseline_lancement
120182,2020-01-01,baseline_lancement
120184,2020-01-01,baseline_lancement
120185,2020-01-01,baseline_lancement
120186,2020-01-01,baseline_lancement
120187,2020-01-01,baseline_lancement
120188,2020-01-01,baseline_lancement
120189,2020-01-01,baseline_lancement
120190,2020-01-01,baseline_lancement
120191,2020-01-01,baseline_lancement
120192,2020-01-01,baseline_lancement
120193,2020-01-01,baseline_lancement
120194,2020-01-01,baseline_lancement
120195,2020-01-01,baseline_lancement
120197,2020-01-01,baseline_lancement
120198,2020-01-01,baseline_lancement
120200,2020-01-01,baseline_lancement
120204,2020-01-01,baseline_lancement
120206,2020-01-01,baseline_lancement
120207,2020-01-01,baseline_lancement
120209,2020-01-01,baseline_lancement
120212,2020-01-01,baseline_lancement
120216,2020-01-01,baseline_lancement
120218,2020-01-01,baseline_lancement
120221,2020-01-01,baseline_lancement
120223,2020-01-01,baseline_lancement
120227,2020-01-01,baseline_lancement
120228,2020-01-01,baseline_lancement
120230,2020-01-01,baseline_lancement
120231,2020-01-01,baseline_lancement
120232,2020-01-01,baseline_lancement
120233,2020-01-01,baseline_lancement
120234,2020-01-01,baseline_lancement
120235,2020-01-01,baseline_lancement
120237,2020-01-01,baseline_lancement
120238,2020-01-01,baseline_lancement
120240,2020-01-01,baseline_lancement
120243,2020-01-01,baseline_lancement
120246,2020-01-01,baseline_lancement
120247,2020-01-01,baseline_lancement
120248,2020-01-01,baseline_lancement
120249,2020-01-01,baseline_lancement
120250,2020-01-01,baseline_lancement
120255,2020-01-01,baseline_lancement
120256,2020-01-01,baseline_lancement
120257,2020-01-01,baseline_lancement
120259,2020-01-01,baseline_lancement
120260,2020-01-01,baseline_lancement
120262,2020-01-01,baseline_lancement
120263,2020-01-01,baseline_lancement
120264,2020-01-01,baseline_lancement
120265,2020-01-01,baseline_lancement
120267,2020-01-01,baseline_lancement
120268,2020-01-01,baseline_lancement
120269,2020-01-01,baseline_lancement
120270,2020-01-01,baseline_lancement
120273,2020-01-01,baseline_lancement
120275,2020-01-01,baseline_lancement
120277,2020-01-01,baseline_lancement
120278,2020-01-01,baseline_lancement
120279,2020-01-01,baseline_lancement
120280,2020-01-01,baseline_lancement
120281,2020-01-01,baseline_lancement
120282,2020-01-01,baseline_lancement
120283,2020-01-01,baseline_lancement
120284,2020-01-01,baseline_lancement
120285,2020-01-01,baseline_lancement
120287,2020-01-01,baseline_lancement
120288,2020-01-01,baseline_lancement
120289,2020-01-01,baseline_lancement
120290,2020-01-01,baseline_lancement
120291,2020-01-01,baseline_lancement
120293,2026-08-18,git_reconstruit
120294,2020-01-01,baseline_lancement
120295,2020-01-01,baseline_lancement
120296,2020-01-01,baseline_lancement
120298,2020-01-01,baseline_lancement
120299,2020-01-01,baseline_lancement
120300,2020-01-01,baseline_lancement
120301,2020-01-01,baseline_lancement
120302,2020-01-01,baseline_lancement
120303,2020-01-01,baseline_lancement
120304,2020-01-01,baseline_lancement
120305,2020-01-01,baseline_lancement
120306,2020-01-01,baseline_lancement
120307,2020-01-01,baseline_lancement
120308,2020-01-01,baseline_lancement
120309,2020-01-01,baseline_lancement
120310,2020-01-01,baseline_lancement
120311,2020-01-01,baseline_lancement
120312,2020-01-01,baseline_lancement
120313,2020-01-01,baseline_lancement
120314,2020-01-01,baseline_lancement
120318,2020-01-01,baseline_lancement
120319,2020-01-01,baseline_lancement
120320,2020-01-01,baseline_lancement
120321,2020-01-01,baseline_lancement
120323,2020-01-01,baseline_lancement
120325,2020-01-01,baseline_lancement
120326,2020-01-01,baseline_lancement
120328,2020-01-01,baseline_lancement
120329,2020-01-01,baseline_lancement
120330,2020-01-01,baseline_lancement
120331,2020-01-01,baseline_lancement
120332,2020-01-01,baseline_lancement
120334,2020-01-01,baseline_lancement
120335,2020-01-01,baseline_lancement
120336,2020-01-01,baseline_lancement
120337,2020-01-01,baseline_lancement
120338,2020-01-01,baseline_lancement
120339,2020-01-01,baseline_lancement
120343,2020-01-01,baseline_lancement
120345,2020-01-01,baseline_lancement
120347,2020-01-01,baseline_lancement
120348,2020-01-01,baseline_lancement
120350,2020-01-01,baseline_lancement
120351,2020-01-01,baseline_lancement
120352,2020-01-01,baseline_lancement
120353,2020-01-01,baseline_lancement
120358,2020-01-01,baseline_lancement
120359,2020-01-01,baseline_lancement
120360,2020-01-01,baseline_lancement
120361,2020-01-01,baseline_lancement
120362,2020-01-01,baseline_lancement
120364,2020-01-01,baseline_lancement
120365,2020-01-01,baseline_lancement
120366,2020-01-01,baseline_lancement
120367,2020-01-01,baseline_lancement
120368,2020-01-01,baseline_lancement
120370,2020-01-01,baseline_lancement
120371,2020-01-01,baseline_lancement
120372,2020-01-01,baseline_lancement
120374,2020-01-01,baseline_lancement
120375,2020-01-01,baseline_lancement
120376,2020-01-01,baseline_lancement
120377,2020-01-01,baseline_lancement
120378,2020-01-01,baseline_lancement
120379,2020-01-01,baseline_lancement
120380,2020-01-01,baseline_lancement
120381,2020-01-01,baseline_lancement
120382,2020-01-01,baseline_lancement
120385,2020-01-01,baseline_lancement
120386,2020-01-01,baseline_lancement
120388,2020-01-01,baseline_lancement
120389,2020-01-01,baseline_lancement
120390,2020-01-01,baseline_lancement
120392,2020-01-01,baseline_lancement
120393,2020-01-01,baseline_lancement
120394,2020-01-01,baseline_lancement
120396,2020-01-01,baseline_lancement
120400,2020-01-01,baseline_lancement
120401,2020-01-01,baseline_lancement
120402,2020-01-01,baseline_lancement
120403,2020-01-01,baseline_lancement
120404,2020-01-01,baseline_lancement
120405,2020-01-01,baseline_lancement
120406,2020-01-01,baseline_lancement
120408,2020-01-01,baseline_lancement
120409,2020-01-01,baseline_lancement
120410,2020-01-01,baseline_lancement
120411,2020-01-01,baseline_lancement
120412,2020-01-01,baseline_lancement
120415,2020-01-01,baseline_lancement
120417,2020-01-01,baseline_lancement
120418,2020-01-01,baseline_lancement
120419,2020-01-01,baseline_lancement
120420,2020-01-01,baseline_lancement
120424,2020-01-01,baseline_lancement
120425,2020-01-01,baseline_lancement
120426,2020-01-01,baseline_lancement
120427,2020-01-01,baseline_lancement
120428,2020-01-01,baseline_lancement
120429,2020-01-01,baseline_lancement
120430,2020-01-01,baseline_lancement
120431,2020-01-01,baseline_lancement
120432,2020-01-01,baseline_lancement
120433,2020-01-01,baseline_lancement
120434,2020-01-01,baseline_lancement
120435,2020-01-01,baseline_lancement
120436,2020-01-01,baseline_lancement
120437,2020-01-01,baseline_lancement
120440,2020-01-01,baseline_lancement
120441,2020-01-01,baseline_lancement
120443,2020-01-01,baseline_lancement
120444,2020-01-01,baseline_lancement
120446,2020-01-01,baseline_lancement
120447,2020-01-01,baseline_lancement
120448,2020-01-01,baseline_lancement
120449,2020-01-01,baseline_lancement
120451,2020-01-01,baseline_lancement
120452,2020-01-01,baseline_lancement
120453,2020-01-01,baseline_lancement
120454,2020-01-01,baseline_lancement
120455,2020-01-01,baseline_lancement
120456,2020-01-01,baseline_lancement
120457,2020-01-01,baseline_lancement
120458,2020-01-01,baseline_lancement
120459,2020-01-01,baseline_lancement
120460,2020-01-01,baseline_lancement
120461,2020-01-01,baseline_lancement
120462,2020-01-01,baseline_lancement
120463,2020-01-01,baseline_lancement
120464,2020-01-01,baseline_lancement
120466,2020-01-01,baseline_lancement
120467,2020-01-01,baseline_lancement
120468,2020-01-01,baseline_lancement
120469,2020-01-01,baseline_lancement
120470,2020-01-01,baseline_lancement
120471,2020-01-01,baseline_lancement
120473,2020-01-01,baseline_lancement
120474,2020-01-01,baseline_lancement
120475,2020-01-01,baseline_lancement
120476,2020-01-01,baseline_lancement
120477,2020-01-01,baseline_lancement
120478,2020-01-01,baseline_lancement
120479,2020-01-01,baseline_lancement
120480,2020-01-01,baseline_lancement
120481,2020-01-01,baseline_lancement
120482,2020-01-01,baseline_lancement
120483,2020-01-01,baseline_lancement
120485,2020-01-01,baseline_lancement
120486,2020-01-01,baseline_lancement
120488,2020-01-01,baseline_lancement
120489,2020-01-01,baseline_lancement
120491,2020-01-01,baseline_lancement
120492,2020-01-01,baseline_lancement
120493,2020-01-01,baseline_lancement
120494,2020-01-01,baseline_lancement
120495,2020-01-01,baseline_lancement
120496,2020-01-01,baseline_lancement
120497,2020-01-01,baseline_lancement
120498,2020-01-01,baseline_lancement
120499,2020-01-01,baseline_lancement
120500,2020-01-01,baseline_lancement
120501,2026-08-18,git_reconstruit
120502,2020-01-01,baseline_lancement
120503,2020-01-01,baseline_lancement
120506,2020-01-01,baseline_lancement
120507,2020-01-01,baseline_lancement
120510,2020-01-01,baseline_lancement
120511,2020-01-01,baseline_lancement
120512,2026-08-18,git_reconstruit
120515,2020-01-01,baseline_lancement
120516,2020-01-01,baseline_lancement
120517,2020-01-01,baseline_lancement
120518,2020-01-01,baseline_lancement
120519,2020-01-01,baseline_lancement
120520,2020-01-01,baseline_lancement
120523,2020-01-01,baseline_lancement
120526,2020-01-01,baseline_lancement
120527,2020-01-01,baseline_lancement
120528,2020-01-01,baseline_lancement
120529,2020-01-01,baseline_lancement
120530,2020-01-01,baseline_lancement
120531,2020-01-01,baseline_lancement
120532,2020-01-01,baseline_lancement
120534,2020-01-01,baseline_lancement
120535,2020-01-01,baseline_lancement
120536,2020-01-01,baseline_lancement
120538,2020-01-01,baseline_lancement
120540,2020-01-01,baseline_lancement
120541,2020-01-01,baseline_lancement
120542,2020-01-01,baseline_lancement
120543,2020-01-01,baseline_lancement
120545,2020-01-01,baseline_lancement
120546,2020-01-01,baseline_lancement
120547,2020-01-01,baseline_lancement
120548,2020-01-01,baseline_lancement
120549,2020-01-01,baseline_lancement
120550,2020-01-01,baseline_lancement
120551,2020-01-01,baseline_lancement
120552,2020-01-01,baseline_lancement
120553,2020-01-01,baseline_lancement
120554,2020-01-01,baseline_lancement
120555,2020-01-01,baseline_lancement
120556,2020-01-01,baseline_lancement
120557,2020-01-01,baseline_lancement
120558,2020-01-01,baseline_lancement
120559,2020-01-01,baseline_lancement
120560,2020-01-01,baseline_lancement
120561,2020-01-01,baseline_lancement
120562,2020-01-01,baseline_lancement
120563,2020-01-01,baseline_lancement
120565,2020-01-01,baseline_lancement
120566,2020-01-01,baseline_lancement
120567,2020-01-01,baseline_lancement
120568,2020-01-01,baseline_lancement
120570,2020-01-01,baseline_lancement
120571,2020-01-01,baseline_lancement
120572,2020-01-01,baseline_lancement
120573,2020-01-01,baseline_lancement
120575,2020-01-01,baseline_lancement
120576,2020-01-01,baseline_lancement
120578,2020-01-01,baseline_lancement
120579,2020-01-01,baseline_lancement
120580,2020-01-01,baseline_lancement
120581,2020-01-01,baseline_lancement
120582,2020-01-01,baseline_lancement
120584,2020-01-01,baseline_lancement
120585,2020-01-01,baseline_lancement
120586,2020-01-01,baseline_lancement
120588,2020-01-01,baseline_lancement
120590,2020-01-01,baseline_lancement
120593,2020-01-01,baseline_lancement
120594,2020-01-01,baseline_lancement
120595,2020-01-01,baseline_lancement
120596,2020-01-01,baseline_lancement
120597,2020-01-01,baseline_lancement
120598,2026-08-18,git_reconstruit
120599,2020-01-01,baseline_lancement
120601,2020-01-01,baseline_lancement
120602,2020-01-01,baseline_lancement
120603,2020-01-01,baseline_lancement
120605,2020-01-01,baseline_lancement
120606,2020-01-01,baseline_lancement
120607,2020-01-01,baseline_lancement
120608,2020-01-01,baseline_lancement
120609,2020-01-01,baseline_lancement
120610,2020-01-01,baseline_lancement
120611,2020-01-01,baseline_lancement
120612,2020-01-01,baseline_lancement
120615,2020-01-01,baseline_lancement
120616,2026-08-18,git_reconstruit
120618,2020-01-01,baseline_lancement
120619,2020-01-01,baseline_lancement
120622,2020-01-01,baseline_lancement
120623,2020-01-01,baseline_lancement
120624,2020-01-01,baseline_lancement
120625,2020-01-01,baseline_lancement
120626,2020-01-01,baseline_lancement
120628,2020-01-01,baseline_lancement
120629,2020-01-01,baseline_lancement
120630,2020-01-01,baseline_lancement
120631,2020-01-01,baseline_lancement
120632,2020-01-01,baseline_lancement
120637,2020-01-01,baseline_lancement
120638,2020-01-01,baseline_lancement
120639,2020-01-01,baseline_lancement
120640,2020-01-01,baseline_lancement
120641,2020-01-01,baseline_lancement
120642,2020-01-01,baseline_lancement
120644,2020-01-01,baseline_lancement
120646,2020-01-01,baseline_lancement
120647,2020-01-01,baseline_lancement
120648,2020-01-01,baseline_lancement
120649,2020-01-01,baseline_lancement
120650,2020-01-01,baseline_lancement
120651,2020-01-01,baseline_lancement
120652,2020-01-01,baseline_lancement
120655,2020-01-01,baseline_lancement
120656,2020-01-01,baseline_lancement
120657,2020-01-01,baseline_lancement
120658,2020-01-01,baseline_lancement
120659,2020-01-01,baseline_lancement
120660,2020-01-01,baseline_lancement
120661,2020-01-01,baseline_lancement
120662,2020-01-01,baseline_lancement
120663,2020-01-01,baseline_lancement
120664,2020-01-01,baseline_lancement
120666,2020-01-01,baseline_lancement
120667,2020-01-01,baseline_lancement
120668,2020-01-01,baseline_lancement
120669,2020-01-01,baseline_lancement
120670,2020-01-01,baseline_lancement
120671,2020-01-01,baseline_lancement
120672,2020-01-01,baseline_lancement
120673,2020-01-01,baseline_lancement
120674,2020-01-01,baseline_lancement
120675,2020-01-01,baseline_lancement
120676,2020-01-01,baseline_lancement
120677,2020-01-01,baseline_lancement
120678,2020-01-01,baseline_lancement
120679,2020-01-01,baseline_lancement
120680,2020-01-01,baseline_lancement
120683,2020-01-01,baseline_lancement
120684,2020-01-01,baseline_lancement
120685,2020-01-01,baseline_lancement
120687,2020-01-01,baseline_lancement
120688,2020-01-01,baseline_lancement
120689,2020-01-01,baseline_lancement
120690,2020-01-01,baseline_lancement
120691,2020-01-01,baseline_lancement
120693,2020-01-01,baseline_lancement
120695,2020-01-01,baseline_lancement
120696,2020-01-01,baseline_lancement
120697,2020-01-01,baseline_lancement
120698,2020-01-01,baseline_lancement
120701,2020-01-01,baseline_lancement
120704,2020-01-01,baseline_lancement
120706,2020-01-01,baseline_lancement
120707,2020-01-01,baseline_lancement
120708,2020-01-01,baseline_lancement
120709,2020-01-01,baseline_lancement
120714,2020-01-01,baseline_lancement
120715,2020-01-01,baseline_lancement
120717,2020-01-01,baseline_lancement
120718,2020-01-01,baseline_lancement
120719,2020-01-01,baseline_lancement
120720,2020-01-01,baseline_lancement
120721,2020-01-01,baseline_lancement
120723,2020-01-01,baseline_lancement
120725,2020-01-01,baseline_lancement
120727,2020-01-01,baseline_lancement
120728,2020-01-01,baseline_lancement
120729,2020-01-01,baseline_lancement
120730,2020-01-01,baseline_lancement
120731,2020-01-01,baseline_lancement
120740,2020-01-01,baseline_lancement
120743,2020-01-01,baseline_lancement
120744,2020-01-01,baseline_lancement
120746,2020-01-01,baseline_lancement
120747,2020-01-01,baseline_lancement
120749,2020-01-01,baseline_lancement
120750,2020-01-01,baseline_lancement
120752,2020-01-01,baseline_lancement
120753,2020-01-01,baseline_lancement
120755,2020-01-01,baseline_lancement
12116,2020-01-01,baseline_lancement
12124,2020-01-01,baseline_lancement
12212,2020-01-01,baseline_lancement
12312,2020-01-01,baseline_lancement
12314,2020-01-01,baseline_lancement
12316,2020-01-01,baseline_lancement
12320,2020-01-01,baseline_lancement
127,2020-01-01,baseline_lancement
12708,2020-01-01,baseline_lancement
12710,2020-01-01,baseline_lancement
12712,2020-01-01,baseline_lancement
12714,2020-01-01,baseline_lancement
1328,2020-01-01,baseline_lancement
133.3592,2020-01-01,baseline_lancement
133.3598,2020-01-01,baseline_lancement
134.5183,2020-01-01,baseline_lancement
1348,2020-01-01,baseline_lancement
1356,2020-01-01,baseline_lancement
140111,2020-01-01,baseline_lancement
140117,2020-01-01,baseline_lancement
150,2020-01-01,baseline_lancement
153.1450,2020-01-01,baseline_lancement
153.1452,2020-01-01,baseline_lancement
153.1478,2020-01-01,baseline_lancement
15348_B,2020-01-01,baseline_lancement
15406,2020-01-01,baseline_lancement
15426_1,2020-01-01,baseline_lancement
1552,2020-01-01,baseline_lancement
15569,2020-01-01,baseline_lancement
15569L_1,2020-01-01,baseline_lancement
15570_1,2020-01-01,baseline_lancement
15571,2020-01-01,baseline_lancement
15577_1,2026-08-18,git_reconstruit
15581,2020-01-01,baseline_lancement
15581_1,2020-01-01,baseline_lancement
15585_1,2020-01-01,baseline_lancement
15591,2020-01-01,baseline_lancement
15626A,2020-01-01,baseline_lancement
15626D,2020-01-01,baseline_lancement
15631A_1,2020-01-01,baseline_lancement
15657_DMC,2020-01-01,baseline_lancement
156612,2020-01-01,baseline_lancement
15678,2020-01-01,baseline_lancement
15680,2020-01-01,baseline_lancement
15681L_1,2020-01-01,baseline_lancement
15689,2020-01-01,baseline_lancement
15689_1,2026-08-18,git_reconstruit
15691_1,2020-01-01,baseline_lancement
15693_22,2020-01-01,baseline_lancement
15694_22,2020-01-01,baseline_lancement
15696_22,2020-01-01,baseline_lancement
15701,2020-01-01,baseline_lancement
15704,2020-01-01,baseline_lancement
15708C_1,2020-01-01,baseline_lancement
15708D_1,2020-01-01,baseline_lancement
15716D_1,2020-01-01,baseline_lancement
15727_22,2020-01-01,baseline_lancement
15728_22,2020-01-01,baseline_lancement
15729_22,2020-01-01,baseline_lancement
15732_DMC,2020-01-01,baseline_lancement
15733_DMC,2020-01-01,baseline_lancement
15735L_F22,2020-01-01,baseline_lancement
15736_22,2020-01-01,baseline_lancement
15737_22,2020-01-01,baseline_lancement
15738_22,2020-01-01,baseline_lancement
15742A_1,2020-01-01,baseline_lancement
15742B_1,2020-01-01,baseline_lancement
15742C_1,2020-01-01,baseline_lancement
15742D_1,2020-01-01,baseline_lancement
15743C_1,2020-01-01,baseline_lancement
15743D,2020-01-01,baseline_lancement
15744B_1,2020-01-01,baseline_lancement
15744C_1,2020-01-01,baseline_lancement
15744_1,2020-01-01,baseline_lancement
15747B_1,2020-01-01,baseline_lancement
15748B_22,2020-01-01,baseline_lancement
15754_1,2020-01-01,baseline_lancement
15756_1,2020-01-01,baseline_lancement
15761A_1,2020-01-01,baseline_lancement
15761B_1,2020-01-01,baseline_lancement
15761C_1,2020-01-01,baseline_lancement
15762C_1,2020-01-01,baseline_lancement
15762D_1,2020-01-01,baseline_lancement
15770_1,2026-08-18,git_reconstruit
15771_1,2020-01-01,baseline_lancement
15772_22,2020-01-01,baseline_lancement
15773_22,2020-01-01,baseline_lancement
15774_22,2020-01-01,baseline_lancement
15775_22,2020-01-01,baseline_lancement
15776_22,2020-01-01,baseline_lancement
15777_22,2020-01-01,baseline_lancement
15803_1,2020-01-01,baseline_lancement
15810_1,2020-01-01,baseline_lancement
15811_1,2020-01-01,baseline_lancement
15814_1,2020-01-01,baseline_lancement
15823_1,2020-01-01,baseline_lancement
15824_1,2020-01-01,baseline_lancement
15825_1,2020-01-01,baseline_lancement
15826_1,2020-01-01,baseline_lancement
15830_1,2020-01-01,baseline_lancement
15847_1,2020-01-01,baseline_lancement
15849_1,2020-01-01,baseline_lancement
15851_1,2020-01-01,baseline_lancement
15865_1,2020-01-01,baseline_lancement
15866_1,2026-08-18,git_reconstruit
15872_22,2020-01-01,baseline_lancement
15873_22,2020-01-01,baseline_lancement
15874_22,2020-01-01,baseline_lancement
15875_1,2020-01-01,baseline_lancement
15876_1,2020-01-01,baseline_lancement
15883_1,2026-08-18,git_reconstruit
15890_1,2020-01-01,baseline_lancement
15892_22,2020-01-01,baseline_lancement
15893_1,2020-01-01,baseline_lancement
15895_1,2020-01-01,baseline_lancement
15896_1,2020-01-01,baseline_lancement
15905_1,2026-08-18,git_reconstruit
15911_1,2020-01-01,baseline_lancement
15918_1,2020-01-01,baseline_lancement
15921_1,2020-01-01,baseline_lancement
15929_1,2020-01-01,baseline_lancement
15930_1,2026-08-18,git_reconstruit
15931_1,2026-08-18,git_reconstruit
15933_1,2020-01-01,baseline_lancement
15934_1,2020-01-01,baseline_lancement
1595_15MM,2020-01-01,baseline_lancement
16.2926.6,2020-01-01,baseline_lancement
16.2938.9,2020-01-01,baseline_lancement
1636_16,2020-01-01,baseline_lancement
167205,2020-01-01,baseline_lancement
167243,2020-01-01,baseline_lancement
17002_22,2020-01-01,baseline_lancement
17003_22,2020-01-01,baseline_lancement
1763_1,2020-01-01,baseline_lancement
1765,2020-01-01,baseline_lancement
18045,2020-01-01,baseline_lancement
18046,2020-01-01,baseline_lancement
18047,2020-01-01,baseline_lancement
18048,2020-01-01,baseline_lancement
18049,2020-01-01,baseline_lancement
18050,2020-01-01,baseline_lancement
1806,2020-01-01,baseline_lancement
18095,2020-01-01,baseline_lancement
18099,2020-01-01,baseline_lancement
1818,2020-01-01,baseline_lancement
18198,2020-01-01,baseline_lancement
1820_02,2020-01-01,baseline_lancement
1822_5,2020-01-01,baseline_lancement
18247,2020-01-01,baseline_lancement
18248,2020-01-01,baseline_lancement
18249,2020-01-01,baseline_lancement
1828,2020-01-01,baseline_lancement
186592,2020-01-01,baseline_lancement
187384,2020-01-01,baseline_lancement
18995.55.92,2020-01-01,baseline_lancement
1952,2020-01-01,baseline_lancement
19598,2020-01-01,baseline_lancement
19649,2020-01-01,baseline_lancement
1969.5019,2020-01-01,baseline_lancement
1969.5020,2020-01-01,baseline_lancement
19746,2020-01-01,baseline_lancement
19747,2020-01-01,baseline_lancement
19898,2020-01-01,baseline_lancement
19948,2020-01-01,baseline_lancement
20006-02,2020-01-01,baseline_lancement
20007-02,2020-01-01,baseline_lancement
20034-02,2020-01-01,baseline_lancement
20035-02,2020-01-01,baseline_lancement
20037-02,2020-01-01,baseline_lancement
20043-01,2020-01-01,baseline_lancement
20043-02,2020-01-01,baseline_lancement
20047-01,2020-01-01,baseline_lancement
20048-02,2020-01-01,baseline_lancement
20050-01,2020-01-01,baseline_lancement
20050-02,2020-01-01,baseline_lancement
20055-01,2020-01-01,baseline_lancement
20056-02,2020-01-01,baseline_lancement
20057-02,2020-01-01,baseline_lancement
202B,2020-01-01,baseline_lancement
2045708,2020-01-01,baseline_lancement
210816,2020-01-01,baseline_lancement
210826,2020-01-01,baseline_lancement
210829,2020-01-01,baseline_lancement
210841,2020-01-01,baseline_lancement
2171129,2020-01-01,baseline_lancement
2183104,2020-01-01,baseline_lancement
2183105,2020-01-01,baseline_lancement
2189018,2020-01-01,baseline_lancement
2189029,2020-01-01,baseline_lancement
21Q8040D,2020-01-01,baseline_lancement
220,2020-01-01,baseline_lancement
220299001,2020-01-01,baseline_lancement
220859001,2020-01-01,baseline_lancement
221,2020-01-01,baseline_lancement
222,2020-01-01,baseline_lancement
22291,2020-01-01,baseline_lancement
223,2020-01-01,baseline_lancement
2239021,2020-01-01,baseline_lancement
22399,2020-01-01,baseline_lancement
226883,2020-01-01,baseline_lancement
226906,2020-01-01,baseline_lancement
2286902,2020-01-01,baseline_lancement
2287148,2020-01-01,baseline_lancement
23057,2020-01-01,baseline_lancement
23058,2020-01-01,baseline_lancement
23069,2020-01-01,baseline_lancement
23090,2020-01-01,baseline_lancement
231559001,2020-01-01,baseline_lancement
231599001,2020-01-01,baseline_lancement
232,2020-01-01,baseline_lancement
2344475,2020-01-01,baseline_lancement
236790,2020-01-01,baseline_lancement
236806,2020-01-01,baseline_lancement
236813,2020-01-01,baseline_lancement
236868,2020-01-01,baseline_lancement
236875,2020-01-01,baseline_lancement
23904,2020-01-01,baseline_lancement
24214,2020-01-01,baseline_lancement
24318,2020-01-01,baseline_lancement
24360,2020-01-01,baseline_lancement
250091,2020-01-01,baseline_lancement
2504,2020-01-01,baseline_lancement
2505,2020-01-01,baseline_lancement
2511419,2020-01-01,baseline_lancement
2511423,2020-01-01,baseline_lancement
2511429,2020-01-01,baseline_lancement
25122,2020-01-01,baseline_lancement
25158.03,2020-01-01,baseline_lancement
25197.07,2020-01-01,baseline_lancement
25197.15,2020-01-01,baseline_lancement
25197.25,2020-01-01,baseline_lancement
25197.38,2020-01-01,baseline_lancement
25279.10,2020-01-01,baseline_lancement
25280.03,2020-01-01,baseline_lancement
25280.05,2020-01-01,baseline_lancement
25281.04,2020-01-01,baseline_lancement
253.MET.ZOO,2020-01-01,baseline_lancement
25716,2020-01-01,baseline_lancement
25721,2020-01-01,baseline_lancement
25723,2020-01-01,baseline_lancement
25724,2020-01-01,baseline_lancement
25726,2020-01-01,baseline_lancement
25732,2020-01-01,baseline_lancement
25821,2020-01-01,baseline_lancement
2591,2020-01-01,baseline_lancement
2600051,2020-01-01,baseline_lancement
260023_S,2020-01-01,baseline_lancement
260026_S,2020-01-01,baseline_lancement
260027_S,2020-01-01,baseline_lancement
260032,2020-01-01,baseline_lancement
260033_S,2020-01-01,baseline_lancement
260036_S,2020-01-01,baseline_lancement
260037_S,2020-01-01,baseline_lancement
260038,2020-01-01,baseline_lancement
260039,2020-01-01,baseline_lancement
260040,2020-01-01,baseline_lancement
260041,2020-01-01,baseline_lancement
260042,2020-01-01,baseline_lancement
260043,2020-01-01,baseline_lancement
260044_S,2020-01-01,baseline_lancement
260045_S,2020-01-01,baseline_lancement
260046_S,2020-01-01,baseline_lancement
260047_S,2020-01-01,baseline_lancement
260048,2020-01-01,baseline_lancement
260049,2020-01-01,baseline_lancement
260050,2020-01-01,baseline_lancement
26098,2020-01-01,baseline_lancement
26192,2020-01-01,baseline_lancement
26598,2020-01-01,baseline_lancement
26661,2020-01-01,baseline_lancement
26703,2020-01-01,baseline_lancement
26707,2020-01-01,baseline_lancement
269,2020-01-01,baseline_lancement
27122,2020-01-01,baseline_lancement
27125,2020-01-01,baseline_lancement
27129,2020-01-01,baseline_lancement
27132,2020-01-01,baseline_lancement
27134,2020-01-01,baseline_lancement
27142,2020-01-01,baseline_lancement
27143,2020-01-01,baseline_lancement
2744_50,2020-01-01,baseline_lancement
2812151,2020-01-01,baseline_lancement
2823,2020-01-01,baseline_lancement
300.84,2020-01-01,baseline_lancement
307427,2020-01-01,baseline_lancement
310184,2020-01-01,baseline_lancement
310793,2020-01-01,baseline_lancement
311066,2020-01-01,baseline_lancement
320,2020-01-01,baseline_lancement
320005,2020-01-01,baseline_lancement
320006,2020-01-01,baseline_lancement
320006_S,2020-01-01,baseline_lancement
320010,2020-01-01,baseline_lancement
320011,2020-01-01,baseline_lancement
320012,2020-01-01,baseline_lancement
320013,2020-01-01,baseline_lancement
320026,2020-01-01,baseline_lancement
320028,2020-01-01,baseline_lancement
320029,2020-01-01,baseline_lancement
320030,2020-01-01,baseline_lancement
320031,2020-01-01,baseline_lancement
320032,2020-01-01,baseline_lancement
320033,2020-01-01,baseline_lancement
320034,2020-01-01,baseline_lancement
320035,2020-01-01,baseline_lancement
320036,2020-01-01,baseline_lancement
320037,2020-01-01,baseline_lancement
320311,2020-01-01,baseline_lancement
3209366,2020-01-01,baseline_lancement
321,2020-01-01,baseline_lancement
321051,2020-01-01,baseline_lancement
321052,2020-01-01,baseline_lancement
321053,2020-01-01,baseline_lancement
321063,2020-01-01,baseline_lancement
321073,2020-01-01,baseline_lancement
321074,2020-01-01,baseline_lancement
321075,2020-01-01,baseline_lancement
321076,2020-01-01,baseline_lancement
321079,2020-01-01,baseline_lancement
321080,2020-01-01,baseline_lancement
322,2020-01-01,baseline_lancement
323,2020-01-01,baseline_lancement
3399_20,2020-01-01,baseline_lancement
3399_38,2020-01-01,baseline_lancement
34.4378.1,2020-01-01,baseline_lancement
35,2020-01-01,baseline_lancement
350032_15,2020-01-01,baseline_lancement
350032_23,2020-01-01,baseline_lancement
350032_38,2020-01-01,baseline_lancement
350032_9,2020-01-01,baseline_lancement
35284,2020-01-01,baseline_lancement
35285,2020-01-01,baseline_lancement
35286,2020-01-01,baseline_lancement
35642,2020-01-01,baseline_lancement
3680066,2020-01-01,baseline_lancement
38005,2020-01-01,baseline_lancement
38009,2020-01-01,baseline_lancement
38018.001,2020-01-01,baseline_lancement
38114.80.15,2020-01-01,baseline_lancement
38200.15.01,2020-01-01,baseline_lancement
38201.15.03,2020-01-01,baseline_lancement
38201.22.01,2020-01-01,baseline_lancement
383200.002,2020-01-01,baseline_lancement
383200.003,2020-01-01,baseline_lancement
383200.005,2020-01-01,baseline_lancement
383335.001,2020-01-01,baseline_lancement
383335.002,2020-01-01,baseline_lancement
383359.001,2020-01-01,baseline_lancement
383359.003,2020-01-01,baseline_lancement
3849979,2020-01-01,baseline_lancement
3872,2020-01-01,baseline_lancement
3872T,2020-01-01,baseline_lancement
3888,2020-01-01,baseline_lancement
389004,2020-01-01,baseline_lancement
390007,2020-01-01,baseline_lancement
390009_15,2020-01-01,baseline_lancement
390009_20,2020-01-01,baseline_lancement
390009_25,2020-01-01,baseline_lancement
390009_30,2020-01-01,baseline_lancement
390009_50,2020-01-01,baseline_lancement
390740,2020-01-01,baseline_lancement
393030,2020-01-01,baseline_lancement
393060,2020-01-01,baseline_lancement
393080,2020-01-01,baseline_lancement
393081,2020-01-01,baseline_lancement
393950,2020-01-01,baseline_lancement
400023.010,2020-01-01,baseline_lancement
400027.011,2020-01-01,baseline_lancement
4018_2,2020-01-01,baseline_lancement
403160,2020-01-01,baseline_lancement
4049,2020-01-01,baseline_lancement
405,2020-01-01,baseline_lancement
410,2020-01-01,baseline_lancement
410552,2020-01-01,baseline_lancement
4173320,2020-01-01,baseline_lancement
420,2020-01-01,baseline_lancement
420001,2020-01-01,baseline_lancement
420003,2020-01-01,baseline_lancement
420004,2020-01-01,baseline_lancement
420008,2020-01-01,baseline_lancement
420009,2020-01-01,baseline_lancement
420010,2020-01-01,baseline_lancement
420011,2020-01-01,baseline_lancement
420013,2020-01-01,baseline_lancement
420014,2020-01-01,baseline_lancement
420016,2020-01-01,baseline_lancement
420017,2020-01-01,baseline_lancement
420021,2020-01-01,baseline_lancement
420022,2020-01-01,baseline_lancement
420023,2020-01-01,baseline_lancement
420024,2020-01-01,baseline_lancement
420026,2020-01-01,baseline_lancement
420031,2020-01-01,baseline_lancement
420033,2020-01-01,baseline_lancement
420035,2020-01-01,baseline_lancement
420037,2020-01-01,baseline_lancement
420042,2020-01-01,baseline_lancement
420045,2020-01-01,baseline_lancement
420046,2020-01-01,baseline_lancement
420050,2020-01-01,baseline_lancement
420058,2020-01-01,baseline_lancement
420059,2020-01-01,baseline_lancement
420066,2020-01-01,baseline_lancement
420067,2020-01-01,baseline_lancement
420068,2020-01-01,baseline_lancement
420069,2020-01-01,baseline_lancement
420380,2020-01-01,baseline_lancement
420682,2020-01-01,baseline_lancement
420683,2020-01-01,baseline_lancement
420684,2020-01-01,baseline_lancement
420685,2020-01-01,baseline_lancement
420686,2020-01-01,baseline_lancement
420687,2020-01-01,baseline_lancement
420689,2020-01-01,baseline_lancement
420691,2020-01-01,baseline_lancement
420692,2020-01-01,baseline_lancement
420824,2020-01-01,baseline_lancement
420826,2020-01-01,baseline_lancement
420828,2020-01-01,baseline_lancement
420829,2020-01-01,baseline_lancement
420830,2020-01-01,baseline_lancement
420832,2020-01-01,baseline_lancement
420834,2020-01-01,baseline_lancement
420835,2020-01-01,baseline_lancement
420836,2020-01-01,baseline_lancement
420837,2020-01-01,baseline_lancement
420838,2020-01-01,baseline_lancement
421,2020-01-01,baseline_lancement
4304,2020-01-01,baseline_lancement
43912,2020-01-01,baseline_lancement
4402,2020-01-01,baseline_lancement
442142,2020-01-01,baseline_lancement
442143,2020-01-01,baseline_lancement
442144,2020-01-01,baseline_lancement
442145,2020-01-01,baseline_lancement
442146,2020-01-01,baseline_lancement
4434,2020-01-01,baseline_lancement
4441,2020-01-01,baseline_lancement
4457,2020-01-01,baseline_lancement
4587,2020-01-01,baseline_lancement
460000,2020-01-01,baseline_lancement
460001,2020-01-01,baseline_lancement
460002,2020-01-01,baseline_lancement
460003,2020-01-01,baseline_lancement
460004,2020-01-01,baseline_lancement
460005,2020-01-01,baseline_lancement
460006,2020-01-01,baseline_lancement
460008,2020-01-01,baseline_lancement
460009,2026-08-31,git_reconstruit
460268,2020-01-01,baseline_lancement
463496,2020-01-01,baseline_lancement
468,2020-01-01,baseline_lancement
46898,2020-01-01,baseline_lancement
470.15,2020-01-01,baseline_lancement
4731.1.5,2020-01-01,baseline_lancement
4731.1.5.02,2020-01-01,baseline_lancement
4731.2.3,2020-01-01,baseline_lancement
4731.2.3.02,2020-01-01,baseline_lancement
4731.3,2020-01-01,baseline_lancement
4731.3.02,2020-01-01,baseline_lancement
4752.20,2020-01-01,baseline_lancement
4752.25,2020-01-01,baseline_lancement
4752.25.02,2020-01-01,baseline_lancement
4770.20,2020-01-01,baseline_lancement
4771.30,2020-01-01,baseline_lancement
4771_25,2020-01-01,baseline_lancement
4772.60,2020-01-01,baseline_lancement
4778,2020-01-01,baseline_lancement
4800.12,2020-01-01,baseline_lancement
4800.14,2020-01-01,baseline_lancement
4800.16,2020-01-01,baseline_lancement
480001,2020-01-01,baseline_lancement
480002,2020-01-01,baseline_lancement
480008,2020-01-01,baseline_lancement
480010,2020-01-01,baseline_lancement
480012,2020-01-01,baseline_lancement
480015,2020-01-01,baseline_lancement
480018,2020-01-01,baseline_lancement
480025,2020-01-01,baseline_lancement
480031,2020-01-01,baseline_lancement
480032,2020-01-01,baseline_lancement
480036,2020-01-01,baseline_lancement
480037,2020-01-01,baseline_lancement
480041,2020-01-01,baseline_lancement
480042,2020-01-01,baseline_lancement
480043,2020-01-01,baseline_lancement
480045,2020-01-01,baseline_lancement
480046,2020-01-01,baseline_lancement
480048,2020-01-01,baseline_lancement
480051,2020-01-01,baseline_lancement
480055,2020-01-01,baseline_lancement
480056,2020-01-01,baseline_lancement
480057,2020-01-01,baseline_lancement
480060,2020-01-01,baseline_lancement
480062,2020-01-01,baseline_lancement
480063,2020-01-01,baseline_lancement
480064,2020-01-01,baseline_lancement
480065,2020-01-01,baseline_lancement
480259,2020-01-01,baseline_lancement
480842,2020-01-01,baseline_lancement
480844,2020-01-01,baseline_lancement
4839,2020-01-01,baseline_lancement
4877,2020-01-01,baseline_lancement
4877497,2020-01-01,baseline_lancement
4919,2020-01-01,baseline_lancement
500010.015,2020-01-01,baseline_lancement
5000439,2020-01-01,baseline_lancement
500807,2020-01-01,baseline_lancement
500808,2020-01-01,baseline_lancement
500810,2020-01-01,baseline_lancement
500811,2020-01-01,baseline_lancement
5010_50,2020-01-01,baseline_lancement
5020_50,2020-01-01,baseline_lancement
5021,2020-01-01,baseline_lancement
50272,2020-01-01,baseline_lancement
50272D,2020-01-01,baseline_lancement
50273,2020-01-01,baseline_lancement
503,2020-01-01,baseline_lancement
5039,2020-01-01,baseline_lancement
504,2020-01-01,baseline_lancement
50406,2020-01-01,baseline_lancement
50408D,2020-01-01,baseline_lancement
50410,2020-01-01,baseline_lancement
50410D,2020-01-01,baseline_lancement
50412,2020-01-01,baseline_lancement
50412D,2020-01-01,baseline_lancement
50414,2020-01-01,baseline_lancement
50414D,2020-01-01,baseline_lancement
504389,2020-01-01,baseline_lancement
508.8822,2020-01-01,baseline_lancement
509.212,2020-01-01,baseline_lancement
509.8822,2020-01-01,baseline_lancement
510,2020-01-01,baseline_lancement
510045,2020-01-01,baseline_lancement
510107,2020-01-01,baseline_lancement
5310_35,2020-01-01,baseline_lancement
5310_40,2020-01-01,baseline_lancement
5310_50,2020-01-01,baseline_lancement
5310_60,2020-01-01,baseline_lancement
542486,2020-01-01,baseline_lancement
542487,2020-01-01,baseline_lancement
5442_50,2026-08-18,git_reconstruit
545901,2020-01-01,baseline_lancement
545902,2020-01-01,baseline_lancement
5500,2020-01-01,baseline_lancement
560028,2020-01-01,baseline_lancement
560072,2020-01-01,baseline_lancement
560073,2020-01-01,baseline_lancement
560074,2020-01-01,baseline_lancement
560077_U,2020-01-01,baseline_lancement
560078_U,2020-01-01,baseline_lancement
560080,2020-01-01,baseline_lancement
560080_U,2020-01-01,baseline_lancement
560081,2020-01-01,baseline_lancement
560082,2020-01-01,baseline_lancement
560083,2020-01-01,baseline_lancement
560084,2020-01-01,baseline_lancement
560087,2020-01-01,baseline_lancement
560088,2020-01-01,baseline_lancement
560089,2020-01-01,baseline_lancement
560090,2020-01-01,baseline_lancement
560091,2020-01-01,baseline_lancement
560093,2020-01-01,baseline_lancement
560094,2020-01-01,baseline_lancement
560095,2020-01-01,baseline_lancement
560096,2020-01-01,baseline_lancement
560097,2020-01-01,baseline_lancement
560098,2020-01-01,baseline_lancement
560099,2020-01-01,baseline_lancement
560100,2020-01-01,baseline_lancement
560103,2020-01-01,baseline_lancement
560104,2020-01-01,baseline_lancement
560105,2020-01-01,baseline_lancement
560109,2020-01-01,baseline_lancement
560111,2020-01-01,baseline_lancement
560112,2020-01-01,baseline_lancement
560113,2020-01-01,baseline_lancement
560114,2020-01-01,baseline_lancement
560115,2020-01-01,baseline_lancement
560117,2020-01-01,baseline_lancement
560118,2020-01-01,baseline_lancement
560119,2020-01-01,baseline_lancement
560120,2020-01-01,baseline_lancement
560124,2020-01-01,baseline_lancement
560125,2020-01-01,baseline_lancement
560128,2020-01-01,baseline_lancement
560129,2020-01-01,baseline_lancement
560131,2020-01-01,baseline_lancement
560132,2020-01-01,baseline_lancement
560135,2020-01-01,baseline_lancement
560136,2020-01-01,baseline_lancement
560137,2020-01-01,baseline_lancement
560138,2020-01-01,baseline_lancement
560139,2020-01-01,baseline_lancement
560140,2020-01-01,baseline_lancement
560141,2020-01-01,baseline_lancement
560142,2020-01-01,baseline_lancement
560144,2020-01-01,baseline_lancement
560145,2020-01-01,baseline_lancement
560147,2020-01-01,baseline_lancement
560149,2020-01-01,baseline_lancement
560150,2020-01-01,baseline_lancement
560151,2020-01-01,baseline_lancement
560153,2020-01-01,baseline_lancement
560154,2020-01-01,baseline_lancement
560166,2020-01-01,baseline_lancement
560169,2020-01-01,baseline_lancement
560170,2020-01-01,baseline_lancement
560171,2020-01-01,baseline_lancement
560172,2020-01-01,baseline_lancement
560173,2020-01-01,baseline_lancement
560174,2020-01-01,baseline_lancement
560178,2020-01-01,baseline_lancement
560179,2020-01-01,baseline_lancement
560180,2026-08-18,git_reconstruit
560192,2020-01-01,baseline_lancement
560193,2020-01-01,baseline_lancement
560198,2020-01-01,baseline_lancement
5638474,2020-01-01,baseline_lancement
568,2020-01-01,baseline_lancement
57,2020-01-01,baseline_lancement
59106,2020-01-01,baseline_lancement
59106_50,2026-09-08,git_reconstruit
605,2020-01-01,baseline_lancement
610,2020-01-01,baseline_lancement
61010,2020-01-01,baseline_lancement
61015,2020-01-01,baseline_lancement
6101_12,2020-01-01,baseline_lancement
61041,2020-01-01,baseline_lancement
610475,2020-01-01,baseline_lancement
61054,2020-01-01,baseline_lancement
61090,2020-01-01,baseline_lancement
611387,2020-01-01,baseline_lancement
611388,2020-01-01,baseline_lancement
612545,2020-01-01,baseline_lancement
6135L_5,2020-01-01,baseline_lancement
6140,2026-08-18,git_reconstruit
61510,2020-01-01,baseline_lancement
615101,2020-01-01,baseline_lancement
615108,2020-01-01,baseline_lancement
615130,2020-01-01,baseline_lancement
615132,2020-01-01,baseline_lancement
61515,2020-01-01,baseline_lancement
61518,2020-01-01,baseline_lancement
61530,2020-01-01,baseline_lancement
61533,2020-01-01,baseline_lancement
61538,2020-01-01,baseline_lancement
61541,2020-01-01,baseline_lancement
61543,2020-01-01,baseline_lancement
61551,2020-01-01,baseline_lancement
61554,2020-01-01,baseline_lancement
61590,2020-01-01,baseline_lancement
61594,2020-01-01,baseline_lancement
616,2020-01-01,baseline_lancement
61793,2020-01-01,baseline_lancement
61795,2020-01-01,baseline_lancement
621,2020-01-01,baseline_lancement
6216401,2020-01-01,baseline_lancement
622,2020-01-01,baseline_lancement
622.75,2020-01-01,baseline_lancement
6220,2020-01-01,baseline_lancement
6230_40.2,2020-01-01,baseline_lancement
62400,2020-01-01,baseline_lancement
62401,2020-01-01,baseline_lancement
62402,2020-01-01,baseline_lancement
62403,2020-01-01,baseline_lancement
62404,2020-01-01,baseline_lancement
62405,2020-01-01,baseline_lancement
62406,2020-01-01,baseline_lancement
62407,2020-01-01,baseline_lancement
62408,2020-01-01,baseline_lancement
62409,2020-01-01,baseline_lancement
62410,2020-01-01,baseline_lancement
62411,2020-01-01,baseline_lancement
62412,2020-01-01,baseline_lancement
62413,2020-01-01,baseline_lancement
62414,2020-01-01,baseline_lancement
624142,2020-01-01,baseline_lancement
62415,2020-01-01,baseline_lancement
62416,2020-01-01,baseline_lancement
624160,2020-01-01,baseline_lancement
62420,2020-01-01,baseline_lancement
62421,2020-01-01,baseline_lancement
62422,2020-01-01,baseline_lancement
62423,2020-01-01,baseline_lancement
62424,2020-01-01,baseline_lancement
62425,2020-01-01,baseline_lancement
62426,2020-01-01,baseline_lancement
62427,2020-01-01,baseline_lancement
62428,2020-01-01,baseline_lancement
62429,2020-01-01,baseline_lancement
62430,2020-01-01,baseline_lancement
62491,2020-01-01,baseline_lancement
62493,2020-01-01,baseline_lancement
625,2020-01-01,baseline_lancement
62502,2020-01-01,baseline_lancement
62503,2020-01-01,baseline_lancement
62515,2020-01-01,baseline_lancement
62521,2020-01-01,baseline_lancement
62539,2020-01-01,baseline_lancement
62540,2020-01-01,baseline_lancement
62541,2020-01-01,baseline_lancement
62542,2020-01-01,baseline_lancement
62548,2020-01-01,baseline_lancement
62549,2020-01-01,baseline_lancement
6287,2020-01-01,baseline_lancement
6291.20,2020-01-01,baseline_lancement
63,2020-01-01,baseline_lancement
64132,2020-01-01,baseline_lancement
64134,2020-01-01,baseline_lancement
64136,2020-01-01,baseline_lancement
64138,2020-01-01,baseline_lancement
64140,2020-01-01,baseline_lancement
64141,2020-01-01,baseline_lancement
6529,2020-01-01,baseline_lancement
6540,2020-01-01,baseline_lancement
6549,2020-01-01,baseline_lancement
65502,2020-01-01,baseline_lancement
65503,2020-01-01,baseline_lancement
65504,2020-01-01,baseline_lancement
65506,2020-01-01,baseline_lancement
65511,2020-01-01,baseline_lancement
668,2020-01-01,baseline_lancement
669,2020-01-01,baseline_lancement
673115,2020-01-01,baseline_lancement
673116,2020-01-01,baseline_lancement
673126,2020-01-01,baseline_lancement
68008,2020-01-01,baseline_lancement
68009,2020-01-01,baseline_lancement
68010,2020-01-01,baseline_lancement
68011,2020-01-01,baseline_lancement
68012,2020-01-01,baseline_lancement
68013,2020-01-01,baseline_lancement
68014,2020-01-01,baseline_lancement
68015,2020-01-01,baseline_lancement
68108,2020-01-01,baseline_lancement
68109,2020-01-01,baseline_lancement
68113,2020-01-01,baseline_lancement
68114,2020-01-01,baseline_lancement
68115,2020-01-01,baseline_lancement
68161,2020-01-01,baseline_lancement
68162,2020-01-01,baseline_lancement
68165,2020-01-01,baseline_lancement
68166,2020-01-01,baseline_lancement
68167,2020-01-01,baseline_lancement
68170,2020-01-01,baseline_lancement
68210,2020-01-01,baseline_lancement
68211,2020-01-01,baseline_lancement
68213,2020-01-01,baseline_lancement
68214,2020-01-01,baseline_lancement
68216,2020-01-01,baseline_lancement
68217,2020-01-01,baseline_lancement
68218,2020-01-01,baseline_lancement
68219,2020-01-01,baseline_lancement
68220,2020-01-01,baseline_lancement
68222,2020-01-01,baseline_lancement
68224,2020-01-01,baseline_lancement
68236,2020-01-01,baseline_lancement
68238,2020-01-01,baseline_lancement
6824,2020-01-01,baseline_lancement
68240,2020-01-01,baseline_lancement
68244,2020-01-01,baseline_lancement
68257,2020-01-01,baseline_lancement
68258,2020-01-01,baseline_lancement
68260,2020-01-01,baseline_lancement
68270,2020-01-01,baseline_lancement
68271,2020-01-01,baseline_lancement
68274,2020-01-01,baseline_lancement
68293,2020-01-01,baseline_lancement
68300,2020-01-01,baseline_lancement
68301,2020-01-01,baseline_lancement
68302,2020-01-01,baseline_lancement
68303,2020-01-01,baseline_lancement
68304,2020-01-01,baseline_lancement
68305,2020-01-01,baseline_lancement
68306,2020-01-01,baseline_lancement
68307,2020-01-01,baseline_lancement
68308,2020-01-01,baseline_lancement
68309,2020-01-01,baseline_lancement
68310,2020-01-01,baseline_lancement
68311,2020-01-01,baseline_lancement
68312,2020-01-01,baseline_lancement
68313,2020-01-01,baseline_lancement
68314,2020-01-01,baseline_lancement
68315,2020-01-01,baseline_lancement
68316,2020-01-01,baseline_lancement
68317,2020-01-01,baseline_lancement
68318,2020-01-01,baseline_lancement
68319,2020-01-01,baseline_lancement
68320,2020-01-01,baseline_lancement
68321,2020-01-01,baseline_lancement
68322,2020-01-01,baseline_lancement
68323,2020-01-01,baseline_lancement
68510,2020-01-01,baseline_lancement
68511,2020-01-01,baseline_lancement
68512,2020-01-01,baseline_lancement
68513,2020-01-01,baseline_lancement
68514,2020-01-01,baseline_lancement
68909,2020-01-01,baseline_lancement
68910,2020-01-01,baseline_lancement
69108,2020-01-01,baseline_lancement
69109,2020-01-01,baseline_lancement
69110,2020-01-01,baseline_lancement
69111,2020-01-01,baseline_lancement
69112,2020-01-01,baseline_lancement
69113,2020-01-01,baseline_lancement
69114,2020-01-01,baseline_lancement
7004.46.55,2020-01-01,baseline_lancement
7004.46.56,2020-01-01,baseline_lancement
7014.579,2020-01-01,baseline_lancement
7014.580,2020-01-01,baseline_lancement
7014.581,2020-01-01,baseline_lancement
7040.07.33,2020-01-01,baseline_lancement
7091.32.79,2020-01-01,baseline_lancement
7091.32.80,2020-01-01,baseline_lancement
7094.33.17,2020-01-01,baseline_lancement
7094.33.18,2020-01-01,baseline_lancement
7094.44.39,2020-01-01,baseline_lancement
7094.44.43,2020-01-01,baseline_lancement
7094.44.44,2020-01-01,baseline_lancement
7094.44.45,2020-01-01,baseline_lancement
7094.44.49,2020-01-01,baseline_lancement
7094.44.51,2020-01-01,baseline_lancement
7094.44.52,2020-01-01,baseline_lancement
7094.44.83,2020-01-01,baseline_lancement
7094.61.41,2020-01-01,baseline_lancement
7111C,2020-01-01,baseline_lancement
71160,2020-01-01,baseline_lancement
7118_35,2020-01-01,baseline_lancement
71252,2020-01-01,baseline_lancement
71253,2020-01-01,baseline_lancement
71260,2020-01-01,baseline_lancement
7133_24,2020-01-01,baseline_lancement
7134_24,2020-01-01,baseline_lancement
71530,2020-01-01,baseline_lancement
71532,2020-01-01,baseline_lancement
71533,2020-01-01,baseline_lancement
716,2020-01-01,baseline_lancement
71610,2020-01-01,baseline_lancement
71630,2020-01-01,baseline_lancement
71632,2020-01-01,baseline_lancement
71633,2020-01-01,baseline_lancement
71701,2020-01-01,baseline_lancement
71702,2020-01-01,baseline_lancement
71703,2020-01-01,baseline_lancement
71704,2020-01-01,baseline_lancement
71705,2020-01-01,baseline_lancement
71706,2020-01-01,baseline_lancement
71751,2020-01-01,baseline_lancement
71752,2020-01-01,baseline_lancement
71753,2020-01-01,baseline_lancement
71754,2020-01-01,baseline_lancement
71755,2020-01-01,baseline_lancement
71756,2020-01-01,baseline_lancement
71757,2020-01-01,baseline_lancement
71758,2020-01-01,baseline_lancement
71759,2020-01-01,baseline_lancement
71760,2020-01-01,baseline_lancement
71761,2020-01-01,baseline_lancement
71762,2020-01-01,baseline_lancement
71763,2020-01-01,baseline_lancement
71764,2020-01-01,baseline_lancement
71765,2020-01-01,baseline_lancement
71766,2020-01-01,baseline_lancement
71791,2020-01-01,baseline_lancement
71792,2020-01-01,baseline_lancement
71793,2020-01-01,baseline_lancement
71795,2020-01-01,baseline_lancement
718,2020-01-01,baseline_lancement
71906,2020-01-01,baseline_lancement
71908,2020-01-01,baseline_lancement
71910,2020-01-01,baseline_lancement
71912,2020-01-01,baseline_lancement
71913,2020-01-01,baseline_lancement
71915,2020-01-01,baseline_lancement
71920,2020-01-01,baseline_lancement
71922,2020-01-01,baseline_lancement
71923,2020-01-01,baseline_lancement
71930,2020-01-01,baseline_lancement
71932,2020-01-01,baseline_lancement
71943,2020-01-01,baseline_lancement
71944,2020-01-01,baseline_lancement
71945,2020-01-01,baseline_lancement
71946,2020-01-01,baseline_lancement
71950,2020-01-01,baseline_lancement
71953,2020-01-01,baseline_lancement
71960,2020-01-01,baseline_lancement
71963,2020-01-01,baseline_lancement
71990,2020-01-01,baseline_lancement
71991,2020-01-01,baseline_lancement
71992,2020-01-01,baseline_lancement
71993,2020-01-01,baseline_lancement
71996,2020-01-01,baseline_lancement
72092,2020-01-01,baseline_lancement
72093,2020-01-01,baseline_lancement
72094,2020-01-01,baseline_lancement
72099,2020-01-01,baseline_lancement
721,2020-01-01,baseline_lancement
722,2020-01-01,baseline_lancement
7359,2020-01-01,baseline_lancement
743,2020-01-01,baseline_lancement
75385,2020-01-01,baseline_lancement
75389,2020-01-01,baseline_lancement
75391,2020-01-01,baseline_lancement
75404,2020-01-01,baseline_lancement
75409,2020-01-01,baseline_lancement
75483,2020-01-01,baseline_lancement
75484,2020-01-01,baseline_lancement
75486,2020-01-01,baseline_lancement
75495,2020-01-01,baseline_lancement
75499,2020-01-01,baseline_lancement
75715,2020-01-01,baseline_lancement
75716,2020-01-01,baseline_lancement
75722,2020-01-01,baseline_lancement
75723,2020-01-01,baseline_lancement
7617540,2020-01-01,baseline_lancement
762,2020-01-01,baseline_lancement
768,2020-01-01,baseline_lancement
769,2020-01-01,baseline_lancement
770,2020-01-01,baseline_lancement
772,2020-01-01,baseline_lancement
7775,2020-01-01,baseline_lancement
780,2020-01-01,baseline_lancement
78088,2020-01-01,baseline_lancement
7817,2020-01-01,baseline_lancement
7819,2020-01-01,baseline_lancement
78650,2020-01-01,baseline_lancement
78652,2020-01-01,baseline_lancement
79102,2020-01-01,baseline_lancement
79110,2020-01-01,baseline_lancement
79114,2020-01-01,baseline_lancement
79116,2020-01-01,baseline_lancement
79304,2020-01-01,baseline_lancement
79306,2020-01-01,baseline_lancement
79314,2020-01-01,baseline_lancement
79316,2020-01-01,baseline_lancement
79699,2020-01-01,baseline_lancement
79799,2020-01-01,baseline_lancement
8143ASS,2020-01-01,baseline_lancement
81599,2020-01-01,baseline_lancement
816,2020-01-01,baseline_lancement
8167900,2020-01-01,baseline_lancement
81958,2020-01-01,baseline_lancement
81999,2020-01-01,baseline_lancement
82199,2020-01-01,baseline_lancement
826,2020-01-01,baseline_lancement
828,2020-01-01,baseline_lancement
830,2020-01-01,baseline_lancement
8301970,2020-01-01,baseline_lancement
83098,2020-01-01,baseline_lancement
83099,2020-01-01,baseline_lancement
830_40,2020-01-01,baseline_lancement
83150,2020-01-01,baseline_lancement
832,2020-01-01,baseline_lancement
833_40,2020-01-01,baseline_lancement
833_50,2020-01-01,baseline_lancement
834,2020-01-01,baseline_lancement
83499,2020-01-01,baseline_lancement
83599,2020-01-01,baseline_lancement
836,2020-01-01,baseline_lancement
838,2020-01-01,baseline_lancement
83899,2020-01-01,baseline_lancement
83999,2020-01-01,baseline_lancement
84399,2020-01-01,baseline_lancement
84898,2020-01-01,baseline_lancement
84899,2020-01-01,baseline_lancement
84975,2020-01-01,baseline_lancement
8672,2020-01-01,baseline_lancement
870,2020-01-01,baseline_lancement
878,2020-01-01,baseline_lancement
88.4873.5,2020-01-01,baseline_lancement
880,2020-01-01,baseline_lancement
88004,2020-01-01,baseline_lancement
88006,2020-01-01,baseline_lancement
88008,2020-01-01,baseline_lancement
88010,2020-01-01,baseline_lancement
88104,2020-01-01,baseline_lancement
88106,2020-01-01,baseline_lancement
88108,2020-01-01,baseline_lancement
88110,2020-01-01,baseline_lancement
88983,2020-01-01,baseline_lancement
88988,2020-01-01,baseline_lancement
89383,2020-01-01,baseline_lancement
89388,2020-01-01,baseline_lancement
894691,2020-01-01,baseline_lancement
89940,2020-01-01,baseline_lancement
89941,2020-01-01,baseline_lancement
89942,2020-01-01,baseline_lancement
89944,2020-01-01,baseline_lancement
89946,2020-01-01,baseline_lancement
89947,2020-01-01,baseline_lancement
89950,2020-01-01,baseline_lancement
89951,2020-01-01,baseline_lancement
89952,2020-01-01,baseline_lancement
89953,2020-01-01,baseline_lancement
89954,2020-01-01,baseline_lancement
89955,2020-01-01,baseline_lancement
89995,2020-01-01,baseline_lancement
89998,2020-01-01,baseline_lancement
89999,2020-01-01,baseline_lancement
9005BOIS,2020-01-01,baseline_lancement
901011.02.00,2020-01-01,baseline_lancement
901020.02,2020-01-01,baseline_lancement
90106,2020-01-01,baseline_lancement
90108,2020-01-01,baseline_lancement
9023,2020-01-01,baseline_lancement
90405,2020-01-01,baseline_lancement
90408,2020-01-01,baseline_lancement
90410,2020-01-01,baseline_lancement
90430,2020-01-01,baseline_lancement
90432,2020-01-01,baseline_lancement
90436,2020-01-01,baseline_lancement
90438,2020-01-01,baseline_lancement
90440,2020-01-01,baseline_lancement
90442,2020-01-01,baseline_lancement
90445,2020-01-01,baseline_lancement
90447,2020-01-01,baseline_lancement
90448,2020-01-01,baseline_lancement
9045,2020-01-01,baseline_lancement
90460,2020-01-01,baseline_lancement
90501,2020-01-01,baseline_lancement
90502,2020-01-01,baseline_lancement
90503,2020-01-01,baseline_lancement
90573,2020-01-01,baseline_lancement
90578,2020-01-01,baseline_lancement
90650,2020-01-01,baseline_lancement
90655,2020-01-01,baseline_lancement
90683,2020-01-01,baseline_lancement
90688,2020-01-01,baseline_lancement
90761,2020-01-01,baseline_lancement
90762,2020-01-01,baseline_lancement
90763,2020-01-01,baseline_lancement
90794,2020-01-01,baseline_lancement
91010.80.20,2020-01-01,baseline_lancement
91050.00.15,2020-01-01,baseline_lancement
910_20,2020-01-01,baseline_lancement
91340,2020-01-01,baseline_lancement
91341,2020-01-01,baseline_lancement
91342,2020-01-01,baseline_lancement
91343,2020-01-01,baseline_lancement
91350,2020-01-01,baseline_lancement
91351,2020-01-01,baseline_lancement
91354,2020-01-01,baseline_lancement
91355,2020-01-01,baseline_lancement
9136557,2020-01-01,baseline_lancement
9137564,2020-01-01,baseline_lancement
9138571,2020-01-01,baseline_lancement
91399,2020-01-01,baseline_lancement
9141595,2020-01-01,baseline_lancement
91483,2020-01-01,baseline_lancement
91493,2020-01-01,baseline_lancement
91495,2020-01-01,baseline_lancement
91498,2020-01-01,baseline_lancement
91500,2020-01-01,baseline_lancement
9154625,2020-01-01,baseline_lancement
91781,2020-01-01,baseline_lancement
91782,2020-01-01,baseline_lancement
91785,2020-01-01,baseline_lancement
91790,2020-01-01,baseline_lancement
91792,2020-01-01,baseline_lancement
91797,2020-01-01,baseline_lancement
91798,2020-01-01,baseline_lancement
91799,2020-01-01,baseline_lancement
91906,2020-01-01,baseline_lancement
91910,2020-01-01,baseline_lancement
9203.49,2020-01-01,baseline_lancement
920_70,2020-01-01,baseline_lancement
92126,2020-01-01,baseline_lancement
9213.30,2020-01-01,baseline_lancement
92131,2020-01-01,baseline_lancement
92133,2020-01-01,baseline_lancement
92134,2020-01-01,baseline_lancement
92135,2020-01-01,baseline_lancement
92138,2020-01-01,baseline_lancement
92139,2020-01-01,baseline_lancement
92142,2020-01-01,baseline_lancement
922,2020-01-01,baseline_lancement
9235165,2020-01-01,baseline_lancement
92399,2020-01-01,baseline_lancement
9258417,2020-01-01,baseline_lancement
9261431,2020-01-01,baseline_lancement
9287639,2020-01-01,baseline_lancement
9292660,2020-01-01,baseline_lancement
9297752,2020-01-01,baseline_lancement
9297769,2020-01-01,baseline_lancement
930,2020-01-01,baseline_lancement
932,2020-01-01,baseline_lancement
93210,2020-01-01,baseline_lancement
9406117,2020-01-01,baseline_lancement
9408162,2020-01-01,baseline_lancement
94299,2020-01-01,baseline_lancement
9439865,2020-01-01,baseline_lancement
9442974,2020-01-01,baseline_lancement
9460121,2020-01-01,baseline_lancement
9464190,2020-01-01,baseline_lancement
9464206,2020-01-01,baseline_lancement
9484497,2020-01-01,baseline_lancement
9490503,2020-01-01,baseline_lancement
950_70,2020-01-01,baseline_lancement
9510_6,2020-01-01,baseline_lancement
9510_8,2020-01-01,baseline_lancement
9511_15,2020-01-01,baseline_lancement
9511_2,2020-01-01,baseline_lancement
957,2020-01-01,baseline_lancement
95899,2020-01-01,baseline_lancement
96099,2020-01-01,baseline_lancement
96326,2020-01-01,baseline_lancement
96659.02,2020-01-01,baseline_lancement
96668.02,2020-01-01,baseline_lancement
9693425,2020-01-01,baseline_lancement
97195,2020-01-01,baseline_lancement
97199,2020-01-01,baseline_lancement
972,2020-01-01,baseline_lancement
9753531,2020-01-01,baseline_lancement
97617,2020-01-01,baseline_lancement
98254,2020-01-01,baseline_lancement
98260,2020-01-01,baseline_lancement
98288,2020-01-01,baseline_lancement
98314,2020-01-01,baseline_lancement
98371,2020-01-01,baseline_lancement
98372,2020-01-01,baseline_lancement
98376,2020-01-01,baseline_lancement
98380,2020-01-01,baseline_lancement
98384,2020-01-01,baseline_lancement
98385,2020-01-01,baseline_lancement
98388,2020-01-01,baseline_lancement
98389,2020-01-01,baseline_lancement
98390,2020-01-01,baseline_lancement
98391,2020-01-01,baseline_lancement
98392,2020-01-01,baseline_lancement
98405,2020-01-01,baseline_lancement
98406,2020-01-01,baseline_lancement
98410,2020-01-01,baseline_lancement
98412,2020-01-01,baseline_lancement
98414,2020-01-01,baseline_lancement
98416,2020-01-01,baseline_lancement
98417,2020-01-01,baseline_lancement
98419,2020-01-01,baseline_lancement
98421,2020-01-01,baseline_lancement
98422,2020-01-01,baseline_lancement
98423,2020-01-01,baseline_lancement
98424,2020-01-01,baseline_lancement
98471,2020-01-01,baseline_lancement
98473,2020-01-01,baseline_lancement
98483,2020-01-01,baseline_lancement
98484,2020-01-01,baseline_lancement
98485,2020-01-01,baseline_lancement
98486,2020-01-01,baseline_lancement
98491,2020-01-01,baseline_lancement
98494,2020-01-01,baseline_lancement
98497,2020-01-01,baseline_lancement
98511,2020-01-01,baseline_lancement
98512,2020-01-01,baseline_lancement
98514,2020-01-01,baseline_lancement
98516,2020-01-01,baseline_lancement
98519,2020-01-01,baseline_lancement
98521,2020-01-01,baseline_lancement
98523,2020-01-01,baseline_lancement
98525,2020-01-01,baseline_lancement
98529,2020-01-01,baseline_lancement
98532,2020-01-01,baseline_lancement
98534,2020-01-01,baseline_lancement
98536,2020-01-01,baseline_lancement
98543,2020-01-01,baseline_lancement
98544,2020-01-01,baseline_lancement
98548,2020-01-01,baseline_lancement
98550,2020-01-01,baseline_lancement
98552,2020-01-01,baseline_lancement
98578,2020-01-01,baseline_lancement
98582,2020-01-01,baseline_lancement
98590,2020-01-01,baseline_lancement
98592,2020-01-01,baseline_lancement
98596,2020-01-01,baseline_lancement
98599,2020-01-01,baseline_lancement
98613,2020-01-01,baseline_lancement
98622,2020-01-01,baseline_lancement
98623,2020-01-01,baseline_lancement
98624,2020-01-01,baseline_lancement
98634,2020-01-01,baseline_lancement
98635,2020-01-01,baseline_lancement
98636,2020-01-01,baseline_lancement
98637,2020-01-01,baseline_lancement
98648,2020-01-01,baseline_lancement
98651,2020-01-01,baseline_lancement
98735,2020-01-01,baseline_lancement
98736,2020-01-01,baseline_lancement
98761,2020-01-01,baseline_lancement
98766,2020-01-01,baseline_lancement
98780,2020-01-01,baseline_lancement
98823,2020-01-01,baseline_lancement
98832,2020-01-01,baseline_lancement
98833,2020-01-01,baseline_lancement
98834,2020-01-01,baseline_lancement
98835,2020-01-01,baseline_lancement
98840,2020-01-01,baseline_lancement
98866,2020-01-01,baseline_lancement
98867,2020-01-01,baseline_lancement
98873,2020-01-01,baseline_lancement
98876,2020-01-01,baseline_lancement
98877,2020-01-01,baseline_lancement
98878,2020-01-01,baseline_lancement
98889,2020-01-01,baseline_lancement
98897,2020-01-01,baseline_lancement
9890088,2020-01-01,baseline_lancement
98903,2020-01-01,baseline_lancement
98919,2020-01-01,baseline_lancement
98920,2020-01-01,baseline_lancement
98921,2020-01-01,baseline_lancement
98924,2020-01-01,baseline_lancement
98925,2020-01-01,baseline_lancement
98926,2020-01-01,baseline_lancement
98931,2020-01-01,baseline_lancement
9893118,2020-01-01,baseline_lancement
98950,2020-01-01,baseline_lancement
98958,2020-01-01,baseline_lancement
98963,2020-01-01,baseline_lancement
98966,2020-01-01,baseline_lancement
98973,2020-01-01,baseline_lancement
98974,2020-01-01,baseline_lancement
98975,2020-01-01,baseline_lancement
98976,2020-01-01,baseline_lancement
98977,2020-01-01,baseline_lancement
98986,2020-01-01,baseline_lancement
98998,2020-01-01,baseline_lancement
99002,2020-01-01,baseline_lancement
99009,2020-01-01,baseline_lancement
99016,2020-01-01,baseline_lancement
99025,2020-01-01,baseline_lancement
990273,2020-01-01,baseline_lancement
99030,2020-01-01,baseline_lancement
990434,2020-01-01,baseline_lancement
990476,2020-01-01,baseline_lancement
99056,2020-01-01,baseline_lancement
99057,2020-01-01,baseline_lancement
99060,2020-01-01,baseline_lancement
99070,2020-01-01,baseline_lancement
992521,2020-01-01,baseline_lancement
994314,2020-01-01,baseline_lancement
994323,2020-01-01,baseline_lancement
994414,2020-01-01,baseline_lancement
994471,2020-01-01,baseline_lancement
A1001,2020-01-01,baseline_lancement
A1001.06,2020-01-01,baseline_lancement
A1001.09,2020-01-01,baseline_lancement
A1001.16,2020-01-01,baseline_lancement
A1001.25,2020-01-01,baseline_lancement
A1007,2020-01-01,baseline_lancement
A28C-XS,2020-01-01,baseline_lancement
A5010,2020-01-01,baseline_lancement
A5020,2020-01-01,baseline_lancement
A5442,2020-01-01,baseline_lancement
AA1003746,2020-01-01,baseline_lancement
AA1003894,2020-01-01,baseline_lancement
AA1004612,2020-01-01,baseline_lancement
AA1004613,2020-01-01,baseline_lancement
AA1005151,2020-01-01,baseline_lancement
AA1066042,2020-01-01,baseline_lancement
AA1066044,2020-01-01,baseline_lancement
AA1066047,2020-01-01,baseline_lancement
AA1066455,2020-01-01,baseline_lancement
AA1075032,2020-01-01,baseline_lancement
AA1075036,2020-01-01,baseline_lancement
ALABAMA_K,2020-01-01,baseline_lancement
ALGASOIE,2020-01-01,baseline_lancement
AM001,2020-01-01,baseline_lancement
AM7054,2020-01-01,baseline_lancement
AM7840,2020-01-01,baseline_lancement
AMBRE_CB,2020-01-01,baseline_lancement
AME_10,2020-01-01,baseline_lancement
AME_12,2020-01-01,baseline_lancement
AME_13,2020-01-01,baseline_lancement
AME_3,2020-01-01,baseline_lancement
AME_4,2020-01-01,baseline_lancement
AME_5,2020-01-01,baseline_lancement
AME_6,2020-01-01,baseline_lancement
AME_7,2020-01-01,baseline_lancement
AME_9,2020-01-01,baseline_lancement
ANC101,2020-01-01,baseline_lancement
ANC105,2020-01-01,baseline_lancement
ANC106,2020-01-01,baseline_lancement
ANC107,2020-01-01,baseline_lancement
ANC108,2020-01-01,baseline_lancement
ANC109,2020-01-01,baseline_lancement
ANDES,2020-01-01,baseline_lancement
ANKARA_DMC,2020-01-01,baseline_lancement
ART160403,2020-01-01,baseline_lancement
ART280,2020-01-01,baseline_lancement
ART334,2020-01-01,baseline_lancement
ART6200,2020-01-01,baseline_lancement
ART6506,2026-08-18,git_reconstruit
ART6508,2020-01-01,baseline_lancement
ART_0065,2020-01-01,baseline_lancement
ART_1939_15,2020-01-01,baseline_lancement
ART_1939_20,2020-01-01,baseline_lancement
ART_1939_30,2020-01-01,baseline_lancement
ART_6200,2020-01-01,baseline_lancement
ART_PAS73,2020-01-01,baseline_lancement
AW003,2026-08-18,git_reconstruit
AZULEJO_K,2020-01-01,baseline_lancement
AZURITE_TRIMITS,2020-01-01,baseline_lancement
B.FI,2020-01-01,baseline_lancement
B202.305,2020-01-01,baseline_lancement
B4819.1,2020-01-01,baseline_lancement
B6044,2020-01-01,baseline_lancement
B6719,2020-01-01,baseline_lancement
BABYLUX_CB,2020-01-01,baseline_lancement
BABYLUX_MULTI_CB,2020-01-01,baseline_lancement
BABY_AQUA_DMC,2020-01-01,baseline_lancement
BABY_MERINO_DMC,2020-01-01,baseline_lancement
BALADE,2020-01-01,baseline_lancement
BALADE_ECO,2020-01-01,baseline_lancement
BAMBI_K,2020-01-01,baseline_lancement
BD.001,2020-01-01,baseline_lancement
BD.009,2020-01-01,baseline_lancement
BD.025,2020-01-01,baseline_lancement
BD.027,2020-01-01,baseline_lancement
BD.051,2020-01-01,baseline_lancement
BD.053,2020-01-01,baseline_lancement
BD.057,2020-01-01,baseline_lancement
BD.058,2020-01-01,baseline_lancement
BD.081,2020-01-01,baseline_lancement
BD.082,2020-01-01,baseline_lancement
BD.109,2020-01-01,baseline_lancement
BD.111,2020-01-01,baseline_lancement
BD.113,2020-01-01,baseline_lancement
BD.114,2020-01-01,baseline_lancement
BD.115,2020-01-01,baseline_lancement
BD.1176,2020-01-01,baseline_lancement
BD.1179,2020-01-01,baseline_lancement
BD.118,2020-01-01,baseline_lancement
BD.119,2020-01-01,baseline_lancement
BD.119.12,2020-01-01,baseline_lancement
BD.119.18,2020-01-01,baseline_lancement
BD.120,2020-01-01,baseline_lancement
BD.121,2020-01-01,baseline_lancement
BD.122,2020-01-01,baseline_lancement
BD.123,2020-01-01,baseline_lancement
BD.129,2020-01-01,baseline_lancement
BD.13117.12,2020-01-01,baseline_lancement
BD.13117.15,2020-01-01,baseline_lancement
BD.13117.18,2020-01-01,baseline_lancement
BD.13117.22,2020-01-01,baseline_lancement
BD.13117.27,2020-01-01,baseline_lancement
BD.13117.30,2020-01-01,baseline_lancement
BD.140,2020-01-01,baseline_lancement
BD.1405.30,2020-01-01,baseline_lancement
BD.1405.40,2020-01-01,baseline_lancement
BD.141,2020-01-01,baseline_lancement
BD.143,2020-01-01,baseline_lancement
BD.168,2020-01-01,baseline_lancement
BD.174,2020-01-01,baseline_lancement
BD.175,2020-01-01,baseline_lancement
BD.201,2020-01-01,baseline_lancement
BD.202,2020-01-01,baseline_lancement
BD.213,2020-01-01,baseline_lancement
BD.2183.22.10,2020-01-01,baseline_lancement
BD.23794,2020-01-01,baseline_lancement
BD.23794.12,2020-01-01,baseline_lancement
BD.23794.15,2020-01-01,baseline_lancement
BD.23794.2,2020-01-01,baseline_lancement
BD.338.12,2020-01-01,baseline_lancement
BD.338.15,2020-01-01,baseline_lancement
BD.338.18,2020-01-01,baseline_lancement
BD.338.22,2020-01-01,baseline_lancement
BD.338.27,2020-01-01,baseline_lancement
BD.338.30,2020-01-01,baseline_lancement
BD.354,2020-01-01,baseline_lancement
BD.357,2020-01-01,baseline_lancement
BD.377,2020-01-01,baseline_lancement
BD.394,2020-01-01,baseline_lancement
BD.406,2020-01-01,baseline_lancement
BD.413,2020-01-01,baseline_lancement
BD.42821.12,2020-01-01,baseline_lancement
BD.42821.15,2020-01-01,baseline_lancement
BD.42821.18,2020-01-01,baseline_lancement
BD.42821.22,2020-01-01,baseline_lancement
BD.42821.27,2020-01-01,baseline_lancement
BD.594,2020-01-01,baseline_lancement
BD.596,2020-01-01,baseline_lancement
BD.96.15,2020-01-01,baseline_lancement
BD.96.22,2020-01-01,baseline_lancement
BD.96.25,2020-01-01,baseline_lancement
BD035,2026-08-18,git_reconstruit
BD23794.15,2020-01-01,baseline_lancement
BD338.12,2020-01-01,baseline_lancement
BI103,2020-01-01,baseline_lancement
BI108,2020-01-01,baseline_lancement
BI117,2020-01-01,baseline_lancement
BI208.20,2020-01-01,baseline_lancement
BI236_20,2020-01-01,baseline_lancement
BI258.20,2020-01-01,baseline_lancement
BI260.20,2020-01-01,baseline_lancement
BI260.30,2020-01-01,baseline_lancement
BI261.15,2020-01-01,baseline_lancement
BI284,2020-01-01,baseline_lancement
BI290,2020-01-01,baseline_lancement
BI291,2020-01-01,baseline_lancement
BI293,2020-01-01,baseline_lancement
BI299,2020-01-01,baseline_lancement
BI318.07,2020-01-01,baseline_lancement
BIA02_12,2020-01-01,baseline_lancement
BIA02_15,2020-01-01,baseline_lancement
BIA02_20,2020-01-01,baseline_lancement
BIA02_20_S,2020-01-01,baseline_lancement
BIA02_25,2020-01-01,baseline_lancement
BIA02_30,2020-01-01,baseline_lancement
BIA02_30_S,2020-01-01,baseline_lancement
BIA02_40,2020-01-01,baseline_lancement
BIA06_18,2020-01-01,baseline_lancement
BIA07_18,2020-01-01,baseline_lancement
BIA108_30,2020-01-01,baseline_lancement
BIA13_18,2020-01-01,baseline_lancement
BIA13_30,2020-01-01,baseline_lancement
BIA219_18,2020-01-01,baseline_lancement
BIA29,2020-01-01,baseline_lancement
BIA36_18,2020-01-01,baseline_lancement
BIA36_30,2020-01-01,baseline_lancement
BIA41_18,2020-01-01,baseline_lancement
BIA41_30,2020-01-01,baseline_lancement
BIA49_30,2020-01-01,baseline_lancement
BIA75_18,2020-01-01,baseline_lancement
BK1812,2020-01-01,baseline_lancement
BK1841,2026-08-18,git_reconstruit
BK1843,2026-08-18,git_reconstruit
BK1871,2020-01-01,baseline_lancement
BK1875,2020-01-01,baseline_lancement
BK1876,2026-08-18,git_reconstruit
BK1896,2020-01-01,baseline_lancement
BK1937,2020-01-01,baseline_lancement
BK1940,2020-01-01,baseline_lancement
BK1953,2020-01-01,baseline_lancement
BK1991,2020-01-01,baseline_lancement
BK1992,2020-01-01,baseline_lancement
BK1993,2020-01-01,baseline_lancement
BK1994,2020-01-01,baseline_lancement
BK1995,2020-01-01,baseline_lancement
BK1997,2020-01-01,baseline_lancement
BK1998,2020-01-01,baseline_lancement
BK1999,2020-01-01,baseline_lancement
BK2016,2026-08-18,git_reconstruit
BK2018,2020-01-01,baseline_lancement
BK2019,2020-01-01,baseline_lancement
BL0017,2020-01-01,baseline_lancement
BL0401,2020-01-01,baseline_lancement
BL0600.D,2020-01-01,baseline_lancement
BL1067_71,2020-01-01,baseline_lancement
BL1145,2026-08-18,git_reconstruit
BL1149_73,2026-08-18,git_reconstruit
BL1167_76,2020-01-01,baseline_lancement
BLOG079,2020-01-01,baseline_lancement
BLOG081,2020-01-01,baseline_lancement
BLOG085,2020-01-01,baseline_lancement
BLOG086,2020-01-01,baseline_lancement
BLOG088,2020-01-01,baseline_lancement
BLOG095,2020-01-01,baseline_lancement
BOC_10,2020-01-01,baseline_lancement
BOC_11,2020-01-01,baseline_lancement
BOC_12,2020-01-01,baseline_lancement
BOC_13,2020-01-01,baseline_lancement
BOC_14,2020-01-01,baseline_lancement
BOC_15,2020-01-01,baseline_lancement
BOC_16,2020-01-01,baseline_lancement
BOC_17,2020-01-01,baseline_lancement
BOC_18,2020-01-01,baseline_lancement
BOC_4,2020-01-01,baseline_lancement
BOC_5,2020-01-01,baseline_lancement
BOC_6,2020-01-01,baseline_lancement
BOC_8,2020-01-01,baseline_lancement
BRIDE_CB,2020-01-01,baseline_lancement
BRIO_DMC,2020-01-01,baseline_lancement
BRO_10,2020-01-01,baseline_lancement
BRO_11,2020-01-01,baseline_lancement
BRO_12,2020-01-01,baseline_lancement
BRO_13,2020-01-01,baseline_lancement
BRO_14,2020-01-01,baseline_lancement
BRO_15,2020-01-01,baseline_lancement
BRO_16,2020-01-01,baseline_lancement
BRO_17,2020-01-01,baseline_lancement
BRO_18,2020-01-01,baseline_lancement
BRO_20,2020-01-01,baseline_lancement
BRO_21,2020-01-01,baseline_lancement
BRO_22,2020-01-01,baseline_lancement
BRO_24,2020-01-01,baseline_lancement
BRO_27,2020-01-01,baseline_lancement
BRO_28,2020-01-01,baseline_lancement
BRO_29,2020-01-01,baseline_lancement
BRO_31,2020-01-01,baseline_lancement
BRO_32,2020-01-01,baseline_lancement
BRO_36,2020-01-01,baseline_lancement
BRO_37,2020-01-01,baseline_lancement
BRO_38,2020-01-01,baseline_lancement
BRO_40,2020-01-01,baseline_lancement
BRO_53,2020-01-01,baseline_lancement
BRO_58,2020-01-01,baseline_lancement
BRO_66,2020-01-01,baseline_lancement
BRO_72,2020-01-01,baseline_lancement
BRO_90,2020-01-01,baseline_lancement
BT4735,2020-01-01,baseline_lancement
BT4736,2020-01-01,baseline_lancement
BT4737,2020-01-01,baseline_lancement
BT4738,2020-01-01,baseline_lancement
BT4741,2020-01-01,baseline_lancement
BT4794,2020-01-01,baseline_lancement
BT4795,2020-01-01,baseline_lancement
BT4802,2020-01-01,baseline_lancement
C06N66K,2026-08-18,git_reconstruit
C06N81K,2020-01-01,baseline_lancement
C06N83K,2026-08-18,git_reconstruit
C06N84K,2026-08-18,git_reconstruit
C06N88K,2026-08-18,git_reconstruit
C09N148K,2020-01-01,baseline_lancement
C09N218K,2026-08-18,git_reconstruit
C09N239K,2026-08-18,git_reconstruit
C09N241K,2020-01-01,baseline_lancement
C09N243K,2020-01-01,baseline_lancement
C100,2020-01-01,baseline_lancement
C105,2020-01-01,baseline_lancement
C108.15,2020-01-01,baseline_lancement
C109.014,2020-01-01,baseline_lancement
C109.050,2020-01-01,baseline_lancement
C110,2020-01-01,baseline_lancement
C116.02,2020-01-01,baseline_lancement
C117.02,2020-01-01,baseline_lancement
C118.03,2020-01-01,baseline_lancement
C118.05,2020-01-01,baseline_lancement
C125K,2020-01-01,baseline_lancement
C126K,2026-08-18,git_reconstruit
C127K,2026-08-18,git_reconstruit
C128K,2020-01-01,baseline_lancement
C129K,2020-01-01,baseline_lancement
C142K,2020-01-01,baseline_lancement
C2205,2020-01-01,baseline_lancement
C2208,2020-01-01,baseline_lancement
C2209,2026-08-18,git_reconstruit
C2212,2026-08-18,git_reconstruit
C2303,2026-08-18,git_reconstruit
C2305,2026-08-18,git_reconstruit
C2311,2026-08-18,git_reconstruit
C2501,2020-01-01,baseline_lancement
C2502,2020-01-01,baseline_lancement
C2503,2020-01-01,baseline_lancement
C2508,2020-01-01,baseline_lancement
C310K,2026-08-18,git_reconstruit
C311K,2026-08-18,git_reconstruit
CANDY,2020-01-01,baseline_lancement
CAPRI_K,2020-01-01,baseline_lancement
CAPRI_TONES_K,2020-01-01,baseline_lancement
CATAL_14951,2020-01-01,baseline_lancement
CATAL_15227,2020-01-01,baseline_lancement
CATAL_317281,2020-01-01,baseline_lancement
CATAL_CB,2020-01-01,baseline_lancement
CATAL_Y9651,2020-01-01,baseline_lancement
CATAL_Y9652,2020-01-01,baseline_lancement
CAT_170,2020-01-01,baseline_lancement
CAT_173,2020-01-01,baseline_lancement
CAT_177,2020-01-01,baseline_lancement
CAT_178,2020-01-01,baseline_lancement
CAT_183,2020-01-01,baseline_lancement
CAT_184,2020-01-01,baseline_lancement
CAT_192,2020-01-01,baseline_lancement
CAT_193,2020-01-01,baseline_lancement
CAT_27,2020-01-01,baseline_lancement
CAT_40,2020-01-01,baseline_lancement
CAT_41,2020-01-01,baseline_lancement
CAT_42,2020-01-01,baseline_lancement
CAT_43,2020-01-01,baseline_lancement
CAT_44,2020-01-01,baseline_lancement
CB005,2020-01-01,baseline_lancement
CB009,2020-01-01,baseline_lancement
CB010,2020-01-01,baseline_lancement
CB011,2020-01-01,baseline_lancement
CB017,2020-01-01,baseline_lancement
CB019,2020-01-01,baseline_lancement
CB020,2020-01-01,baseline_lancement
CB023,2020-01-01,baseline_lancement
CB025,2020-01-01,baseline_lancement
CB028,2020-01-01,baseline_lancement
CC.3001.40,2020-01-01,baseline_lancement
CC.3004.20,2020-01-01,baseline_lancement
CC.3004.30,2020-01-01,baseline_lancement
CC.3601,2020-01-01,baseline_lancement
CC.4701.15,2020-01-01,baseline_lancement
CC.4701.20,2020-01-01,baseline_lancement
CC.4701.25,2020-01-01,baseline_lancement
CC.4710,2020-01-01,baseline_lancement
CC.7000,2020-01-01,baseline_lancement
CC.7001,2020-01-01,baseline_lancement
CC00,2020-01-01,baseline_lancement
CC0011,2020-01-01,baseline_lancement
CC0012,2020-01-01,baseline_lancement
CC0013,2020-01-01,baseline_lancement
CC0014,2020-01-01,baseline_lancement
CC1005,2020-01-01,baseline_lancement
CC3000.26,2020-01-01,baseline_lancement
CC3001,2020-01-01,baseline_lancement
CC3001.20,2020-01-01,baseline_lancement
CC3001.25,2020-01-01,baseline_lancement
CC3001.32,2020-01-01,baseline_lancement
CC3003.20,2020-01-01,baseline_lancement
CC3003.30,2020-01-01,baseline_lancement
CC3005.30,2020-01-01,baseline_lancement
CC3005.40,2020-01-01,baseline_lancement
CC3006.30,2020-01-01,baseline_lancement
CC3006.40,2020-01-01,baseline_lancement
CC3007.15,2020-01-01,baseline_lancement
CC3007.30,2020-01-01,baseline_lancement
CC3007.40,2020-01-01,baseline_lancement
CC3008.18,2020-01-01,baseline_lancement
CC3010.18,2020-01-01,baseline_lancement
CC3600,2020-01-01,baseline_lancement
CC3602,2020-01-01,baseline_lancement
CC3603,2020-01-01,baseline_lancement
CC4712,2020-01-01,baseline_lancement
CF023,2020-01-01,baseline_lancement
CF030,2020-01-01,baseline_lancement
CF046,2020-01-01,baseline_lancement
CF047,2020-01-01,baseline_lancement
CF048,2020-01-01,baseline_lancement
CF049,2020-01-01,baseline_lancement
CF134,2020-01-01,baseline_lancement
CFPL30,2020-01-01,baseline_lancement
CFPL34,2020-01-01,baseline_lancement
CFPL8289E,2020-01-01,baseline_lancement
CG100086,2020-01-01,baseline_lancement
CG100088,2020-01-01,baseline_lancement
CG103824,2020-01-01,baseline_lancement
CG116021,2020-01-01,baseline_lancement
CG86915,2020-01-01,baseline_lancement
CH1023-I,2020-01-01,baseline_lancement
CHENILLE_DMC,2020-01-01,baseline_lancement
CKCMIL,2020-01-01,baseline_lancement
CL3161,2020-01-01,baseline_lancement
CL348,2020-01-01,baseline_lancement
CL349,2020-01-01,baseline_lancement
CL3869,2020-01-01,baseline_lancement
CL8900,2020-01-01,baseline_lancement
CL8911,2020-01-01,baseline_lancement
CLEO.TEX1-250,2020-01-01,baseline_lancement
COCKTAIL_P,2020-01-01,baseline_lancement
COMBINE_K,2020-01-01,baseline_lancement
COMETE_CB,2020-01-01,baseline_lancement
COUPON_KATIA,2020-01-01,baseline_lancement
CPK090,2020-01-01,baseline_lancement
CR100K,2026-08-18,git_reconstruit
CR101K,2026-08-18,git_reconstruit
CR105K,2020-01-01,baseline_lancement
CR108K,2020-01-01,baseline_lancement
CR125K,2026-08-18,git_reconstruit
CR126K,2026-08-18,git_reconstruit
CR129K,2020-01-01,baseline_lancement
CR131K,2026-08-18,git_reconstruit
CR132K,2026-08-18,git_reconstruit
CR133K,2020-01-01,baseline_lancement
CR134K,2020-01-01,baseline_lancement
CR137K,2020-01-01,baseline_lancement
CR139K,2026-08-18,git_reconstruit
CR140K,2026-08-18,git_reconstruit
CR142K,2026-08-18,git_reconstruit
CR143K,2026-08-18,git_reconstruit
CR144K,2026-08-18,git_reconstruit
CR145K,2026-08-18,git_reconstruit
CR146K,2026-08-18,git_reconstruit
CRAI_1,2020-01-01,baseline_lancement
CREATIVEB,2020-01-01,baseline_lancement
CROOKE,2020-01-01,baseline_lancement
CURS_10,2020-01-01,baseline_lancement
CUR_5,2020-01-01,baseline_lancement
CUR_5R,2020-01-01,baseline_lancement
CUR_8,2020-01-01,baseline_lancement
D018.08,2020-01-01,baseline_lancement
D1003,2020-01-01,baseline_lancement
D1006,2020-01-01,baseline_lancement
D1012,2020-01-01,baseline_lancement
D1014,2020-01-01,baseline_lancement
D1015,2020-01-01,baseline_lancement
D1017,2020-01-01,baseline_lancement
D1037,2020-01-01,baseline_lancement
D1038.52,2020-01-01,baseline_lancement
D1039,2020-01-01,baseline_lancement
D1041,2020-01-01,baseline_lancement
D1046.37,2020-01-01,baseline_lancement
D1050.52,2020-01-01,baseline_lancement
D1052.60,2020-01-01,baseline_lancement
D1053.65,2020-01-01,baseline_lancement
D1054.90,2020-01-01,baseline_lancement
D1054_U,2020-01-01,baseline_lancement
D1065,2020-01-01,baseline_lancement
D1066,2020-01-01,baseline_lancement
D1067,2020-01-01,baseline_lancement
D1073,2020-01-01,baseline_lancement
D800,2020-01-01,baseline_lancement
D800_0002,2020-01-01,baseline_lancement
D900,2020-01-01,baseline_lancement
D910.0025,2020-01-01,baseline_lancement
D920.0103,2020-01-01,baseline_lancement
D920.0105,2020-01-01,baseline_lancement
D920.0106,2020-01-01,baseline_lancement
D920.0111,2020-01-01,baseline_lancement
D920.0112,2020-01-01,baseline_lancement
DC29SO_T1,2020-01-01,baseline_lancement
DC29SO_T2,2020-01-01,baseline_lancement
DC7700,2020-01-01,baseline_lancement
DC90,2020-01-01,baseline_lancement
DECO_8,2020-01-01,baseline_lancement
DIAMANT_DMC,2020-01-01,baseline_lancement
DIGITALIS,2020-01-01,baseline_lancement
DM022,2020-01-01,baseline_lancement
DM222,2020-01-01,baseline_lancement
DM322,2020-01-01,baseline_lancement
DMC.235K,2026-08-18,git_reconstruit
DMC1764.1,2020-01-01,baseline_lancement
DOUDOU_DMC,2020-01-01,baseline_lancement
DT212,2020-01-01,baseline_lancement
DT400,2020-01-01,baseline_lancement
D_1015,2020-01-01,baseline_lancement
D_1018,2020-01-01,baseline_lancement
E2311585,2020-01-01,baseline_lancement
E2678758,2020-01-01,baseline_lancement
E6012341,2020-01-01,baseline_lancement
E6012648,2020-01-01,baseline_lancement
E6536439,2020-01-01,baseline_lancement
E6538174,2020-01-01,baseline_lancement
E6539546,2020-01-01,baseline_lancement
E6539553,2020-01-01,baseline_lancement
E7022968,2020-01-01,baseline_lancement
EA004,2020-01-01,baseline_lancement
EA010,2020-01-01,baseline_lancement
EA011,2020-01-01,baseline_lancement
EA014,2020-01-01,baseline_lancement
EA015,2020-01-01,baseline_lancement
EA016,2020-01-01,baseline_lancement
EA018,2020-01-01,baseline_lancement
EA019,2020-01-01,baseline_lancement
EA020,2020-01-01,baseline_lancement
EB021,2020-01-01,baseline_lancement
EB022,2020-01-01,baseline_lancement
EB023,2020-01-01,baseline_lancement
EB026,2020-01-01,baseline_lancement
EB028,2020-01-01,baseline_lancement
EB030,2020-01-01,baseline_lancement
EB033,2020-01-01,baseline_lancement
EB036,2020-01-01,baseline_lancement
EB037,2020-01-01,baseline_lancement
EB039,2020-01-01,baseline_lancement
EB046,2020-01-01,baseline_lancement
EB048,2020-01-01,baseline_lancement
EB050,2020-01-01,baseline_lancement
EB051,2020-01-01,baseline_lancement
EB054,2020-01-01,baseline_lancement
EB056,2020-01-01,baseline_lancement
EC068,2020-01-01,baseline_lancement
EC070,2020-01-01,baseline_lancement
EC077,2020-01-01,baseline_lancement
EC078,2020-01-01,baseline_lancement
EC081,2020-01-01,baseline_lancement
EC082,2020-01-01,baseline_lancement
EC084,2020-01-01,baseline_lancement
EC085,2020-01-01,baseline_lancement
EC086,2020-01-01,baseline_lancement
EC089,2020-01-01,baseline_lancement
EC091,2020-01-01,baseline_lancement
EC098,2020-01-01,baseline_lancement
ECOTWIST_H,2026-08-18,git_reconstruit
ECO_TWIST,2020-01-01,baseline_lancement
ECO_VITA12_DMC,2020-01-01,baseline_lancement
ECO_VITA3_DMC,2020-01-01,baseline_lancement
ECO_VITA3_MULT_DMC,2020-01-01,baseline_lancement
ECO_VITA4_COLO_DMC,2020-01-01,baseline_lancement
ECO_VITA4_DMC,2020-01-01,baseline_lancement
ECO_VITA4_MULTI,2020-01-01,baseline_lancement
ECO_VITA4_XMAS_DMC,2020-01-01,baseline_lancement
ED103,2020-01-01,baseline_lancement
ED104,2020-01-01,baseline_lancement
ED105,2020-01-01,baseline_lancement
ED106,2020-01-01,baseline_lancement
ED107,2020-01-01,baseline_lancement
ED110,2020-01-01,baseline_lancement
EDI8-08,2020-01-01,baseline_lancement
EDI8-27,2020-01-01,baseline_lancement
EKOFIL_OKE,2020-01-01,baseline_lancement
EL-04-005,2020-01-01,baseline_lancement
EL.6665,2020-01-01,baseline_lancement
EL.6745.01,2020-01-01,baseline_lancement
EL.6745.02,2020-01-01,baseline_lancement
EL.6745.03,2020-01-01,baseline_lancement
EL.6745.04,2020-01-01,baseline_lancement
EL.6745.05,2020-01-01,baseline_lancement
EL.6745.06,2020-01-01,baseline_lancement
EL.6745.07,2020-01-01,baseline_lancement
EL.6745.08,2020-01-01,baseline_lancement
EL.6799,2020-01-01,baseline_lancement
EL.6823.05,2020-01-01,baseline_lancement
EL.6824.06,2020-01-01,baseline_lancement
EL.6923.03,2020-01-01,baseline_lancement
EL.6923.04,2020-01-01,baseline_lancement
EL.6923.05,2020-01-01,baseline_lancement
EL.6941,2020-01-01,baseline_lancement
EL3538.06,2020-01-01,baseline_lancement
ELA_2,2020-01-01,baseline_lancement
ELA_3,2020-01-01,baseline_lancement
ELA_4,2020-01-01,baseline_lancement
ELA_5,2020-01-01,baseline_lancement
ER.F.275642,2020-01-01,baseline_lancement
ER184,2020-01-01,baseline_lancement
ERF.025544,2020-01-01,baseline_lancement
ERF.122441,2020-01-01,baseline_lancement
ERF.274614,2020-01-01,baseline_lancement
ERF.274812,2020-01-01,baseline_lancement
ERF.274836,2020-01-01,baseline_lancement
ERF.274959,2020-01-01,baseline_lancement
ERF.274966,2020-01-01,baseline_lancement
ERF.275017,2020-01-01,baseline_lancement
ERF.275055,2020-01-01,baseline_lancement
ERF.275369,2020-01-01,baseline_lancement
ERF.275482,2020-01-01,baseline_lancement
ERF.275499,2020-01-01,baseline_lancement
ERF.275512,2020-01-01,baseline_lancement
ERF.275529,2020-01-01,baseline_lancement
ERF.275536,2020-01-01,baseline_lancement
ERF.275543,2020-01-01,baseline_lancement
ERF.275581,2020-01-01,baseline_lancement
ERF.275598,2020-01-01,baseline_lancement
ERF.275604,2020-01-01,baseline_lancement
ERF.275635,2020-01-01,baseline_lancement
ERF.275970,2020-01-01,baseline_lancement
ERF.275987,2020-01-01,baseline_lancement
ERF.276137,2020-01-01,baseline_lancement
ERF.276144,2020-01-01,baseline_lancement
ERF.276151,2020-01-01,baseline_lancement
ERF.276168,2020-01-01,baseline_lancement
ERF.276175,2020-01-01,baseline_lancement
ERF.276182,2020-01-01,baseline_lancement
ERF.276199,2020-01-01,baseline_lancement
ERF.276205,2020-01-01,baseline_lancement
ERF.276212,2020-01-01,baseline_lancement
ERF.276229,2020-01-01,baseline_lancement
ERF.276236,2020-01-01,baseline_lancement
ERF.276243,2020-01-01,baseline_lancement
ERF.276250,2020-01-01,baseline_lancement
ERF.276267,2020-01-01,baseline_lancement
ERF.276274,2020-01-01,baseline_lancement
ERF.276335,2020-01-01,baseline_lancement
ERF.276403,2020-01-01,baseline_lancement
ERF.276410,2020-01-01,baseline_lancement
ERF.276427,2020-01-01,baseline_lancement
ERF.276434,2020-01-01,baseline_lancement
ERF.276519,2020-01-01,baseline_lancement
ERF.276526,2020-01-01,baseline_lancement
ERF.289304,2020-01-01,baseline_lancement
ERF.289311,2020-01-01,baseline_lancement
ERF.289328,2020-01-01,baseline_lancement
ERF.289335,2020-01-01,baseline_lancement
ERF.289366,2020-01-01,baseline_lancement
ERF.289380,2020-01-01,baseline_lancement
ERF.289410,2020-01-01,baseline_lancement
ERF.289427,2020-01-01,baseline_lancement
ERF.289434,2020-01-01,baseline_lancement
ERF.289441,2020-01-01,baseline_lancement
ERF.289557,2020-01-01,baseline_lancement
ERF.289571,2020-01-01,baseline_lancement
ERF.289588,2020-01-01,baseline_lancement
ERF.289595,2020-01-01,baseline_lancement
ERF.289748,2020-01-01,baseline_lancement
ERF.295305,2020-01-01,baseline_lancement
ERF275642,2026-08-18,git_reconstruit
ERS.006,2020-01-01,baseline_lancement
ERS.007,2020-01-01,baseline_lancement
ETH702,2020-01-01,baseline_lancement
ETH706,2020-01-01,baseline_lancement
ETI_IKATEE,2020-01-01,baseline_lancement
EUCAL100,2020-01-01,baseline_lancement
EUCAL5,2020-01-01,baseline_lancement
EUCAL500,2020-01-01,baseline_lancement
EV100_S,2026-08-18,git_reconstruit
F00K,2026-08-18,git_reconstruit
F121,2020-01-01,baseline_lancement
F124,2020-01-01,baseline_lancement
F125,2020-01-01,baseline_lancement
F126.25.01,2020-01-01,baseline_lancement
F126.25.02,2020-01-01,baseline_lancement
F126.50.01,2020-01-01,baseline_lancement
F126.50.02,2020-01-01,baseline_lancement
F129.12,2020-01-01,baseline_lancement
F13.3,2020-01-01,baseline_lancement
F131.020,2020-01-01,baseline_lancement
F131.026,2020-01-01,baseline_lancement
F131.061,2020-01-01,baseline_lancement
F133,2020-01-01,baseline_lancement
F136.12,2020-01-01,baseline_lancement
F140.35,2020-01-01,baseline_lancement
F140_35,2020-01-01,baseline_lancement
F20.01.5,2020-01-01,baseline_lancement
F20.03,2020-01-01,baseline_lancement
F205.10,2020-01-01,baseline_lancement
F205.10.02,2020-01-01,baseline_lancement
F205.15,2020-01-01,baseline_lancement
F205.15.02,2020-01-01,baseline_lancement
F205.20,2020-01-01,baseline_lancement
F205.20.02,2020-01-01,baseline_lancement
F205.25,2020-01-01,baseline_lancement
F205.25.02,2020-01-01,baseline_lancement
F205.30.01,2020-01-01,baseline_lancement
F205.30.02,2020-01-01,baseline_lancement
F205.35.01,2020-01-01,baseline_lancement
F205.35.02,2020-01-01,baseline_lancement
F205.40.01,2020-01-01,baseline_lancement
F205.40.02,2020-01-01,baseline_lancement
F205.50.01,2020-01-01,baseline_lancement
F205.50.02,2020-01-01,baseline_lancement
F205.60.01,2020-01-01,baseline_lancement
F205.60.02,2020-01-01,baseline_lancement
F205C.15,2020-01-01,baseline_lancement
F205C.25,2020-01-01,baseline_lancement
F300.05,2020-01-01,baseline_lancement
F300.05.02,2020-01-01,baseline_lancement
F300.10,2020-01-01,baseline_lancement
F300.10.02,2020-01-01,baseline_lancement
F300.15,2020-01-01,baseline_lancement
F300.15.02,2020-01-01,baseline_lancement
F300.20,2020-01-01,baseline_lancement
F300.20.02,2020-01-01,baseline_lancement
F300.25,2020-01-01,baseline_lancement
F300.25.02,2020-01-01,baseline_lancement
F300.30,2020-01-01,baseline_lancement
F300.30.02,2020-01-01,baseline_lancement
F300.40.01,2020-01-01,baseline_lancement
F300.50.01,2020-01-01,baseline_lancement
F300.50.02,2020-01-01,baseline_lancement
F300.60.01,2020-01-01,baseline_lancement
F300.60.02,2020-01-01,baseline_lancement
F300.80,2020-01-01,baseline_lancement
F300.80.02,2020-01-01,baseline_lancement
F302,2020-01-01,baseline_lancement
F400.23,2020-01-01,baseline_lancement
F400.30,2020-01-01,baseline_lancement
F402.15,2020-01-01,baseline_lancement
F402.23,2020-01-01,baseline_lancement
F402.40,2020-01-01,baseline_lancement
F407.30,2020-01-01,baseline_lancement
F407_30,2020-01-01,baseline_lancement
F409.30,2020-01-01,baseline_lancement
F412.20,2020-01-01,baseline_lancement
F4703.04,2020-01-01,baseline_lancement
F4703.04.02,2020-01-01,baseline_lancement
F4703.06,2020-01-01,baseline_lancement
F4703.06.02,2020-01-01,baseline_lancement
F4703.08,2020-01-01,baseline_lancement
F4703.08.02,2020-01-01,baseline_lancement
F4703.10,2020-01-01,baseline_lancement
F4703.10.02,2020-01-01,baseline_lancement
F4703.12,2020-01-01,baseline_lancement
F4703.12.02,2020-01-01,baseline_lancement
F4703.14,2020-01-01,baseline_lancement
F4703.14.02,2020-01-01,baseline_lancement
F4703.16.01,2020-01-01,baseline_lancement
F4703.16.02,2020-01-01,baseline_lancement
F4706.1.01,2020-01-01,baseline_lancement
F4706.1.02,2020-01-01,baseline_lancement
F4706.1.5,2020-01-01,baseline_lancement
F4706.1.5.02,2020-01-01,baseline_lancement
F4706.2.3,2020-01-01,baseline_lancement
F4706.2.3.02,2020-01-01,baseline_lancement
F4706.3,2020-01-01,baseline_lancement
F4706.3.02,2020-01-01,baseline_lancement
F4706.5,2020-01-01,baseline_lancement
F4706.5.02,2020-01-01,baseline_lancement
F4707.40.01,2020-01-01,baseline_lancement
F4707.40.02,2020-01-01,baseline_lancement
F4711.40,2020-01-01,baseline_lancement
F4712.02,2020-01-01,baseline_lancement
F4716.25,2020-01-01,baseline_lancement
F4717.25,2020-01-01,baseline_lancement
FAUVE_CB,2020-01-01,baseline_lancement
FC0002,2020-01-01,baseline_lancement
FC0003,2020-01-01,baseline_lancement
FC0006L,2020-01-01,baseline_lancement
FC10000,2020-01-01,baseline_lancement
FC209,2020-01-01,baseline_lancement
FC210,2020-01-01,baseline_lancement
FER_1,2020-01-01,baseline_lancement
FER_4,2020-01-01,baseline_lancement
FE_DMC,2020-01-01,baseline_lancement
FILEAU,2020-01-01,baseline_lancement
FIL_REP,2020-01-01,baseline_lancement
FL008,2020-01-01,baseline_lancement
FL010_02,2020-01-01,baseline_lancement
FL010_16,2020-01-01,baseline_lancement
FNC607,2020-01-01,baseline_lancement
FUNNY_AZTECA_K,2020-01-01,baseline_lancement
G00048,2020-01-01,baseline_lancement
G0100038,2020-01-01,baseline_lancement
G0100405,2020-01-01,baseline_lancement
G0101067,2020-01-01,baseline_lancement
G0101280,2020-01-01,baseline_lancement
G0101379,2020-01-01,baseline_lancement
G0101428,2020-01-01,baseline_lancement
G0101608,2020-01-01,baseline_lancement
G0101620,2020-01-01,baseline_lancement
G0101667,2020-01-01,baseline_lancement
G0101859,2020-01-01,baseline_lancement
G0101946,2020-01-01,baseline_lancement
G0102100,2020-01-01,baseline_lancement
G0102152,2020-01-01,baseline_lancement
G0102220,2020-01-01,baseline_lancement
G0102304,2020-01-01,baseline_lancement
G0102331,2020-01-01,baseline_lancement
G1310,2020-01-01,baseline_lancement
G154,2020-01-01,baseline_lancement
G154107,2020-01-01,baseline_lancement
GC001,2020-01-01,baseline_lancement
GCK,2020-01-01,baseline_lancement
GCS,2020-01-01,baseline_lancement
GCS164,2020-01-01,baseline_lancement
GCS166,2020-01-01,baseline_lancement
GCS214,2020-01-01,baseline_lancement
GCS228,2020-01-01,baseline_lancement
GD1436BXI,2020-01-01,baseline_lancement
GD1440BX,2020-01-01,baseline_lancement
GD1443BX,2020-01-01,baseline_lancement
GEISHA,2020-01-01,baseline_lancement
GIZA86,2020-01-01,baseline_lancement
GUT1000.000,2020-01-01,baseline_lancement
GUTBULKY80,2020-01-01,baseline_lancement
GUTJEAN.4888,2020-01-01,baseline_lancement
GUTJEAN.5154,2020-01-01,baseline_lancement
GUTJEAN.5397,2020-01-01,baseline_lancement
H1094,2020-01-01,baseline_lancement
H2096,2020-01-01,baseline_lancement
H271,2020-01-01,baseline_lancement
H272,2020-01-01,baseline_lancement
H453.25,2020-01-01,baseline_lancement
H453.32,2020-01-01,baseline_lancement
H750,2020-01-01,baseline_lancement
H751,2020-01-01,baseline_lancement
HAPPY_COTTON_DMC,2020-01-01,baseline_lancement
HG4709.664,2020-01-01,baseline_lancement
HGKS,2020-01-01,baseline_lancement
HGMA.593,2020-01-01,baseline_lancement
HGRC,2020-01-01,baseline_lancement
HGS,2020-01-01,baseline_lancement
HN105,2020-01-01,baseline_lancement
HN108,2020-01-01,baseline_lancement
HN119,2020-01-01,baseline_lancement
HN121,2020-01-01,baseline_lancement
HN172,2020-01-01,baseline_lancement
HN180,2020-01-01,baseline_lancement
I709_20,2020-01-01,baseline_lancement
IL9286BX,2026-08-18,git_reconstruit
INED347,2020-01-01,baseline_lancement
INGENUA_K,2020-01-01,baseline_lancement
INSTAGRANNY,2020-01-01,baseline_lancement
JE10,2020-01-01,baseline_lancement
K0002,2020-01-01,baseline_lancement
K01,2020-01-01,baseline_lancement
K2002,2020-01-01,baseline_lancement
K2010,2020-01-01,baseline_lancement
K2015,2020-01-01,baseline_lancement
K2025,2020-01-01,baseline_lancement
K2028,2020-01-01,baseline_lancement
K2032,2020-01-01,baseline_lancement
K2040,2020-01-01,baseline_lancement
K2084,2020-01-01,baseline_lancement
K2108,2020-01-01,baseline_lancement
K2132,2020-01-01,baseline_lancement
K2134,2020-01-01,baseline_lancement
K2192,2020-01-01,baseline_lancement
K2193,2020-01-01,baseline_lancement
K2195,2020-01-01,baseline_lancement
K2199,2020-01-01,baseline_lancement
K2205,2020-01-01,baseline_lancement
K2207,2020-01-01,baseline_lancement
K2240,2020-01-01,baseline_lancement
K2296,2020-01-01,baseline_lancement
K3005,2020-01-01,baseline_lancement
K6000,2020-01-01,baseline_lancement
K6020,2020-01-01,baseline_lancement
K7095,2020-01-01,baseline_lancement
K7479,2020-01-01,baseline_lancement
K7555,2020-01-01,baseline_lancement
K7560,2020-01-01,baseline_lancement
K7566,2020-01-01,baseline_lancement
K7807,2020-01-01,baseline_lancement
KA2001,2020-01-01,baseline_lancement
KIDS024,2020-01-01,baseline_lancement
KIDS029,2020-01-01,baseline_lancement
KIT117_PAST,2020-01-01,baseline_lancement
KIT117_PRIM,2020-01-01,baseline_lancement
KIT_BONNET,2020-01-01,baseline_lancement
KN018,2026-08-18,git_reconstruit
KNITTY_10_DMC,2020-01-01,baseline_lancement
KNITTY_4_DMC,2020-01-01,baseline_lancement
KNITTY_6_DMC,2020-01-01,baseline_lancement
KP10103,2020-01-01,baseline_lancement
KP10109,2020-01-01,baseline_lancement
KP10120,2020-01-01,baseline_lancement
KP10301,2020-01-01,baseline_lancement
KP10302,2020-01-01,baseline_lancement
KP10303,2020-01-01,baseline_lancement
KP10321,2020-01-01,baseline_lancement
KP10351,2020-01-01,baseline_lancement
KP10353,2020-01-01,baseline_lancement
KP10354,2020-01-01,baseline_lancement
KP10355,2020-01-01,baseline_lancement
KP10356,2020-01-01,baseline_lancement
KP10357,2020-01-01,baseline_lancement
KP10358,2020-01-01,baseline_lancement
KP10359,2020-01-01,baseline_lancement
KP10360,2020-01-01,baseline_lancement
KP10405,2020-01-01,baseline_lancement
KP10406,2020-01-01,baseline_lancement
KP10407,2020-01-01,baseline_lancement
KP10408,2020-01-01,baseline_lancement
KP10409,2020-01-01,baseline_lancement
KP10410,2020-01-01,baseline_lancement
KP10415,2020-01-01,baseline_lancement
KP10421,2020-01-01,baseline_lancement
KP10422,2020-01-01,baseline_lancement
KP10424,2020-01-01,baseline_lancement
KP10425,2020-01-01,baseline_lancement
KP10426,2020-01-01,baseline_lancement
KP10427,2020-01-01,baseline_lancement
KP10428,2020-01-01,baseline_lancement
KP10521,2020-01-01,baseline_lancement
KP10522,2020-01-01,baseline_lancement
KP10523,2020-01-01,baseline_lancement
KP10524,2020-01-01,baseline_lancement
KP10525,2020-01-01,baseline_lancement
KP10531,2020-01-01,baseline_lancement
KP10616,2020-01-01,baseline_lancement
KP10622,2020-01-01,baseline_lancement
KP10641,2020-01-01,baseline_lancement
KP10643,2020-01-01,baseline_lancement
KP10645,2020-01-01,baseline_lancement
KP10647,2020-01-01,baseline_lancement
KP10810,2020-01-01,baseline_lancement
KP10829,2020-01-01,baseline_lancement
KP10830,2020-01-01,baseline_lancement
KP10860,2020-01-01,baseline_lancement
KP10934,2020-01-01,baseline_lancement
KP10937,2020-01-01,baseline_lancement
KP10941,2020-01-01,baseline_lancement
KP10942,2020-01-01,baseline_lancement
KP11335,2020-01-01,baseline_lancement
KP11337,2020-01-01,baseline_lancement
KP11338,2020-01-01,baseline_lancement
KP11339,2020-01-01,baseline_lancement
KP11340,2020-01-01,baseline_lancement
KP11341,2020-01-01,baseline_lancement
KP11343,2020-01-01,baseline_lancement
KP11344,2020-01-01,baseline_lancement
KP11346,2020-01-01,baseline_lancement
KP200639,2020-01-01,baseline_lancement
KP200648,2020-01-01,baseline_lancement
KP20662,2020-01-01,baseline_lancement
KP20980,2020-01-01,baseline_lancement
KP20982,2020-01-01,baseline_lancement
KP20986,2020-01-01,baseline_lancement
KP20988,2020-01-01,baseline_lancement
KP20989,2020-01-01,baseline_lancement
KP20990,2020-01-01,baseline_lancement
KP22553,2020-01-01,baseline_lancement
KP30761,2020-01-01,baseline_lancement
KP30762,2020-01-01,baseline_lancement
KP30801,2020-01-01,baseline_lancement
KP30802,2020-01-01,baseline_lancement
KP30803,2020-01-01,baseline_lancement
KP30804,2020-01-01,baseline_lancement
KP30806,2020-01-01,baseline_lancement
KP30807,2020-01-01,baseline_lancement
KP30808,2020-01-01,baseline_lancement
KP30815,2020-01-01,baseline_lancement
KP30816,2020-01-01,baseline_lancement
KP30817,2020-01-01,baseline_lancement
KP30818,2020-01-01,baseline_lancement
KP30819,2020-01-01,baseline_lancement
KP30820,2020-01-01,baseline_lancement
KP30821,2020-01-01,baseline_lancement
KP30822,2020-01-01,baseline_lancement
KP30823,2020-01-01,baseline_lancement
KP30881,2020-01-01,baseline_lancement
KP30882,2020-01-01,baseline_lancement
KP30883,2020-01-01,baseline_lancement
KP30884,2020-01-01,baseline_lancement
KP30885,2020-01-01,baseline_lancement
KP30886,2020-01-01,baseline_lancement
KP30891,2020-01-01,baseline_lancement
KP30892,2020-01-01,baseline_lancement
KP30951,2020-01-01,baseline_lancement
KP30952,2020-01-01,baseline_lancement
KP30982,2020-01-01,baseline_lancement
KP350314,2020-01-01,baseline_lancement
KP35206,2020-01-01,baseline_lancement
KP35282,2020-01-01,baseline_lancement
KP35288,2020-01-01,baseline_lancement
KP35300,2020-01-01,baseline_lancement
KP35302,2020-01-01,baseline_lancement
KP35304,2020-01-01,baseline_lancement
KP35306,2020-01-01,baseline_lancement
KP35308,2020-01-01,baseline_lancement
KP35309,2020-01-01,baseline_lancement
KP35310,2020-01-01,baseline_lancement
KP35311,2020-01-01,baseline_lancement
KP35312,2020-01-01,baseline_lancement
KP35332,2020-01-01,baseline_lancement
KP35334,2020-01-01,baseline_lancement
KP35376,2020-01-01,baseline_lancement
KP35380,2020-01-01,baseline_lancement
KP35384,2020-01-01,baseline_lancement
KP35385,2020-01-01,baseline_lancement
KP35422,2020-01-01,baseline_lancement
KP35424,2020-01-01,baseline_lancement
KP35452,2020-01-01,baseline_lancement
KP35454,2020-01-01,baseline_lancement
KP35631,2020-01-01,baseline_lancement
KP35633,2020-01-01,baseline_lancement
KP35635,2020-01-01,baseline_lancement
KP35636,2020-01-01,baseline_lancement
KP35637,2020-01-01,baseline_lancement
KP35638,2020-01-01,baseline_lancement
KP35644,2020-01-01,baseline_lancement
KP35651,2020-01-01,baseline_lancement
KP35653,2020-01-01,baseline_lancement
KP35655,2020-01-01,baseline_lancement
KP35656,2020-01-01,baseline_lancement
KP35657,2020-01-01,baseline_lancement
KP35658,2020-01-01,baseline_lancement
KP35659,2020-01-01,baseline_lancement
KP36313,2020-01-01,baseline_lancement
KP36314,2020-01-01,baseline_lancement
KP36633,2020-01-01,baseline_lancement
KP36646,2020-01-01,baseline_lancement
KP42161,2020-01-01,baseline_lancement
KP47050,2020-01-01,baseline_lancement
KP47056,2020-01-01,baseline_lancement
KP47058,2020-01-01,baseline_lancement
KP47060,2020-01-01,baseline_lancement
KP47237,2020-01-01,baseline_lancement
KP47239,2020-01-01,baseline_lancement
KP47242,2020-01-01,baseline_lancement
KP47244,2020-01-01,baseline_lancement
KP47329,2020-01-01,baseline_lancement
KP47330,2020-01-01,baseline_lancement
KP47430,2020-01-01,baseline_lancement
KP47439,2020-01-01,baseline_lancement
KP51167,2020-01-01,baseline_lancement
KP51168,2020-01-01,baseline_lancement
KP51171,2020-01-01,baseline_lancement
KP51173,2020-01-01,baseline_lancement
KP51175,2020-01-01,baseline_lancement
KP51195,2020-01-01,baseline_lancement
KP51356,2020-01-01,baseline_lancement
KP51403,2020-01-01,baseline_lancement
KP51409,2020-01-01,baseline_lancement
KSW,2020-01-01,baseline_lancement
KSW_FR,2020-01-01,baseline_lancement
K_0021,2020-01-01,baseline_lancement
K_0056,2020-01-01,baseline_lancement
K_0060,2020-01-01,baseline_lancement
K_0073,2020-01-01,baseline_lancement
K_0079,2020-01-01,baseline_lancement
K_0081,2020-01-01,baseline_lancement
LACBAT3.5,2020-01-01,baseline_lancement
LACROND2,2020-01-01,baseline_lancement
LAI_04,2020-01-01,baseline_lancement
LAPONIE,2020-01-01,baseline_lancement
LAVANDULA,2020-01-01,baseline_lancement
LB_203,2020-01-01,baseline_lancement
LB_205,2020-01-01,baseline_lancement
LC257BX,2020-01-01,baseline_lancement
LILIUM,2020-01-01,baseline_lancement
LIN_3,2020-01-01,baseline_lancement
LOU,2020-01-01,baseline_lancement
LOUVE_CB,2020-01-01,baseline_lancement
LP120,2020-01-01,baseline_lancement
LP150,2020-01-01,baseline_lancement
LP304,2020-01-01,baseline_lancement
LP90,2020-01-01,baseline_lancement
LR120,2020-01-01,baseline_lancement
LR150,2020-01-01,baseline_lancement
LR90,2020-01-01,baseline_lancement
LST3001,2020-01-01,baseline_lancement
LST3003,2020-01-01,baseline_lancement
LST3004,2020-01-01,baseline_lancement
LTA802,2020-01-01,baseline_lancement
LTA808,2020-01-01,baseline_lancement
LTA809,2020-01-01,baseline_lancement
LUMINA_DMC,2020-01-01,baseline_lancement
M.07829,2020-01-01,baseline_lancement
M.07830,2020-01-01,baseline_lancement
M.11806,2020-01-01,baseline_lancement
M.15149,2020-01-01,baseline_lancement
M.15150,2020-01-01,baseline_lancement
M.16122,2020-01-01,baseline_lancement
M.16140,2020-01-01,baseline_lancement
M.16163,2020-01-01,baseline_lancement
M.16312,2020-01-01,baseline_lancement
M.16319,2020-01-01,baseline_lancement
M.16344,2020-01-01,baseline_lancement
M.16348,2020-01-01,baseline_lancement
M.16365,2020-01-01,baseline_lancement
M.16399,2020-01-01,baseline_lancement
M.16442,2020-01-01,baseline_lancement
M.16458,2020-01-01,baseline_lancement
M.16476,2020-01-01,baseline_lancement
M.16510,2020-01-01,baseline_lancement
M.16527,2020-01-01,baseline_lancement
M.16538,2020-01-01,baseline_lancement
M.16551,2020-01-01,baseline_lancement
M.16557,2020-01-01,baseline_lancement
M.16559,2020-01-01,baseline_lancement
M.16567,2020-01-01,baseline_lancement
M.16571,2020-01-01,baseline_lancement
M.16576,2020-01-01,baseline_lancement
M.16589,2020-01-01,baseline_lancement
M.16590,2020-01-01,baseline_lancement
M.16609,2020-01-01,baseline_lancement
M.16610,2020-01-01,baseline_lancement
M.16614,2020-01-01,baseline_lancement
M.16619,2020-01-01,baseline_lancement
M.16620,2020-01-01,baseline_lancement
M.16625,2020-01-01,baseline_lancement
M.16628,2020-01-01,baseline_lancement
M.16632,2020-01-01,baseline_lancement
M.16634,2020-01-01,baseline_lancement
M.16636,2020-01-01,baseline_lancement
M.16637,2020-01-01,baseline_lancement
M.16638,2020-01-01,baseline_lancement
M.16653,2020-01-01,baseline_lancement
M.16655,2020-01-01,baseline_lancement
M.16656,2020-01-01,baseline_lancement
M.16657,2020-01-01,baseline_lancement
M.16659,2020-01-01,baseline_lancement
M.19082,2020-01-01,baseline_lancement
M.1935_22,2020-01-01,baseline_lancement
M.225,2020-01-01,baseline_lancement
M.239,2020-01-01,baseline_lancement
M.269,2020-01-01,baseline_lancement
M.291,2020-01-01,baseline_lancement
M.421.110,2020-01-01,baseline_lancement
M.468T9,2020-01-01,baseline_lancement
M.50344,2020-01-01,baseline_lancement
M.50345,2020-01-01,baseline_lancement
M.526,2020-01-01,baseline_lancement
M.60630,2020-01-01,baseline_lancement
M.60774_10,2020-01-01,baseline_lancement
M.60824,2020-01-01,baseline_lancement
M.646.01,2020-01-01,baseline_lancement
M.646.25,2020-01-01,baseline_lancement
M.646.30,2020-01-01,baseline_lancement
M.647.20,2020-01-01,baseline_lancement
M.647.25,2020-01-01,baseline_lancement
M.647.30,2020-01-01,baseline_lancement
M.647.40,2020-01-01,baseline_lancement
M.648.15,2020-01-01,baseline_lancement
M.648.20,2020-01-01,baseline_lancement
M.648.25,2020-01-01,baseline_lancement
M.648.30,2020-01-01,baseline_lancement
M.648.50,2020-01-01,baseline_lancement
M.670_006,2020-01-01,baseline_lancement
M.670_008,2020-01-01,baseline_lancement
M.670_010,2020-01-01,baseline_lancement
M.6936.40,2020-01-01,baseline_lancement
M.6941.40,2020-01-01,baseline_lancement
M.6942.40,2020-01-01,baseline_lancement
M.697,2020-01-01,baseline_lancement
M.8916,2020-01-01,baseline_lancement
M.911,2020-01-01,baseline_lancement
M.9252,2020-01-01,baseline_lancement
M.9253,2020-01-01,baseline_lancement
M.969,2020-01-01,baseline_lancement
M1125,2020-01-01,baseline_lancement
M1127,2020-01-01,baseline_lancement
M1128,2020-01-01,baseline_lancement
M1129,2020-01-01,baseline_lancement
M1308,2020-01-01,baseline_lancement
M1332.050,2020-01-01,baseline_lancement
M1336.025,2020-01-01,baseline_lancement
M1336.032,2020-01-01,baseline_lancement
M1336.040,2020-01-01,baseline_lancement
M1341.25,2020-01-01,baseline_lancement
M1341.40,2020-01-01,baseline_lancement
M1342.15,2020-01-01,baseline_lancement
M1342.32,2020-01-01,baseline_lancement
M1344.20,2020-01-01,baseline_lancement
M138,2020-01-01,baseline_lancement
M15440,2020-01-01,baseline_lancement
M15589,2020-01-01,baseline_lancement
M15999,2020-01-01,baseline_lancement
M16008,2020-01-01,baseline_lancement
M16012,2020-01-01,baseline_lancement
M16069.01,2020-01-01,baseline_lancement
M16069.02,2020-01-01,baseline_lancement
M16095,2020-01-01,baseline_lancement
M16123,2020-01-01,baseline_lancement
M16170,2020-01-01,baseline_lancement
M16171,2020-01-01,baseline_lancement
M16219,2020-01-01,baseline_lancement
M16250,2020-01-01,baseline_lancement
M16260,2020-01-01,baseline_lancement
M16318,2020-01-01,baseline_lancement
M16350,2020-01-01,baseline_lancement
M16361,2020-01-01,baseline_lancement
M16460,2020-01-01,baseline_lancement
M16501,2020-01-01,baseline_lancement
M16530,2020-01-01,baseline_lancement
M18181,2020-01-01,baseline_lancement
M18216,2020-01-01,baseline_lancement
M18290,2020-01-01,baseline_lancement
M1903_30,2020-01-01,baseline_lancement
M1903_3540,2020-01-01,baseline_lancement
M1903_4560,2020-01-01,baseline_lancement
M1903_6570,2020-01-01,baseline_lancement
M1903_75,2020-01-01,baseline_lancement
M1907_0818,2020-01-01,baseline_lancement
M1942.30,2020-01-01,baseline_lancement
M1942.40,2020-01-01,baseline_lancement
M1954,2020-01-01,baseline_lancement
M1975.65,2020-01-01,baseline_lancement
M1975.70,2020-01-01,baseline_lancement
M1988.30,2020-01-01,baseline_lancement
M1988.40,2020-01-01,baseline_lancement
M199,2020-01-01,baseline_lancement
M1993,2020-01-01,baseline_lancement
M1996,2020-01-01,baseline_lancement
M212,2020-01-01,baseline_lancement
M263,2020-01-01,baseline_lancement
M264,2020-01-01,baseline_lancement
M266,2020-01-01,baseline_lancement
M268,2020-01-01,baseline_lancement
M2715,2020-01-01,baseline_lancement
M2732.001,2020-01-01,baseline_lancement
M2732.002,2020-01-01,baseline_lancement
M2732.003,2020-01-01,baseline_lancement
M2732.004,2020-01-01,baseline_lancement
M2734.001,2020-01-01,baseline_lancement
M2734.002,2020-01-01,baseline_lancement
M2734.003,2020-01-01,baseline_lancement
M2763,2020-01-01,baseline_lancement
M2765,2020-01-01,baseline_lancement
M2766.010,2020-01-01,baseline_lancement
M2767,2020-01-01,baseline_lancement
M2770,2020-01-01,baseline_lancement
M2771,2020-01-01,baseline_lancement
M283,2020-01-01,baseline_lancement
M284,2020-01-01,baseline_lancement
M287,2020-01-01,baseline_lancement
M2912.01,2020-01-01,baseline_lancement
M2912.02,2020-01-01,baseline_lancement
M2912.03,2020-01-01,baseline_lancement
M292,2020-01-01,baseline_lancement
M3006,2020-01-01,baseline_lancement
M332.12,2020-01-01,baseline_lancement
M332.18,2020-01-01,baseline_lancement
M332.25,2020-01-01,baseline_lancement
M348,2020-01-01,baseline_lancement
M351.06,2020-01-01,baseline_lancement
M351.07,2020-01-01,baseline_lancement
M359,2020-01-01,baseline_lancement
M363,2020-01-01,baseline_lancement
M3649_U,2020-01-01,baseline_lancement
M399,2020-01-01,baseline_lancement
M416,2020-01-01,baseline_lancement
M418,2020-01-01,baseline_lancement
M419.45,2020-01-01,baseline_lancement
M419.60,2020-01-01,baseline_lancement
M423.110,2020-01-01,baseline_lancement
M433.20,2020-01-01,baseline_lancement
M441,2020-01-01,baseline_lancement
M450,2020-01-01,baseline_lancement
M468T27,2020-01-01,baseline_lancement
M490.13,2020-01-01,baseline_lancement
M490.15,2020-01-01,baseline_lancement
M490.18,2020-01-01,baseline_lancement
M490.22,2020-01-01,baseline_lancement
M50,2020-01-01,baseline_lancement
M50125,2020-01-01,baseline_lancement
M50322,2020-01-01,baseline_lancement
M50323.12,2020-01-01,baseline_lancement
M50329.11,2020-01-01,baseline_lancement
M50346.15,2020-01-01,baseline_lancement
M50346.23,2020-01-01,baseline_lancement
M504,2020-01-01,baseline_lancement
M51,2020-01-01,baseline_lancement
M52,2020-01-01,baseline_lancement
M522,2020-01-01,baseline_lancement
M525,2020-01-01,baseline_lancement
M53,2020-01-01,baseline_lancement
M54,2020-01-01,baseline_lancement
M55,2020-01-01,baseline_lancement
M572,2020-01-01,baseline_lancement
M58,2020-01-01,baseline_lancement
M584,2020-01-01,baseline_lancement
M587,2020-01-01,baseline_lancement
M59,2020-01-01,baseline_lancement
M593,2020-01-01,baseline_lancement
M599,2020-01-01,baseline_lancement
M60,2020-01-01,baseline_lancement
M60010.13,2020-01-01,baseline_lancement
M60010.18,2020-01-01,baseline_lancement
M60010.23,2020-01-01,baseline_lancement
M60011.11,2020-01-01,baseline_lancement
M60011.13,2020-01-01,baseline_lancement
M60011.18,2020-01-01,baseline_lancement
M60011.20,2020-01-01,baseline_lancement
M60011.22,2020-01-01,baseline_lancement
M60011.25,2020-01-01,baseline_lancement
M60018_12,2020-01-01,baseline_lancement
M60018_15,2020-01-01,baseline_lancement
M60018_18,2020-01-01,baseline_lancement
M60018_22,2020-01-01,baseline_lancement
M60207.09,2020-01-01,baseline_lancement
M60525,2020-01-01,baseline_lancement
M60549.22,2020-01-01,baseline_lancement
M60687,2020-01-01,baseline_lancement
M60687_30,2020-01-01,baseline_lancement
M60692,2020-01-01,baseline_lancement
M60714.11,2020-01-01,baseline_lancement
M60714.18,2020-01-01,baseline_lancement
M60714.23,2020-01-01,baseline_lancement
M60738.08,2020-01-01,baseline_lancement
M60744,2020-01-01,baseline_lancement
M60773.10,2020-01-01,baseline_lancement
M60773.15,2020-01-01,baseline_lancement
M60791.12,2020-01-01,baseline_lancement
M60791.20,2020-01-01,baseline_lancement
M60814,2020-01-01,baseline_lancement
M60823.13,2020-01-01,baseline_lancement
M60823.15,2020-01-01,baseline_lancement
M60826,2020-01-01,baseline_lancement
M60827.11,2020-01-01,baseline_lancement
M60827.15,2020-01-01,baseline_lancement
M60827.19,2020-01-01,baseline_lancement
M60830.10,2020-01-01,baseline_lancement
M60833.13,2020-01-01,baseline_lancement
M60833.15,2020-01-01,baseline_lancement
M60833.18,2020-01-01,baseline_lancement
M60834,2020-01-01,baseline_lancement
M60847,2020-01-01,baseline_lancement
M60860.13,2020-01-01,baseline_lancement
M60860.18,2020-01-01,baseline_lancement
M60861.10,2020-01-01,baseline_lancement
M60861.13,2020-01-01,baseline_lancement
M60865.13,2020-01-01,baseline_lancement
M60865.15,2020-01-01,baseline_lancement
M60865.20,2020-01-01,baseline_lancement
M60882.13,2020-01-01,baseline_lancement
M60888,2020-01-01,baseline_lancement
M60889_10,2020-01-01,baseline_lancement
M60889_15,2020-01-01,baseline_lancement
M60891,2020-01-01,baseline_lancement
M61,2020-01-01,baseline_lancement
M63,2020-01-01,baseline_lancement
M64,2020-01-01,baseline_lancement
M65012,2020-01-01,baseline_lancement
M65016,2020-01-01,baseline_lancement
M66,2020-01-01,baseline_lancement
M670,2020-01-01,baseline_lancement
M670.06,2020-01-01,baseline_lancement
M686,2020-01-01,baseline_lancement
M69,2020-01-01,baseline_lancement
M6929,2020-01-01,baseline_lancement
M694,2020-01-01,baseline_lancement
M6956,2020-01-01,baseline_lancement
M696,2020-01-01,baseline_lancement
M698,2020-01-01,baseline_lancement
M698_P,2020-01-01,baseline_lancement
M70,2020-01-01,baseline_lancement
M71,2020-01-01,baseline_lancement
M713,2020-01-01,baseline_lancement
M714,2020-01-01,baseline_lancement
M731,2020-01-01,baseline_lancement
M8842,2020-01-01,baseline_lancement
M8909,2020-01-01,baseline_lancement
M8913,2020-01-01,baseline_lancement
M8914,2020-01-01,baseline_lancement
M8918,2020-01-01,baseline_lancement
M8934,2020-01-01,baseline_lancement
M8936,2020-01-01,baseline_lancement
M8937,2020-01-01,baseline_lancement
M8939,2020-01-01,baseline_lancement
M907,2020-01-01,baseline_lancement
M9213,2020-01-01,baseline_lancement
M9216,2020-01-01,baseline_lancement
M9217,2020-01-01,baseline_lancement
M9219,2020-01-01,baseline_lancement
M9244,2020-01-01,baseline_lancement
M9247,2020-01-01,baseline_lancement
M9248,2020-01-01,baseline_lancement
M9258,2020-01-01,baseline_lancement
M994,2020-01-01,baseline_lancement
MA120,2026-08-28,git_reconstruit
MA123,2020-01-01,baseline_lancement
MA150,2020-01-01,baseline_lancement
MA180,2020-01-01,baseline_lancement
MA181,2026-08-28,git_reconstruit
MA9436,2020-01-01,baseline_lancement
MA9438,2020-01-01,baseline_lancement
MA9439,2020-01-01,baseline_lancement
MA9441,2020-01-01,baseline_lancement
MA9442,2020-01-01,baseline_lancement
MA9443,2020-01-01,baseline_lancement
MAGNUM_COLOR_DMC,2020-01-01,baseline_lancement
MAGNUM_TWEED_DMC,2020-01-01,baseline_lancement
MAR44,2020-01-01,baseline_lancement
MC101K,2020-01-01,baseline_lancement
MC301,2020-01-01,baseline_lancement
MC362,2020-01-01,baseline_lancement
MC439,2020-01-01,baseline_lancement
MC450,2020-01-01,baseline_lancement
MC461,2020-01-01,baseline_lancement
MC466,2020-01-01,baseline_lancement
MC481,2020-01-01,baseline_lancement
MENFIS_K,2020-01-01,baseline_lancement
MERINO4_DMC,2020-01-01,baseline_lancement
MG9N40231,2020-01-01,baseline_lancement
MILOS_K,2020-01-01,baseline_lancement
MINCE00,2020-01-01,baseline_lancement
MINE01,2020-01-01,baseline_lancement
MINI001,2020-01-01,baseline_lancement
MK0024,2020-01-01,baseline_lancement
MK0025,2020-01-01,baseline_lancement
MK0026,2020-01-01,baseline_lancement
MK0028,2020-01-01,baseline_lancement
MLDI415,2020-01-01,baseline_lancement
MLDI436,2020-01-01,baseline_lancement
MN22838,2020-01-01,baseline_lancement
MN25280,2020-01-01,baseline_lancement
MN26539,2020-01-01,baseline_lancement
MN27499,2020-01-01,baseline_lancement
MN28113,2020-01-01,baseline_lancement
MN28502,2020-01-01,baseline_lancement
MN29332,2020-01-01,baseline_lancement
MN31946,2020-01-01,baseline_lancement
MN32424,2020-01-01,baseline_lancement
MN33056,2020-01-01,baseline_lancement
MN34848,2020-01-01,baseline_lancement
MN36569,2020-01-01,baseline_lancement
MN36996,2020-01-01,baseline_lancement
MN37566,2020-01-01,baseline_lancement
MN37771,2020-01-01,baseline_lancement
MN38600,2020-01-01,baseline_lancement
MN38617,2020-01-01,baseline_lancement
MN38624,2020-01-01,baseline_lancement
MN39287,2020-01-01,baseline_lancement
MN41358,2020-01-01,baseline_lancement
MNC404,2020-01-01,baseline_lancement
MO242BX,2020-01-01,baseline_lancement
MOULINE_COLORI_DMC,2020-01-01,baseline_lancement
MOULINE_DMC,2020-01-01,baseline_lancement
MOULINE_ETOILE_DMC,2020-01-01,baseline_lancement
MOULINE_METAL_DMC,2020-01-01,baseline_lancement
MOULINE_VARIATION,2020-01-01,baseline_lancement
MPK009,2020-01-01,baseline_lancement
MPP2.001,2020-01-01,baseline_lancement
MPP2.008,2020-01-01,baseline_lancement
MPP2.NOEL,2020-01-01,baseline_lancement
MR4671.670,2020-01-01,baseline_lancement
MR4698,2020-01-01,baseline_lancement
MR4699,2020-01-01,baseline_lancement
MR4701E,2020-01-01,baseline_lancement
MR4702E.XL.622,2020-01-01,baseline_lancement
MR4725,2020-01-01,baseline_lancement
MR4729.633,2020-01-01,baseline_lancement
MRC1531439,2020-01-01,baseline_lancement
MRC1531441,2020-01-01,baseline_lancement
MRCK273877,2020-01-01,baseline_lancement
MRCU62282,2020-01-01,baseline_lancement
MRFB.647,2020-01-01,baseline_lancement
MRHG4700,2020-01-01,baseline_lancement
MRHH.605,2020-01-01,baseline_lancement
MRL.616,2020-01-01,baseline_lancement
MRLTLE.438,2020-01-01,baseline_lancement
MRM,2020-01-01,baseline_lancement
MRM.137,2020-01-01,baseline_lancement
MRM.587,2020-01-01,baseline_lancement
MRME.651,2020-01-01,baseline_lancement
MTR_2,2020-01-01,baseline_lancement
MTR_3,2020-01-01,baseline_lancement
MTR_5,2020-01-01,baseline_lancement
MTR_6,2020-01-01,baseline_lancement
MTR_7,2020-01-01,baseline_lancement
MUSKSILVER,2020-01-01,baseline_lancement
MV0033L_130,2020-01-01,baseline_lancement
MV0034L_135,2026-08-18,git_reconstruit
MV0034L_175,2020-01-01,baseline_lancement
MYRIADE,2020-01-01,baseline_lancement
N5005,2020-01-01,baseline_lancement
NATURA_DENIM_DMC,2020-01-01,baseline_lancement
NATURA_DMC,2020-01-01,baseline_lancement
NATURA_GLAM,2020-01-01,baseline_lancement
NATURA_LINEN_DMC,2020-01-01,baseline_lancement
NATURA_MED_DMC,2020-01-01,baseline_lancement
NATURA_XL_DMC,2020-01-01,baseline_lancement
NCL.594,2020-01-01,baseline_lancement
NCL.638,2020-01-01,baseline_lancement
NE041,2020-01-01,baseline_lancement
NE045,2020-01-01,baseline_lancement
NE058,2026-08-18,git_reconstruit
NE080,2026-08-28,git_reconstruit
NE081,2026-08-18,git_reconstruit
NE082,2020-01-01,baseline_lancement
NL4147,2020-01-01,baseline_lancement
NL4165,2020-01-01,baseline_lancement
NL4166,2020-01-01,baseline_lancement
NL4189.B,2020-01-01,baseline_lancement
NL4192,2020-01-01,baseline_lancement
NL6546,2020-01-01,baseline_lancement
NL_10,2020-01-01,baseline_lancement
NOMADE_CB_,2020-01-01,baseline_lancement
OD.45051,2020-01-01,baseline_lancement
OD.45066,2020-01-01,baseline_lancement
OD.45067,2020-01-01,baseline_lancement
OD.45068,2020-01-01,baseline_lancement
OD.45073,2020-01-01,baseline_lancement
OD.45074,2020-01-01,baseline_lancement
OD.45122,2020-01-01,baseline_lancement
OD.45139,2020-01-01,baseline_lancement
OLY4500,2020-01-01,baseline_lancement
ONYX_40,2020-01-01,baseline_lancement
ONYX_4000,2020-01-01,baseline_lancement
OOOPS11,2020-01-01,baseline_lancement
OOOPS12,2020-01-01,baseline_lancement
OR2183D,2020-01-01,baseline_lancement
OR3618H,2020-01-01,baseline_lancement
OR97,2020-01-01,baseline_lancement
P.282.10,2020-01-01,baseline_lancement
P100.10,2020-01-01,baseline_lancement
P100.25.014,2020-01-01,baseline_lancement
P100.25.101,2020-01-01,baseline_lancement
P100_25,2020-01-01,baseline_lancement
P10116,2020-01-01,baseline_lancement
P10117,2020-01-01,baseline_lancement
P200,2020-01-01,baseline_lancement
P200.BLC,2020-01-01,baseline_lancement
P201.15,2020-01-01,baseline_lancement
P203,2020-01-01,baseline_lancement
P205,2020-01-01,baseline_lancement
P212,2020-01-01,baseline_lancement
P215,2020-01-01,baseline_lancement
P219,2020-01-01,baseline_lancement
P224,2020-01-01,baseline_lancement
P226,2020-01-01,baseline_lancement
P228,2020-01-01,baseline_lancement
P237,2020-01-01,baseline_lancement
P238,2020-01-01,baseline_lancement
P239,2020-01-01,baseline_lancement
P244,2020-01-01,baseline_lancement
P245.100,2020-01-01,baseline_lancement
P245.50,2020-01-01,baseline_lancement
P266,2020-01-01,baseline_lancement
P274,2020-01-01,baseline_lancement
PAK061,2026-08-18,git_reconstruit
PAK070,2020-01-01,baseline_lancement
PAK103,2026-08-18,git_reconstruit
PAK119,2026-08-18,git_reconstruit
PAK120,2026-08-18,git_reconstruit
PAK130,2020-01-01,baseline_lancement
PAK132,2020-01-01,baseline_lancement
PAK136,2026-08-18,git_reconstruit
PAK137,2020-01-01,baseline_lancement
PAK138,2020-01-01,baseline_lancement
PAK141,2020-01-01,baseline_lancement
PAK142,2026-08-18,git_reconstruit
PAK147,2020-01-01,baseline_lancement
PAK149,2020-01-01,baseline_lancement
PAK219,2026-08-18,git_reconstruit
PAK244,2020-01-01,baseline_lancement
PAK248,2020-01-01,baseline_lancement
PAK257,2020-01-01,baseline_lancement
PAK281,2026-08-18,git_reconstruit
PAK291,2026-08-18,git_reconstruit
PAK296,2026-08-18,git_reconstruit
PAK298,2026-08-18,git_reconstruit
PAK335,2026-08-18,git_reconstruit
PAK337,2026-08-18,git_reconstruit
PAK342,2026-08-18,git_reconstruit
PAK344,2020-01-01,baseline_lancement
PAK346,2026-08-18,git_reconstruit
PAK347,2020-01-01,baseline_lancement
PAK351,2020-01-01,baseline_lancement
PAK352,2026-08-18,git_reconstruit
PAK353,2026-08-18,git_reconstruit
PAK361,2026-08-18,git_reconstruit
PAK362,2020-01-01,baseline_lancement
PAK367,2020-01-01,baseline_lancement
PAK369,2020-01-01,baseline_lancement
PAK388,2026-08-18,git_reconstruit
PAK410,2026-08-18,git_reconstruit
PALJUT-01,2020-01-01,baseline_lancement
PATRON_FABRICARTEM,2020-01-01,baseline_lancement
PATRON_FAUVE,2020-01-01,baseline_lancement
PATRON_IKA,2020-01-01,baseline_lancement
PATRON_KATIA,2020-01-01,baseline_lancement
PATRON_WISSIEW,2020-01-01,baseline_lancement
PB.010,2020-01-01,baseline_lancement
PB.010U,2020-01-01,baseline_lancement
PB.050,2020-01-01,baseline_lancement
PB.050N,2020-01-01,baseline_lancement
PCE,2020-01-01,baseline_lancement
PCFP.642,2020-01-01,baseline_lancement
PE1007,2020-01-01,baseline_lancement
PE1011,2020-01-01,baseline_lancement
PERLE_12B_DMC,2020-01-01,baseline_lancement
PERLE_5B_DMC,2020-01-01,baseline_lancement
PERLE_5E_DMC,2020-01-01,baseline_lancement
PERLE_8B_DMC,2020-01-01,baseline_lancement
PERLE_METALISE_DMC,2020-01-01,baseline_lancement
PHIL_11,2020-01-01,baseline_lancement
PHIL_12,2020-01-01,baseline_lancement
PHIL_13,2020-01-01,baseline_lancement
PHIL_15,2020-01-01,baseline_lancement
PHIL_26,2020-01-01,baseline_lancement
PHIL_28,2020-01-01,baseline_lancement
PHIL_45B,2020-01-01,baseline_lancement
PHIL_5.5B,2020-01-01,baseline_lancement
PHIL_55,2020-01-01,baseline_lancement
PHIL_5B,2020-01-01,baseline_lancement
PHIL_65,2020-01-01,baseline_lancement
PHIL_A10,2020-01-01,baseline_lancement
PHIL_SEQUINS,2020-01-01,baseline_lancement
PIROUETTE_DMC,2020-01-01,baseline_lancement
PN002K,2020-01-01,baseline_lancement
PN003K,2020-01-01,baseline_lancement
PN007K,2020-01-01,baseline_lancement
PN011K,2020-01-01,baseline_lancement
PN012K,2020-01-01,baseline_lancement
PNC301,2020-01-01,baseline_lancement
PNC302,2020-01-01,baseline_lancement
PNC306,2020-01-01,baseline_lancement
POLYNESIA_K,2020-01-01,baseline_lancement
POMPOL,2020-01-01,baseline_lancement
POMPOL_122,2020-01-01,baseline_lancement
PORTE_BOBINE,2020-01-01,baseline_lancement
PRESTO,2020-01-01,baseline_lancement
PRY086103,2020-01-01,baseline_lancement
PRY225104,2020-01-01,baseline_lancement
PRY225170,2020-01-01,baseline_lancement
PRY390700,2020-01-01,baseline_lancement
PRY390900,2020-01-01,baseline_lancement
PRY390902,2020-01-01,baseline_lancement
PRY390903,2020-01-01,baseline_lancement
PRY393004,2020-01-01,baseline_lancement
PRY393031,2020-01-01,baseline_lancement
PRY401205,2020-01-01,baseline_lancement
PRY403150,2020-01-01,baseline_lancement
PRY403170,2020-01-01,baseline_lancement
PRY416130,2020-01-01,baseline_lancement
PRY416158,2020-01-01,baseline_lancement
PRY416160,2020-01-01,baseline_lancement
PRY416242,2020-01-01,baseline_lancement
PRY416295,2020-01-01,baseline_lancement
PRY416296,2020-01-01,baseline_lancement
PRY416385,2020-01-01,baseline_lancement
PRY416651,2020-01-01,baseline_lancement
PRY416655,2020-01-01,baseline_lancement
PRY416670,2020-01-01,baseline_lancement
PRY416671,2020-01-01,baseline_lancement
PRY416681,2020-01-01,baseline_lancement
PRY417110,2020-01-01,baseline_lancement
PRY418204,2020-01-01,baseline_lancement
PRY418209,2020-01-01,baseline_lancement
PRY418213,2020-01-01,baseline_lancement
PRY418400,2020-01-01,baseline_lancement
PRY418412,2020-01-01,baseline_lancement
PRY431700,2020-01-01,baseline_lancement
PRY526805,2020-01-01,baseline_lancement
PRY610294,2020-01-01,baseline_lancement
PRY610362,2020-01-01,baseline_lancement
PRY611143,2020-01-01,baseline_lancement
PRY611307,2020-01-01,baseline_lancement
PRY611308,2020-01-01,baseline_lancement
PRY611313,2020-01-01,baseline_lancement
PRY611319,2020-01-01,baseline_lancement
PRY611367,2020-01-01,baseline_lancement
PRY611370,2020-01-01,baseline_lancement
PRY611372,2020-01-01,baseline_lancement
PRY611700,2020-01-01,baseline_lancement
PRY611907,2020-01-01,baseline_lancement
PRY611908,2020-01-01,baseline_lancement
PRY611909,2020-01-01,baseline_lancement
PRY611911,2020-01-01,baseline_lancement
PRY611915,2020-01-01,baseline_lancement
PRY611937,2020-01-01,baseline_lancement
PRY612399,2020-01-01,baseline_lancement
PRY612551,2020-01-01,baseline_lancement
PRY615244,2020-01-01,baseline_lancement
PRY615939,2020-01-01,baseline_lancement
PRY615940,2020-01-01,baseline_lancement
PRY622237,2020-01-01,baseline_lancement
PRY624144,2020-01-01,baseline_lancement
PRY624170,2020-01-01,baseline_lancement
PRY673117,2020-01-01,baseline_lancement
PRY673125,2020-01-01,baseline_lancement
PRY673127,2020-01-01,baseline_lancement
PRY673128,2020-01-01,baseline_lancement
PRY673134,2020-01-01,baseline_lancement
PRY673137,2020-01-01,baseline_lancement
PRY910106,2020-01-01,baseline_lancement
PRY957463,2020-01-01,baseline_lancement
PRY968020,2020-01-01,baseline_lancement
PRY968210,2020-01-01,baseline_lancement
PRY968230,2020-01-01,baseline_lancement
PRY991941,2020-01-01,baseline_lancement
PRY_651751,2020-01-01,baseline_lancement
PTM_20,2020-01-01,baseline_lancement
PTM_24,2020-01-01,baseline_lancement
PTM_25,2020-01-01,baseline_lancement
PTM_26,2020-01-01,baseline_lancement
PTM_27,2020-01-01,baseline_lancement
PTM_3,2020-01-01,baseline_lancement
PTM_4,2020-01-01,baseline_lancement
PTM_41,2020-01-01,baseline_lancement
P_159,2020-01-01,baseline_lancement
P_237,2020-01-01,baseline_lancement
P_244,2020-01-01,baseline_lancement
P_266,2020-01-01,baseline_lancement
RAFFIA,2020-01-01,baseline_lancement
RE014,2026-08-18,git_reconstruit
RE015,2020-01-01,baseline_lancement
RE018,2020-01-01,baseline_lancement
RE024,2020-01-01,baseline_lancement
RE031,2020-01-01,baseline_lancement
RE038,2026-08-18,git_reconstruit
RE042,2020-01-01,baseline_lancement
RE043,2020-01-01,baseline_lancement
RE070,2020-01-01,baseline_lancement
RE071,2020-01-01,baseline_lancement
RE072,2020-01-01,baseline_lancement
RE075,2020-01-01,baseline_lancement
RE20,2020-01-01,baseline_lancement
RE30,2020-01-01,baseline_lancement
RE35,2020-01-01,baseline_lancement
RE40,2020-01-01,baseline_lancement
RE55,2020-01-01,baseline_lancement
REF.110,2020-01-01,baseline_lancement
REGIA_S,2020-01-01,baseline_lancement
RETORS_DMC,2020-01-01,baseline_lancement
REVELATION_DMC,2020-01-01,baseline_lancement
REVELATION_GLI_DMC,2020-01-01,baseline_lancement
RFTA2,2020-01-01,baseline_lancement
RIB_NEON,2020-01-01,baseline_lancement
RTF,2020-01-01,baseline_lancement
RU15227,2020-01-01,baseline_lancement
RUBAN,2020-01-01,baseline_lancement
RUB_1,2020-01-01,baseline_lancement
S.11149,2020-01-01,baseline_lancement
S.1129_40,2020-01-01,baseline_lancement
S.16593,2020-01-01,baseline_lancement
S.16629,2020-01-01,baseline_lancement
S.2159,2020-01-01,baseline_lancement
S.31024,2020-01-01,baseline_lancement
S.3205,2020-01-01,baseline_lancement
S.7866,2020-01-01,baseline_lancement
S.7870,2020-01-01,baseline_lancement
S.8110.05,2020-01-01,baseline_lancement
S01949,2020-01-01,baseline_lancement
S10137,2020-01-01,baseline_lancement
S1019,2020-01-01,baseline_lancement
S103_25,2020-01-01,baseline_lancement
S103_30,2020-01-01,baseline_lancement
S103_40,2020-01-01,baseline_lancement
S103_50,2020-01-01,baseline_lancement
S1048,2020-01-01,baseline_lancement
S1049,2020-01-01,baseline_lancement
S106_25,2020-01-01,baseline_lancement
S106_30,2020-01-01,baseline_lancement
S1102_25,2020-01-01,baseline_lancement
S1102_50,2020-01-01,baseline_lancement
S11130,2020-01-01,baseline_lancement
S11148,2020-01-01,baseline_lancement
S11151,2020-01-01,baseline_lancement
S11152,2020-01-01,baseline_lancement
S11200,2020-01-01,baseline_lancement
S1127,2020-01-01,baseline_lancement
S1146,2020-01-01,baseline_lancement
S116_15,2020-01-01,baseline_lancement
S116_20,2020-01-01,baseline_lancement
S12543.05,2020-01-01,baseline_lancement
S15,2020-01-01,baseline_lancement
S1507,2020-01-01,baseline_lancement
S16603,2020-01-01,baseline_lancement
S16630,2020-01-01,baseline_lancement
S1779,2020-01-01,baseline_lancement
S183,2020-01-01,baseline_lancement
S1880,2020-01-01,baseline_lancement
S1976.15,2020-01-01,baseline_lancement
S1976.32,2020-01-01,baseline_lancement
S1977,2020-01-01,baseline_lancement
S20724_25,2020-01-01,baseline_lancement
S20724_50,2020-01-01,baseline_lancement
S20752_38,2020-01-01,baseline_lancement
S2111,2020-01-01,baseline_lancement
S2120_6,2020-01-01,baseline_lancement
S2146,2020-01-01,baseline_lancement
S30043,2020-01-01,baseline_lancement
S31003,2020-01-01,baseline_lancement
S31004,2020-01-01,baseline_lancement
S3206,2020-01-01,baseline_lancement
S3504,2020-01-01,baseline_lancement
S3537,2020-01-01,baseline_lancement
S3856,2020-01-01,baseline_lancement
S4188,2020-01-01,baseline_lancement
S4783,2020-01-01,baseline_lancement
S4785,2020-01-01,baseline_lancement
S5289,2020-01-01,baseline_lancement
S5307,2020-01-01,baseline_lancement
S5860.50,2020-01-01,baseline_lancement
S5864.50,2020-01-01,baseline_lancement
S60399,2020-01-01,baseline_lancement
S60427,2020-01-01,baseline_lancement
S6091,2020-01-01,baseline_lancement
S6206,2020-01-01,baseline_lancement
S65200.40,2020-01-01,baseline_lancement
S67302,2020-01-01,baseline_lancement
S68003,2020-01-01,baseline_lancement
S68005,2020-01-01,baseline_lancement
S68006.40,2020-01-01,baseline_lancement
S68006.60,2020-01-01,baseline_lancement
S802,2020-01-01,baseline_lancement
S804,2020-01-01,baseline_lancement
S829,2020-01-01,baseline_lancement
S841,2020-01-01,baseline_lancement
S9085,2020-01-01,baseline_lancement
S9095,2020-01-01,baseline_lancement
S9096,2020-01-01,baseline_lancement
S9137_100,2020-01-01,baseline_lancement
S9149,2020-01-01,baseline_lancement
S923.02,2020-01-01,baseline_lancement
S923.03,2020-01-01,baseline_lancement
SALSA_CB,2020-01-01,baseline_lancement
SASH100,2020-01-01,baseline_lancement
SASH100M,2020-01-01,baseline_lancement
SASH20,2020-01-01,baseline_lancement
SASH20M,2020-01-01,baseline_lancement
SASH40L,2020-01-01,baseline_lancement
SC001625,2020-01-01,baseline_lancement
SC001687,2020-01-01,baseline_lancement
SC001830,2020-01-01,baseline_lancement
SE926.367,2020-01-01,baseline_lancement
SE928.376,2020-01-01,baseline_lancement
SE928.392,2020-01-01,baseline_lancement
SE929.570,2020-01-01,baseline_lancement
SERAPHINE,2020-01-01,baseline_lancement
SG004,2020-01-01,baseline_lancement
SK223,2020-01-01,baseline_lancement
SK315,2020-01-01,baseline_lancement
SPA72,2020-01-01,baseline_lancement
SPA73,2020-01-01,baseline_lancement
SUMMER_K,2020-01-01,baseline_lancement
SUNNY_CB,2020-01-01,baseline_lancement
SUPERBA_RICO,2020-01-01,baseline_lancement
T001_DIS,2020-01-01,baseline_lancement
T101.035,2020-01-01,baseline_lancement
T102.045,2020-01-01,baseline_lancement
T114.017,2020-01-01,baseline_lancement
T13-2E,2020-01-01,baseline_lancement
T188.30,2020-01-01,baseline_lancement
T1950,2020-01-01,baseline_lancement
TA-0014E,2020-01-01,baseline_lancement
TAM15,2020-01-01,baseline_lancement
TAPE_YARN_DMC,2020-01-01,baseline_lancement
TB148,2020-01-01,baseline_lancement
TB150,2026-08-18,git_reconstruit
TB156,2026-08-18,git_reconstruit
TB161,2026-08-18,git_reconstruit
TB165,2026-08-18,git_reconstruit
TB169,2020-01-01,baseline_lancement
TB175,2020-01-01,baseline_lancement
TB176,2026-08-18,git_reconstruit
TB177,2020-01-01,baseline_lancement
TB192,2020-01-01,baseline_lancement
TB193,2020-01-01,baseline_lancement
TB194,2020-01-01,baseline_lancement
TB195,2020-01-01,baseline_lancement
TB198,2026-08-18,git_reconstruit
TB200,2026-08-18,git_reconstruit
TB201,2020-01-01,baseline_lancement
TB202,2020-01-01,baseline_lancement
TB232,2020-01-01,baseline_lancement
TB233,2026-08-18,git_reconstruit
TB234,2026-08-18,git_reconstruit
TB246,2026-08-18,git_reconstruit
TB247,2026-08-18,git_reconstruit
TB248,2026-08-18,git_reconstruit
TB249,2026-08-18,git_reconstruit
TB250L,2026-08-18,git_reconstruit
TB251L,2026-08-18,git_reconstruit
TB252L,2026-08-18,git_reconstruit
TB253L,2026-08-18,git_reconstruit
TCK_BRO,2020-01-01,baseline_lancement
TED-020E,2020-01-01,baseline_lancement
TEDDY_DMC,2020-01-01,baseline_lancement
TH.BH30,2020-01-01,baseline_lancement
TISSU_INTERSTISS,2020-01-01,baseline_lancement
TIS_10,2020-01-01,baseline_lancement
TIS_280,2020-01-01,baseline_lancement
TIS_5,2020-01-01,baseline_lancement
TIS_A2008,2020-01-01,baseline_lancement
TIS_ABSORB,2020-01-01,baseline_lancement
TIS_AMEU,2020-01-01,baseline_lancement
TIS_CORAIL,2020-01-01,baseline_lancement
TIS_CRET,2020-01-01,baseline_lancement
TIS_DOUDOU,2020-01-01,baseline_lancement
TIS_EPONGE,2020-01-01,baseline_lancement
TIS_GAZE,2020-01-01,baseline_lancement
TIS_HERA,2020-01-01,baseline_lancement
TIS_JERSEY,2020-01-01,baseline_lancement
TIS_JUTE,2020-01-01,baseline_lancement
TIS_POPE,2020-01-01,baseline_lancement
TIS_PUL,2020-01-01,baseline_lancement
TIS_TOILE,2020-01-01,baseline_lancement
TIS_TT,2020-01-01,baseline_lancement
TIS_VELOURS,2020-01-01,baseline_lancement
TIS_VISC,2020-01-01,baseline_lancement
TK05A,2020-01-01,baseline_lancement
TK06,2020-01-01,baseline_lancement
TK25,2020-01-01,baseline_lancement
TLS_002,2020-01-01,baseline_lancement
TM20C,2020-01-01,baseline_lancement
TM25C,2020-01-01,baseline_lancement
TOILPN_L,2026-08-28,git_reconstruit
TOILPN_S,2026-08-28,git_reconstruit
TR110K,2020-01-01,baseline_lancement
TTHC35280,2020-01-01,baseline_lancement
TTR_TRIMITS,2020-01-01,baseline_lancement
TULIP_3,2020-01-01,baseline_lancement
TULIP_3.5,2020-01-01,baseline_lancement
TULIP_4.5,2020-01-01,baseline_lancement
TULIP_5.5,2020-01-01,baseline_lancement
TULIP_6,2020-01-01,baseline_lancement
TULIP_6.5,2020-01-01,baseline_lancement
T_SHIRT_DMC,2020-01-01,baseline_lancement
U1036,2020-01-01,baseline_lancement
U1736_10,2020-01-01,baseline_lancement
U1754_4,2020-01-01,baseline_lancement
U1888_05,2020-01-01,baseline_lancement
U1888_075,2020-01-01,baseline_lancement
U1888_1,2020-01-01,baseline_lancement
U1888_15,2020-01-01,baseline_lancement
U1888_2,2020-01-01,baseline_lancement
U1888_225,2020-01-01,baseline_lancement
U1888_25,2020-01-01,baseline_lancement
U1888_275,2020-01-01,baseline_lancement
U1888_3,2020-01-01,baseline_lancement
U1899_10,2020-01-01,baseline_lancement
U1953_10,2020-01-01,baseline_lancement
U1953_35,2020-01-01,baseline_lancement
U1953_4,2020-01-01,baseline_lancement
U1953_45,2020-01-01,baseline_lancement
U1953_5,2020-01-01,baseline_lancement
U1953_6,2020-01-01,baseline_lancement
U1953_7,2020-01-01,baseline_lancement
U1953_8,2020-01-01,baseline_lancement
U1953_9,2020-01-01,baseline_lancement
U1958_12,2020-01-01,baseline_lancement
U1965,2020-01-01,baseline_lancement
U1992,2020-01-01,baseline_lancement
U2056,2020-01-01,baseline_lancement
U2057,2020-01-01,baseline_lancement
U2095,2020-01-01,baseline_lancement
U2105,2020-01-01,baseline_lancement
U2107,2020-01-01,baseline_lancement
U2108,2020-01-01,baseline_lancement
U2109,2020-01-01,baseline_lancement
U2121,2020-01-01,baseline_lancement
U2362_5,2020-01-01,baseline_lancement
U2365,2026-08-18,git_reconstruit
U2366,2020-01-01,baseline_lancement
U2367,2020-01-01,baseline_lancement
U2368,2020-01-01,baseline_lancement
U2369,2026-08-18,git_reconstruit
U2370,2026-08-18,git_reconstruit
UNIC.002,2020-01-01,baseline_lancement
UNIC.012,2020-01-01,baseline_lancement
UTEAIG10,2020-01-01,baseline_lancement
UTEAIG12,2020-01-01,baseline_lancement
UTECR2,2020-01-01,baseline_lancement
UTECR9,2020-01-01,baseline_lancement
UTTACRYL_CB,2020-01-01,baseline_lancement
VECLRO_50_A,2026-08-31,git_reconstruit
VELCRO_20_A,2026-08-31,git_reconstruit
VELCRO_25_A,2026-08-31,git_reconstruit
VELCRO_25_C,2026-08-31,git_reconstruit
VELCRO_25_ELA,2026-08-31,git_reconstruit
VELCRO_50_C,2026-08-31,git_reconstruit
VELVET_DMC,2020-01-01,baseline_lancement
WD036,2020-01-01,baseline_lancement
WOW_REWASHI_K,2020-01-01,baseline_lancement
WOW_SPLASH_K,2020-01-01,baseline_lancement
X129,2020-01-01,baseline_lancement
Y9692_22,2020-01-01,baseline_lancement
Z100_10_20,2020-01-01,baseline_lancement
Z100_25_40,2020-01-01,baseline_lancement
Z100_45_60,2020-01-01,baseline_lancement
Z105_2065,2020-01-01,baseline_lancement
Z105_70100,2020-01-01,baseline_lancement
Z115_22,2020-01-01,baseline_lancement
Z115_40,2020-01-01,baseline_lancement
Z115_60,2020-01-01,baseline_lancement
Z118,2020-01-01,baseline_lancement
Z118.40,2020-01-01,baseline_lancement
Z118.60,2020-01-01,baseline_lancement
Z11_1020,2020-01-01,baseline_lancement
Z11_4560,2020-01-01,baseline_lancement
Z13,2020-01-01,baseline_lancement
Z14,2020-01-01,baseline_lancement
Z14_2060,2020-01-01,baseline_lancement
Z17,2020-01-01,baseline_lancement
Z19,2020-01-01,baseline_lancement
Z19_6575,2020-01-01,baseline_lancement
Z200,2020-01-01,baseline_lancement
Z200_2540,2020-01-01,baseline_lancement
Z200_4565,2020-01-01,baseline_lancement
Z200_70140,2020-01-01,baseline_lancement
Z215_45_60,2020-01-01,baseline_lancement
Z215_70,2020-01-01,baseline_lancement
Z220_100,2020-01-01,baseline_lancement
Z220_150,2020-01-01,baseline_lancement
Z220_200,2020-01-01,baseline_lancement
Z220_250,2020-01-01,baseline_lancement
Z220_400,2020-01-01,baseline_lancement
Z305,2020-01-01,baseline_lancement
Z310,2020-01-01,baseline_lancement
Z320,2020-01-01,baseline_lancement
Z320_0520,2020-01-01,baseline_lancement
Z325.25,2020-01-01,baseline_lancement
Z325.30,2020-01-01,baseline_lancement
Z51_1020,2020-01-01,baseline_lancement
Z51_2540,2020-01-01,baseline_lancement
Z51_4560,2020-01-01,baseline_lancement
Z54_2540,2020-01-01,baseline_lancement
Z54_4565,2020-01-01,baseline_lancement
Z54_70140,2020-01-01,baseline_lancement
Z58,2020-01-01,baseline_lancement
ZPAGETTI_H,2020-01-01,baseline_lancement
ZTIR,2020-01-01,baseline_lancement
Z_530,2020-01-01,baseline_lancement
