id,description
625,"Aiguille à appliquer/perler BOHIN : longue et fine, pour patchwork, quilting et pose de perles"
722,"Aiguille à broder A41F BOHIN : aiguille à main pointue, acier nickelé, pour broderie sur toile - Numérotée selon l'épaisseur (plus le n° est petit, plus l'aiguille est grosse)"
769,"Aiguille à broder A41F BOHIN : aiguille à main pointue, acier nickelé, pour broderie sur toile - Numérotée selon l'épaisseur (plus le n° est petit, plus l'aiguille est grosse)"
716,"Aiguille à broder A41F BOHIN : aiguille à main pointue, acier nickelé, pour broderie sur toile - Numérotée selon l'épaisseur (plus le n° est petit, plus l'aiguille est grosse)"
718,"Aiguille à broder A41F BOHIN : aiguille à main pointue, acier nickelé, pour broderie sur toile - Numérotée selon l'épaisseur (plus le n° est petit, plus l'aiguille est grosse)"
721,"Aiguille à broder A41F BOHIN : aiguille à main pointue, acier nickelé, pour broderie sur toile - Numérotée selon l'épaisseur (plus le n° est petit, plus l'aiguille est grosse)"
323,"Aiguille à coudre à la main demi-longue ""betweens"" A1/2F BOHIN : pour couture sur tissus serrés et épais"
1141,"Aiguille à coudre le cuir BOHIN : pointe adaptée aux matières épaisses, pour coudre cuir et peau"
322,"Aiguille à coudre à la main demi-longue ""betweens"" A1/2F BOHIN : pour couture sur tissus serrés et épais"
320,"Aiguille à coudre à la main demi-longue ""betweens"" A1/2F BOHIN : pour couture sur tissus serrés et épais"
321,"Aiguille à coudre à la main demi-longue ""betweens"" A1/2F BOHIN : pour couture sur tissus serrés et épais"
269,Aiguille à coudre à la main longue A1F BOHIN : pour couture courante sur tissus légers à moyens
222,Aiguille à coudre à la main longue A1F BOHIN : pour couture courante sur tissus légers à moyens
223,Aiguille à coudre à la main longue A1F BOHIN : pour couture courante sur tissus légers à moyens
220,Aiguille à coudre à la main longue A1F BOHIN : pour couture courante sur tissus légers à moyens
221,Aiguille à coudre à la main longue A1F BOHIN : pour couture courante sur tissus légers à moyens
1142,"Assortiment d'aiguilles à main spéciales jean BOHIN : fin et épais, pour repriser des accrocs ou broder sur denim"
83099,Aiguille à coudre spéciale tricot BOHIN : pointe arrondie pour assembler les mailles sans les fendre
622,"Aiguille à main ""mode""/modiste A31F BOHIN : pour surfiler, froncer et bâtir"
610,"Aiguille à main ""mode""/modiste A31F BOHIN : pour surfiler, froncer et bâtir"
668,"Aiguille à main ""mode""/modiste A31F BOHIN : pour surfiler, froncer et bâtir"
621,"Aiguille à main ""mode""/modiste A31F BOHIN : pour surfiler, froncer et bâtir"
503,"Aiguille à repriser A21F BOHIN : aiguille longue à grand chas, acier nickelé, pour repriser et raccommoder tout type de tissu"
568,"Aiguille à repriser A21F BOHIN : aiguille longue à grand chas, acier nickelé, pour repriser et raccommoder tout type de tissu"
10006,"Aiguille à repriser longue A11 BOHIN : grand chas, pour le montage des tricots et les reprises"
10003,"Aiguille à repriser longue A11 BOHIN : grand chas, pour le montage des tricots et les reprises"
10003_U,"Aiguille à repriser longue A11 BOHIN : grand chas, pour le montage des tricots et les reprises"
468,"Aiguille à repriser longue A11 BOHIN : grand chas, pour le montage des tricots et les reprises"
772,"Aiguille à broder A41F BOHIN : aiguille à main pointue, acier nickelé, pour broderie sur toile - Numérotée selon l'épaisseur (plus le n° est petit, plus l'aiguille est grosse)"
770,"Aiguille à broderie avec ruban P3 BOHIN : chas large pour ruban, pour la broderie au ruban"
880,"Aiguille à broder A41F BOHIN : aiguille à main pointue, acier nickelé, pour broderie sur toile - Numérotée selon l'épaisseur (plus le n° est petit, plus l'aiguille est grosse)"
870,"Aiguille à broder A41F BOHIN : aiguille à main pointue, acier nickelé, pour broderie sur toile - Numérotée selon l'épaisseur (plus le n° est petit, plus l'aiguille est grosse)"
780,"Aiguille broderie/canevas à bout rond BOHIN : pointe arrondie, pour canevas et point de croix"
11899,"Aiguille carrelet triangulaire A54 BOHIN : pointe triangulaire tranchante, pour coudre le cuir"
232,Aiguille à coudre Sashiko BOHIN : longue aiguille japonaise pour le point Sashiko
12124,"Aiguille à emballage droite A72 BOHIN : grande aiguille robuste, pour ficeler et coudre emballages et sacs"
12212,"Aiguille à emballage courbe A73 BOHIN : pointe courbe, pour coudre/ficeler emballages et sacs"
98963,"Aiguille machine ""anti-colle"" BOHIN : traitement anti-adhérent, pour coudre tissus enduits/adhésifs sans encrasser l'aiguille"
18095,"Aiguille machine universelle BOHIN B10, pour tissus courants"
98419,"Aiguille machine ""Top Stitch"" (surpiqûre) BOHIN : gros chas pour fils épais décoratifs"
18249,"Aiguille machine BOHIN talon rond, système 287, pour machines à coudre familiales"
18247,"Aiguille machine BOHIN talon rond, système 287, pour machines à coudre familiales"
18248,"Aiguille machine BOHIN talon rond, système 287, pour machines à coudre familiales"
18049,"Aiguille machine universelle BOHIN, système 705 (talon plat), pour machines à coudre familiales"
18050,"Aiguille machine universelle BOHIN, système 705 (talon plat), pour machines à coudre familiales"
18045,"Aiguille machine universelle BOHIN, système 705 (talon plat), pour machines à coudre familiales"
18046,"Aiguille machine universelle BOHIN, système 705 (talon plat), pour machines à coudre familiales"
18047,"Aiguille machine universelle BOHIN, système 705 (talon plat), pour machines à coudre familiales"
18048,"Aiguille machine universelle BOHIN, système 705 (talon plat), pour machines à coudre familiales"
19948,"Aiguille machine spéciale cuir BOHIN : pointe triangulaire tranchante, pour cuir et simili"
98417,"Aiguille machine universelle BOHIN, système 705 (talon plat), pour machines à coudre familiales"
19649,"Aiguille machine spéciale jean BOHIN : pointe renforcée, pour tissus épais type denim"
19898,"Aiguille machine spéciale jersey BOHIN : pointe à bille, pour tissus extensibles"
19598,"Aiguille machine spéciale stretch BOHIN : pointe à bille, pour tissus élastiques"
19746,Aiguille machine jumelée (twin) BOHIN : pour points décoratifs et ourlets doubles
19747,Aiguille machine jumelée (twin) BOHIN : pour points décoratifs et ourlets doubles
98416,"Aiguille machine universelle BOHIN B10, pour tissus courants"
93210,"Aiguille machine Microtex BOHIN : pointe fine et acérée, pour tissus fins et microfibres"
12314,"Aiguille matelas droite A74 BOHIN : aiguille droite robuste, pour capitonnage, ameublement et rembourrage"
12312,"Aiguille matelas droite A74 BOHIN : aiguille droite robuste, pour capitonnage, ameublement et rembourrage"
12316,"Aiguille matelas droite A74 BOHIN : aiguille droite robuste, pour capitonnage, ameublement et rembourrage"
12320,"Aiguille matelas droite A74 BOHIN : aiguille droite robuste, pour capitonnage, ameublement et rembourrage"
669,"Aiguille à main ""mode""/modiste A31F BOHIN : pour surfiler, froncer et bâtir"
1099,"Aiguille à main ""vue fatiguée"" A5F BOHIN : grand chas facile à enfiler, pour couture courante sur tissus légers à moyens"
15406,"Aiguille Smyrne sans pointe A44 BOHIN : grand chas, pour le point noué Smyrne sur canevas"
98410,Aiguille pour surjeteuse BOHIN : système adapté aux machines surjeteuses
98412,Aiguille pour surjeteuse BOHIN : système adapté aux machines surjeteuses
98414,Aiguille pour surjeteuse BOHIN : système adapté aux machines surjeteuses
98405,"Aiguille tapisserie sans pointe A42F BOHIN : bout arrondi, pour broderie sur canevas et point de croix sans fendre les fils de la toile"
932,"Aiguille tapissier à pointe A43F BOHIN : pointe acérée, pour tapisserie sur tissu tissé"
878,"Aiguille tapisserie sans pointe A42F BOHIN : bout arrondi, pour broderie sur canevas et point de croix sans fendre les fils de la toile"
826,"Aiguille tapisserie sans pointe A42F BOHIN : bout arrondi, pour broderie sur canevas et point de croix sans fendre les fils de la toile"
828,"Aiguille tapisserie sans pointe A42F BOHIN : bout arrondi, pour broderie sur canevas et point de croix sans fendre les fils de la toile"
830,"Aiguille tapisserie sans pointe A42F BOHIN : bout arrondi, pour broderie sur canevas et point de croix sans fendre les fils de la toile"
832,"Aiguille tapisserie sans pointe A42F BOHIN : bout arrondi, pour broderie sur canevas et point de croix sans fendre les fils de la toile"
834,"Aiguille tapisserie sans pointe A42F BOHIN : bout arrondi, pour broderie sur canevas et point de croix sans fendre les fils de la toile"
836,"Aiguille tapisserie sans pointe A42F BOHIN : bout arrondi, pour broderie sur canevas et point de croix sans fendre les fils de la toile"
838,"Aiguille tapisserie sans pointe A42F BOHIN : bout arrondi, pour broderie sur canevas et point de croix sans fendre les fils de la toile"
98406,"Aiguille tapisserie sans pointe A42F BOHIN : bout arrondi, pour broderie sur canevas et point de croix sans fendre les fils de la toile"
930,"Aiguille tapissier à pointe A43F BOHIN : pointe acérée, pour tapisserie sur tissu tissé"
83599,Aiguille voile BOHIN : fine aiguille pour tissus légers et voilages
10006_U,"Aiguille à repriser longue A11 BOHIN : grand chas, pour le montage des tricots et les reprises"
768,"Aiguille à broder A41F BOHIN : aiguille à main pointue, acier nickelé, pour broderie sur toile - Numérotée selon l'épaisseur (plus le n° est petit, plus l'aiguille est grosse)"
504,"Aiguille à repriser A21F BOHIN : aiguille longue à grand chas, acier nickelé, pour repriser et raccommoder tout type de tissu"
83499,"Aiguille à coudre le cuir BOHIN : pointe adaptée aux matières épaisses, pour coudre cuir et peau"
81599,"Assortiment d'aiguilles à main ""bricoleurs"" BOHIN : diverses tailles pour petits travaux de couture et réparations"
12710,"Aiguille courbe A75 BOHIN : pour bâtir, froncer et réparer fauteuils/canapés dans les espaces difficiles d'accès - Acier nickelé"
12708,"Aiguille courbe A75 BOHIN : pour bâtir, froncer et réparer fauteuils/canapés dans les espaces difficiles d'accès - Acier nickelé"
12714,"Aiguille courbe A75 BOHIN : pour bâtir, froncer et réparer fauteuils/canapés dans les espaces difficiles d'accès - Acier nickelé"
12712,"Aiguille courbe A75 BOHIN : pour bâtir, froncer et réparer fauteuils/canapés dans les espaces difficiles d'accès - Acier nickelé"
18198,Assortiment de 5 aiguilles machine BOHIN de tailles variées
83899,"Aiguille matelas droite A74 BOHIN : aiguille droite robuste, pour capitonnage, ameublement et rembourrage"
83999,"Aiguille matelas droite A74 BOHIN : aiguille droite robuste, pour capitonnage, ameublement et rembourrage"
616,"Aiguille à main ""mode""/modiste A31F BOHIN : pour surfiler, froncer et bâtir"
81958,Enfile-aiguille BOHIN : facilite l'enfilage du fil dans le chas de l'aiguille
50410,"Épingle de sûreté BOHIN, acier nickelé"
50412,"Épingle de sûreté BOHIN, acier nickelé"
50414,"Épingle de sûreté BOHIN, acier nickelé"
26661,Épingles à tête BOHIN : pour épinglage du tissu avant couture
26192,Épingles à tête perle BOHIN : pour couture et loisirs créatifs
26598,Épingles à tête BOHIN : pour épinglage du tissu avant couture
82199,Passe-lacet BOHIN : outil pour enfiler cordons et lacets dans un tunnel de tissu
43912,Épingles extra-fines BOHIN : pour tissus délicats
46898,"Épingles Houzeaux à tête poire BOHIN, 60mm : pour patchwork et couture"
26703,Épingles à tête plastique colorée BOHIN : pour un repérage facile dans le tissu
26707,Épingles à tête plastique colorée BOHIN : pour un repérage facile dans le tissu
PRY526805,Lot de 100 sachets/crochets pour rail de rideaux
390740,"Boîte de 60 boutons pression Jersey Ø8mm multicolores, à poser sans couture (pince Vario ou Vario Creative Tool)"
393080,"Bouton plastique enfant Prym Love, forme étoile, coloris rouge, à coudre"
1763_1,"Lot de 2 aiguilles plastique à bout rond pour canevas DMC, adaptées aux enfants et débutants"
GC001,"Lot de 10 archets (range-fils) DMC, pour organiser les échevettes de fil à broder par coloris"
PERLE_5B_DMC,"Coton perlé DMC N°5, pelote - Fil 100% coton mercerisé non divisible, aspect torsadé brillant, pour broderie décorative et Hardanger"
PERLE_12B_DMC,"Coton perlé DMC N°12, pelote - Fil 100% coton mercerisé non divisible, plus fin que le N°5, pour broderie fine et monogrammes"
C2502,"Canevas DMC ""Carpe Koï"", 16x22cm - Toile imprimée prête à broder"
C09N241K,"Canevas gros trous DMC ""Didier Dino"", 15x15cm - Toile à larges mailles pour initiation, motif imprimé"
C2503,"Canevas DMC ""Léopard"", 24x30cm, sans fils - Toile imprimée prête à broder (fils non inclus)"
C2205,"Canevas DMC ""New York"", 30x42cm, sans fils - Toile imprimée prête à broder (fils non inclus)"
C2508,"Canevas DMC ""Paris"", 30x41,3cm, sans fils - Toile imprimée prête à broder (fils non inclus)"
C2501,"Canevas DMC ""Perroquet"", 16x21,5cm - Toile imprimée prête à broder"
C2208,"Canevas DMC ""Rio"", 30x42cm, sans fils - Toile imprimée prête à broder (fils non inclus)"
6101_12,Lot de 56 cartonnettes DMC pour ranger et identifier les fils à broder par numéro de coloris
2171129,"Lot de 3 tambours à broder Milward + pied support, 15,2/20,3/25,4cm - Marque britannique de mercerie depuis 1730"
MOULINE_METAL_DMC,"Fil mouliné métallisé/irisé DMC, échevette 8m, effet scintillant pour rehauts brillants en broderie"
MOULINE_ETOILE_DMC,"Fil mouliné Étoile DMC : 73% coton / 27% polyamide métallique, échevette 8m, 6 brins séparables, effet scintillant discret"
PERLE_5E_DMC,"Coton perlé DMC N°5, échevette 25m (5g) - Fil 100% coton mercerisé non divisible, torsadé et brillant, idéal broderie décorative/Hardanger"
PERLE_METALISE_DMC,"Coton perlé métallisé DMC N°5, échevette 25m - Fil métallisé polyester/viscose non divisible, chatoyant"
MOULINE_DMC,"Fil mouliné Spécial DMC : 100% coton longues fibres, échevette 8m, 6 brins séparables, double mercerisé, grand teint - Référence mondiale du point de croix"
MOULINE_COLORI_DMC,"Fil mouliné Spécial DMC coloris (dégradé multicolore sur une même échevette), 100% coton, 8m, 6 brins séparables"
MOULINE_VARIATION,"Fil mouliné DMC Color Variations : 100% coton, 8m, 6 brins séparables, dégradé progressif sur l'échevette pour effets d'ombré"
RETORS_DMC,"Fil Retors Mat DMC : fil retors 100% coton à finition mate (non mercerisé), pour broderie traditionnelle et point de croix sur lin"
BK1896,"Kit d'initiation à la broderie 1/2 point DMC ""Perroquet"" avec tambour, spécial enfant - contient tambour, toile, fils et grille explicative simplifiée"
KIT117_PRIM,"Assortiment de 12 échevettes de fil mouliné DMC, coloris ""Primaire"" (couleurs vives)"
KIT117_PAST,"Assortiment de 12 échevettes de fil mouliné DMC, coloris ""Pastel"""
TB195,"Kit de broderie DMC ""Champs de tournesols"" - contient toile, fils mouliné, aiguille et modèle à broder"
FC210,"Kit de broderie DMC ""Étoiles"" technique Magic Paper (papier soluble à broder) - contient papier Magic Paper, fils mouliné, aiguille et modèle"
TB194,"Kit de broderie DMC ""Pluie Océane"" - contient toile, fils mouliné, aiguille et modèle à broder"
TB202,"Kit de broderie DMC ""Portrait et Coquelicot"", 17x28cm - contient toile, fils mouliné, aiguille et modèle à broder"
TB177,"Kit de broderie duo DMC ""Coquelicot"" - 2 modèles, contient toile, fils mouliné, aiguilles et modèles à broder"
TB148,"Kit de broderie perlée DMC ""Ondes Positives"" - contient toile, fils et perles, aiguille et modèle à broder"
C125K,"Kit canevas DMC ""Marguerites"", 12x15cm - contient canevas imprimé, laine/fils et aiguille"
C142K,"Kit canevas DMC ""Ours géométrique"", 20x21cm - contient canevas imprimé, laine/fils et aiguille"
C129K,"Kit canevas DMC ""Vague"" (design Beth J.), 12x15cm - contient canevas imprimé, laine/fils et aiguille"
C128K,"Kit canevas DMC ""Van"" (design Joanna H.), 12x15cm - contient canevas imprimé, laine/fils et aiguille"
C06N81K,"Kit canevas gros trous DMC ""Flamant Rose"", 13x18cm - toile à larges mailles adaptée aux débutants et enfants"
BK1953,"Kit duo point de croix DMC ""Composition Persane"" - 2 modèles, contient toile Aida, fils mouliné, aiguilles et grilles explicatives"
TB175,"Kit de broderie duo DMC ""Anémone"" - 2 modèles, contient toile, fils mouliné, aiguilles et modèles à broder"
BK1937,"Kit point de croix DMC avec tambour ""Violettes"", 18cm - contient tambour à broder, toile, fils mouliné et grille explicative"
FC209,"Kit point de croix DMC ""Pirate"" technique Magic Paper (papier soluble à broder) - contient papier Magic Paper, fils mouliné, aiguille et modèle"
BL1067_71,"Kit point de croix DMC ""Champ de blé aux cyprès"" d'après Van Gogh, collection Musées - 29x23cm, contient toile Aida, fils mouliné, aiguille et grille explicative"
BK1995,"Kit point de croix DMC ""La Nuit étoilée"" d'après Van Gogh, collection Musées - 35x28cm, contient toile Aida, fils mouliné/étoile, aiguille et grille explicative"
BK1991,"Kit point de croix DMC ""Le Cri"" d'après Edvard Munch, collection Musées - 28x36cm, contient toile Aida, fils mouliné, aiguille et grille explicative"
BK1994,"Kit point de croix marque-page DMC ""Le Cadre"" d'après Frida Kahlo, collection Musées - contient toile Aida, fils mouliné, aiguille et grille explicative"
BK1999,"Kit point de croix marque-page DMC ""Le Baiser"" d'après Gustav Klimt, collection Musées - contient toile Aida, fils mouliné et étoile, aiguille et grille explicative"
BK1992,"Kit point de croix marque-page DMC ""Le Cri"" d'après Edvard Munch, collection Musées - contient toile Aida, fils mouliné, aiguille et grille explicative"
BK1998,"Kit point de croix marque-page DMC ""Le Fuji Rouge"" d'après Katsushika Hokusai, collection Musées - contient toile Aida, fils mouliné, aiguille et grille explicative"
BK1993,"Kit point de croix DMC ""Le Cadre"" d'après Frida Kahlo, collection Musées - 25x35cm, contient toile Aida, fils mouliné, aiguille et grille explicative"
BK1997,"Kit point de croix DMC ""Le Fuji Rouge"" d'après Katsushika Hokusai, collection Musées - 35x23cm, contient toile Aida, fils mouliné, aiguille et grille explicative"
BK2018,"Kit point de croix DMC avec tambour ""Poisson"" - contient tambour à broder, toile, fils mouliné et grille explicative"
BK2019,"Kit point de croix DMC avec tambour ""Poulpe"" - contient tambour à broder, toile, fils mouliné et grille explicative"
BL1167_76,"Kit point de croix DMC ""Aquarelle Fleurs en bocaux"" - 30x20cm, contient toile Aida, fils mouliné, aiguille et grille explicative"
PN012K,"Kit punch needle DMC ""Balade dans la Jungle"" - contient toile, aiguille punch needle, fils/laine et modèle"
PN007K,"Kit punch needle DMC ""Bébé Renard"" - contient toile, aiguille punch needle, fils/laine et modèle"
PN002K,"Kit punch needle DMC ""Douceur Marine"" - contient toile, aiguille punch needle, fils/laine et modèle"
PN011K,"Kit punch needle DMC ""Fleurs Tropicales"" - contient toile, aiguille punch needle, fils/laine et modèle"
PN003K,"Kit punch needle DMC ""Terre de Sable"" - contient toile, aiguille punch needle, fils/laine et modèle"
FC10000,"Feuille Magic Paper DMC vierge, format A4 : papier soluble à broder, se dissout à l'eau une fois la broderie terminée"
MO242BX,"Rouleau d'étamine DMC, 10 fils/cm, 50x61cm - Toile de broderie pour point compté"
LC257BX,"Rouleau toile Aida en lin DMC, 5,5 pts/cm, 38x45cm - Support de broderie point de croix"
GD1443BX,"Rouleau toile Aida irisée DMC, 5,5 pts/cm, 38x45cm - Effet chatoyant, support de broderie point de croix"
GD1440BX,"Rouleau toile Aida métallisée DMC, 5,5 pts/cm, 38x45cm - Effet brillant, support de broderie point de croix"
U1992,"Support pour cadre de broderie DMC, 8x6x2cm - Pour présenter un ouvrage terminé"
MK0024,"Tambour à broder DMC en bois, Ø12.5cm - Maintient le tissu tendu pendant la broderie"
MK0025,"Tambour à broder DMC en bois, Ø15.5cm - Maintient le tissu tendu pendant la broderie"
MK0026,"Tambour à broder DMC en bois, Ø18.5cm - Maintient le tissu tendu pendant la broderie"
MV0033L_130,"Tambour à broder plastique rond DMC, Ø13cm"
U2056,"Tambour à broder en bois DMC, Ø7,5cm"
U2095,"Tambour carré blanc DMC pour broderie, 43x43cm - Grand format pour ouvrages encadrés"
U2107,"Tambour ovale en bois DMC, 12,5x20cm"
MV0034L_175,"Tambour ovale plastique DMC, 17,5x13cm"
DT212,"Toile à canevas interlock DMC, 1,3 pt/cm, 100cm - Support pour tapis au point noué"
GD1436BXI,"Toile Aida imprimée DMC, 5,5 pts/cm, 38x45cm - Motif pré-imprimé à broder au point de croix"
DC29SO_T1,"Toile Aida DMC 2,4 pts/cm, spéciale technique Punch Needle"
DC29SO_T2,"Toile Aida DMC 2,4 pts/cm, grand format (50,8x61cm) - Toile à larges mailles adaptée au Punch Needle et aux gros points"
DC7700,"Toile tire-fils DMC 10 fils/cm, 38,1x45,7cm - Support pour broderie sur jours et point compté"
AA1075032,"Ciseaux classiques universels Fiskars, 21cm, droitier - Marque finlandaise emblématique (manche orange)"
AA1075036,"Ciseaux classiques universels Fiskars, 21cm, gaucher"
2183104,"Ciseaux couturière acier Milward, 20cm"
2189029,"Ciseaux couturière acier Milward, 23cm"
2183105,"Ciseaux couturière acier Milward, 27cm"
AA1005151,"Ciseaux Fiskars Classic professionnels, 25cm"
Z118.40,"Fermeture éclair invisible Milward N°3, 40cm"
Z_530,"Tirette de rechange pour fermeture éclair Milward, forme étoile"
ART334,"Fil à coudre câblé DMC 100% coton, pour coutures fortes sur tous textiles"
DIAMANT_DMC,"Fil à broder Diamant DMC : fil métallisé et lumineux (72% viscose / 28% polyester métallisé), bobine 35m, broderie main uniquement, ne s'effiloche pas"
202B,"Fil à coudre DMC spécial quilting, 100% coton, bobine 200m - Pour l'assemblage et la finition des ouvrages de patchwork"
GUTJEAN.4888,"Fil à coudre Gütermann spécial jean, 100m, coloris 4888 - Fil renforcé pour tissus épais type denim"
GUTJEAN.5154,"Fil à coudre Gütermann spécial jean, 100m, coloris 5154"
GUTJEAN.5397,"Fil à coudre Gütermann spécial jean, 100m, coloris 5397"
GUT1000.000,"Fil à coudre Gütermann 100% polyester, bobine 1000m, coloris noir - Fil sew-all universel toutes machines"
ART280,"Fil métallisé doré DMC, pour rehauts brillants en broderie"
1022-4001,"Fil à coudre DMC 100% polyester, bobine 120m, grosseur métrique 72/2 (n°70) - Couture main et machine, tous textiles, coloris 4001"
1022-4013,"Fil à coudre DMC 100% polyester, bobine 120m, grosseur métrique 72/2 (n°70) - Couture main et machine, tous textiles, coloris 4013"
1022-4018,"Fil à coudre DMC 100% polyester, bobine 120m, grosseur métrique 72/2 (n°70) - Couture main et machine, tous textiles, coloris 4018"
1022-4026,"Fil à coudre DMC 100% polyester, bobine 120m, grosseur métrique 72/2 (n°70) - Couture main et machine, tous textiles, coloris 4026"
1022-4031,"Fil à coudre DMC 100% polyester, bobine 120m, grosseur métrique 72/2 (n°70) - Couture main et machine, tous textiles, coloris 4031"
1022-4032,"Fil à coudre DMC 100% polyester, bobine 120m, grosseur métrique 72/2 (n°70) - Couture main et machine, tous textiles, coloris 4032"
1022-4033,"Fil à coudre DMC 100% polyester, bobine 120m, grosseur métrique 72/2 (n°70) - Couture main et machine, tous textiles, coloris 4033"
1022-4037,"Fil à coudre DMC 100% polyester, bobine 120m, grosseur métrique 72/2 (n°70) - Couture main et machine, tous textiles, coloris 4037"
1022-4038,"Fil à coudre DMC 100% polyester, bobine 120m, grosseur métrique 72/2 (n°70) - Couture main et machine, tous textiles, coloris 4038"
1022-4042,"Fil à coudre DMC 100% polyester, bobine 120m, grosseur métrique 72/2 (n°70) - Couture main et machine, tous textiles, coloris 4042"
1022-4046,"Fil à coudre DMC 100% polyester, bobine 120m, grosseur métrique 72/2 (n°70) - Couture main et machine, tous textiles, coloris 4046"
1022-4054,"Fil à coudre DMC 100% polyester, bobine 120m, grosseur métrique 72/2 (n°70) - Couture main et machine, tous textiles, coloris 4054"
1022-4057,"Fil à coudre DMC 100% polyester, bobine 120m, grosseur métrique 72/2 (n°70) - Couture main et machine, tous textiles, coloris 4057"
1022-4066,"Fil à coudre DMC 100% polyester, bobine 120m, grosseur métrique 72/2 (n°70) - Couture main et machine, tous textiles, coloris 4066"
1022-4073,"Fil à coudre DMC 100% polyester, bobine 120m, grosseur métrique 72/2 (n°70) - Couture main et machine, tous textiles, coloris 4073"
1022-4084,"Fil à coudre DMC 100% polyester, bobine 120m, grosseur métrique 72/2 (n°70) - Couture main et machine, tous textiles, coloris 4084"
1022-4088,"Fil à coudre DMC 100% polyester, bobine 120m, grosseur métrique 72/2 (n°70) - Couture main et machine, tous textiles, coloris 4088"
1022-4090,"Fil à coudre DMC 100% polyester, bobine 120m, grosseur métrique 72/2 (n°70) - Couture main et machine, tous textiles, coloris 4090"
1022-4091,"Fil à coudre DMC 100% polyester, bobine 120m, grosseur métrique 72/2 (n°70) - Couture main et machine, tous textiles, coloris 4091"
1022-4092,"Fil à coudre DMC 100% polyester, bobine 120m, grosseur métrique 72/2 (n°70) - Couture main et machine, tous textiles, coloris 4092"
1022-4093,"Fil à coudre DMC 100% polyester, bobine 120m, grosseur métrique 72/2 (n°70) - Couture main et machine, tous textiles, coloris 4093"
1022-4094,"Fil à coudre DMC 100% polyester, bobine 120m, grosseur métrique 72/2 (n°70) - Couture main et machine, tous textiles, coloris 4094"
1022-4095,"Fil à coudre DMC 100% polyester, bobine 120m, grosseur métrique 72/2 (n°70) - Couture main et machine, tous textiles, coloris 4095"
1022-4096,"Fil à coudre DMC 100% polyester, bobine 120m, grosseur métrique 72/2 (n°70) - Couture main et machine, tous textiles, coloris 4096"
1022-4100,"Fil à coudre DMC 100% polyester, bobine 120m, grosseur métrique 72/2 (n°70) - Couture main et machine, tous textiles, coloris 4100"
1022-4104,"Fil à coudre DMC 100% polyester, bobine 120m, grosseur métrique 72/2 (n°70) - Couture main et machine, tous textiles, coloris 4104"
1022-4198,"Fil à coudre DMC 100% polyester, bobine 120m, grosseur métrique 72/2 (n°70) - Couture main et machine, tous textiles, coloris 4198"
1022-4199,"Fil à coudre DMC 100% polyester, bobine 120m, grosseur métrique 72/2 (n°70) - Couture main et machine, tous textiles, coloris 4199"
1022-4201,"Fil à coudre DMC 100% polyester, bobine 120m, grosseur métrique 72/2 (n°70) - Couture main et machine, tous textiles, coloris 4201"
1022-4204,"Fil à coudre DMC 100% polyester, bobine 120m, grosseur métrique 72/2 (n°70) - Couture main et machine, tous textiles, coloris 4204"
1022-4226,"Fil à coudre DMC 100% polyester, bobine 120m, grosseur métrique 72/2 (n°70) - Couture main et machine, tous textiles, coloris 4226"
1022-4227,"Fil à coudre DMC 100% polyester, bobine 120m, grosseur métrique 72/2 (n°70) - Couture main et machine, tous textiles, coloris 4227"
1022-4229,"Fil à coudre DMC 100% polyester, bobine 120m, grosseur métrique 72/2 (n°70) - Couture main et machine, tous textiles, coloris 4229"
1022-4233,"Fil à coudre DMC 100% polyester, bobine 120m, grosseur métrique 72/2 (n°70) - Couture main et machine, tous textiles, coloris 4233"
1022-4234,"Fil à coudre DMC 100% polyester, bobine 120m, grosseur métrique 72/2 (n°70) - Couture main et machine, tous textiles, coloris 4234"
1022-4240,"Fil à coudre DMC 100% polyester, bobine 120m, grosseur métrique 72/2 (n°70) - Couture main et machine, tous textiles, coloris 4240"
1022-4241,"Fil à coudre DMC 100% polyester, bobine 120m, grosseur métrique 72/2 (n°70) - Couture main et machine, tous textiles, coloris 4241"
1022-4242,"Fil à coudre DMC 100% polyester, bobine 120m, grosseur métrique 72/2 (n°70) - Couture main et machine, tous textiles, coloris 4242"
1022-4261,"Fil à coudre DMC 100% polyester, bobine 120m, grosseur métrique 72/2 (n°70) - Couture main et machine, tous textiles, coloris 4261"
1022-4262,"Fil à coudre DMC 100% polyester, bobine 120m, grosseur métrique 72/2 (n°70) - Couture main et machine, tous textiles, coloris 4262"
1022-4266,"Fil à coudre DMC 100% polyester, bobine 120m, grosseur métrique 72/2 (n°70) - Couture main et machine, tous textiles, coloris 4266"
1022-4267,"Fil à coudre DMC 100% polyester, bobine 120m, grosseur métrique 72/2 (n°70) - Couture main et machine, tous textiles, coloris 4267"
1022-4307,"Fil à coudre DMC 100% polyester, bobine 120m, grosseur métrique 72/2 (n°70) - Couture main et machine, tous textiles, coloris 4307"
1022-4308,"Fil à coudre DMC 100% polyester, bobine 120m, grosseur métrique 72/2 (n°70) - Couture main et machine, tous textiles, coloris 4308"
1022-4311,"Fil à coudre DMC 100% polyester, bobine 120m, grosseur métrique 72/2 (n°70) - Couture main et machine, tous textiles, coloris 4311"
1022-4312,"Fil à coudre DMC 100% polyester, bobine 120m, grosseur métrique 72/2 (n°70) - Couture main et machine, tous textiles, coloris 4312"
1022-4314,"Fil à coudre DMC 100% polyester, bobine 120m, grosseur métrique 72/2 (n°70) - Couture main et machine, tous textiles, coloris 4314"
1022-4317,"Fil à coudre DMC 100% polyester, bobine 120m, grosseur métrique 72/2 (n°70) - Couture main et machine, tous textiles, coloris 4317"
1022-4329,"Fil à coudre DMC 100% polyester, bobine 120m, grosseur métrique 72/2 (n°70) - Couture main et machine, tous textiles, coloris 4329"
1022-4336,"Fil à coudre DMC 100% polyester, bobine 120m, grosseur métrique 72/2 (n°70) - Couture main et machine, tous textiles, coloris 4336"
1022-4341,"Fil à coudre DMC 100% polyester, bobine 120m, grosseur métrique 72/2 (n°70) - Couture main et machine, tous textiles, coloris 4341"
1022-4351,"Fil à coudre DMC 100% polyester, bobine 120m, grosseur métrique 72/2 (n°70) - Couture main et machine, tous textiles, coloris 4351"
1022-4352,"Fil à coudre DMC 100% polyester, bobine 120m, grosseur métrique 72/2 (n°70) - Couture main et machine, tous textiles, coloris 4352"
1022-4358,"Fil à coudre DMC 100% polyester, bobine 120m, grosseur métrique 72/2 (n°70) - Couture main et machine, tous textiles, coloris 4358"
1022-4359,"Fil à coudre DMC 100% polyester, bobine 120m, grosseur métrique 72/2 (n°70) - Couture main et machine, tous textiles, coloris 4359"
1022-4360,"Fil à coudre DMC 100% polyester, bobine 120m, grosseur métrique 72/2 (n°70) - Couture main et machine, tous textiles, coloris 4360"
1022-4370,"Fil à coudre DMC 100% polyester, bobine 120m, grosseur métrique 72/2 (n°70) - Couture main et machine, tous textiles, coloris 4370"
1022-4390,"Fil à coudre DMC 100% polyester, bobine 120m, grosseur métrique 72/2 (n°70) - Couture main et machine, tous textiles, coloris 4390"
1022-4400,"Fil à coudre DMC 100% polyester, bobine 120m, grosseur métrique 72/2 (n°70) - Couture main et machine, tous textiles, coloris 4400"
1022-4401,"Fil à coudre DMC 100% polyester, bobine 120m, grosseur métrique 72/2 (n°70) - Couture main et machine, tous textiles, coloris 4401"
1022-4402,"Fil à coudre DMC 100% polyester, bobine 120m, grosseur métrique 72/2 (n°70) - Couture main et machine, tous textiles, coloris 4402"
1022-4407,"Fil à coudre DMC 100% polyester, bobine 120m, grosseur métrique 72/2 (n°70) - Couture main et machine, tous textiles, coloris 4407"
1022-4409,"Fil à coudre DMC 100% polyester, bobine 120m, grosseur métrique 72/2 (n°70) - Couture main et machine, tous textiles, coloris 4409"
1022-4414,"Fil à coudre DMC 100% polyester, bobine 120m, grosseur métrique 72/2 (n°70) - Couture main et machine, tous textiles, coloris 4414"
1022-4415,"Fil à coudre DMC 100% polyester, bobine 120m, grosseur métrique 72/2 (n°70) - Couture main et machine, tous textiles, coloris 4415"
1022-4417,"Fil à coudre DMC 100% polyester, bobine 120m, grosseur métrique 72/2 (n°70) - Couture main et machine, tous textiles, coloris 4417"
1022-4426,"Fil à coudre DMC 100% polyester, bobine 120m, grosseur métrique 72/2 (n°70) - Couture main et machine, tous textiles, coloris 4426"
1022-4428,"Fil à coudre DMC 100% polyester, bobine 120m, grosseur métrique 72/2 (n°70) - Couture main et machine, tous textiles, coloris 4428"
1022-4433,"Fil à coudre DMC 100% polyester, bobine 120m, grosseur métrique 72/2 (n°70) - Couture main et machine, tous textiles, coloris 4433"
1022-4435,"Fil à coudre DMC 100% polyester, bobine 120m, grosseur métrique 72/2 (n°70) - Couture main et machine, tous textiles, coloris 4435"
1022-4440,"Fil à coudre DMC 100% polyester, bobine 120m, grosseur métrique 72/2 (n°70) - Couture main et machine, tous textiles, coloris 4440"
1022-4441,"Fil à coudre DMC 100% polyester, bobine 120m, grosseur métrique 72/2 (n°70) - Couture main et machine, tous textiles, coloris 4441"
1022-4445,"Fil à coudre DMC 100% polyester, bobine 120m, grosseur métrique 72/2 (n°70) - Couture main et machine, tous textiles, coloris 4445"
1022-4446,"Fil à coudre DMC 100% polyester, bobine 120m, grosseur métrique 72/2 (n°70) - Couture main et machine, tous textiles, coloris 4446"
1022-4447,"Fil à coudre DMC 100% polyester, bobine 120m, grosseur métrique 72/2 (n°70) - Couture main et machine, tous textiles, coloris 4447"
1022-4455,"Fil à coudre DMC 100% polyester, bobine 120m, grosseur métrique 72/2 (n°70) - Couture main et machine, tous textiles, coloris 4455"
1022-4459,"Fil à coudre DMC 100% polyester, bobine 120m, grosseur métrique 72/2 (n°70) - Couture main et machine, tous textiles, coloris 4459"
1022-4469,"Fil à coudre DMC 100% polyester, bobine 120m, grosseur métrique 72/2 (n°70) - Couture main et machine, tous textiles, coloris 4469"
1022-4472,"Fil à coudre DMC 100% polyester, bobine 120m, grosseur métrique 72/2 (n°70) - Couture main et machine, tous textiles, coloris 4472"
1022-4473,"Fil à coudre DMC 100% polyester, bobine 120m, grosseur métrique 72/2 (n°70) - Couture main et machine, tous textiles, coloris 4473"
1022-4475,"Fil à coudre DMC 100% polyester, bobine 120m, grosseur métrique 72/2 (n°70) - Couture main et machine, tous textiles, coloris 4475"
1022-4476,"Fil à coudre DMC 100% polyester, bobine 120m, grosseur métrique 72/2 (n°70) - Couture main et machine, tous textiles, coloris 4476"
1022-4484,"Fil à coudre DMC 100% polyester, bobine 120m, grosseur métrique 72/2 (n°70) - Couture main et machine, tous textiles, coloris 4484"
1022-4493,"Fil à coudre DMC 100% polyester, bobine 120m, grosseur métrique 72/2 (n°70) - Couture main et machine, tous textiles, coloris 4493"
1022-4495,"Fil à coudre DMC 100% polyester, bobine 120m, grosseur métrique 72/2 (n°70) - Couture main et machine, tous textiles, coloris 4495"
1022-4496,"Fil à coudre DMC 100% polyester, bobine 120m, grosseur métrique 72/2 (n°70) - Couture main et machine, tous textiles, coloris 4496"
1022-4499,"Fil à coudre DMC 100% polyester, bobine 120m, grosseur métrique 72/2 (n°70) - Couture main et machine, tous textiles, coloris 4499"
1022-4524,"Fil à coudre DMC 100% polyester, bobine 120m, grosseur métrique 72/2 (n°70) - Couture main et machine, tous textiles, coloris 4524"
1022-4526,"Fil à coudre DMC 100% polyester, bobine 120m, grosseur métrique 72/2 (n°70) - Couture main et machine, tous textiles, coloris 4526"
1022-4527,"Fil à coudre DMC 100% polyester, bobine 120m, grosseur métrique 72/2 (n°70) - Couture main et machine, tous textiles, coloris 4527"
1022-4532,"Fil à coudre DMC 100% polyester, bobine 120m, grosseur métrique 72/2 (n°70) - Couture main et machine, tous textiles, coloris 4532"
1022-4534,"Fil à coudre DMC 100% polyester, bobine 120m, grosseur métrique 72/2 (n°70) - Couture main et machine, tous textiles, coloris 4534"
1022-4535,"Fil à coudre DMC 100% polyester, bobine 120m, grosseur métrique 72/2 (n°70) - Couture main et machine, tous textiles, coloris 4535"
1022-4541,"Fil à coudre DMC 100% polyester, bobine 120m, grosseur métrique 72/2 (n°70) - Couture main et machine, tous textiles, coloris 4541"
1022-4550,"Fil à coudre DMC 100% polyester, bobine 120m, grosseur métrique 72/2 (n°70) - Couture main et machine, tous textiles, coloris 4550"
1022-4551,"Fil à coudre DMC 100% polyester, bobine 120m, grosseur métrique 72/2 (n°70) - Couture main et machine, tous textiles, coloris 4551"
1022-4554,"Fil à coudre DMC 100% polyester, bobine 120m, grosseur métrique 72/2 (n°70) - Couture main et machine, tous textiles, coloris 4554"
1022-4559,"Fil à coudre DMC 100% polyester, bobine 120m, grosseur métrique 72/2 (n°70) - Couture main et machine, tous textiles, coloris 4559"
1022-4561,"Fil à coudre DMC 100% polyester, bobine 120m, grosseur métrique 72/2 (n°70) - Couture main et machine, tous textiles, coloris 4561"
1022-4589,"Fil à coudre DMC 100% polyester, bobine 120m, grosseur métrique 72/2 (n°70) - Couture main et machine, tous textiles, coloris 4589"
1022-4592,"Fil à coudre DMC 100% polyester, bobine 120m, grosseur métrique 72/2 (n°70) - Couture main et machine, tous textiles, coloris 4592"
1022-4609,"Fil à coudre DMC 100% polyester, bobine 120m, grosseur métrique 72/2 (n°70) - Couture main et machine, tous textiles, coloris 4609"
1022-4610,"Fil à coudre DMC 100% polyester, bobine 120m, grosseur métrique 72/2 (n°70) - Couture main et machine, tous textiles, coloris 4610"
1022-4623,"Fil à coudre DMC 100% polyester, bobine 120m, grosseur métrique 72/2 (n°70) - Couture main et machine, tous textiles, coloris 4623"
1022-4630,"Fil à coudre DMC 100% polyester, bobine 120m, grosseur métrique 72/2 (n°70) - Couture main et machine, tous textiles, coloris 4630"
1022-4634,"Fil à coudre DMC 100% polyester, bobine 120m, grosseur métrique 72/2 (n°70) - Couture main et machine, tous textiles, coloris 4634"
1022-4636,"Fil à coudre DMC 100% polyester, bobine 120m, grosseur métrique 72/2 (n°70) - Couture main et machine, tous textiles, coloris 4636"
1022-4640,"Fil à coudre DMC 100% polyester, bobine 120m, grosseur métrique 72/2 (n°70) - Couture main et machine, tous textiles, coloris 4640"
1022-4641,"Fil à coudre DMC 100% polyester, bobine 120m, grosseur métrique 72/2 (n°70) - Couture main et machine, tous textiles, coloris 4641"
1022-4642,"Fil à coudre DMC 100% polyester, bobine 120m, grosseur métrique 72/2 (n°70) - Couture main et machine, tous textiles, coloris 4642"
1022-4643,"Fil à coudre DMC 100% polyester, bobine 120m, grosseur métrique 72/2 (n°70) - Couture main et machine, tous textiles, coloris 4643"
1022-4644,"Fil à coudre DMC 100% polyester, bobine 120m, grosseur métrique 72/2 (n°70) - Couture main et machine, tous textiles, coloris 4644"
1022-4645,"Fil à coudre DMC 100% polyester, bobine 120m, grosseur métrique 72/2 (n°70) - Couture main et machine, tous textiles, coloris 4645"
1022-4646,"Fil à coudre DMC 100% polyester, bobine 120m, grosseur métrique 72/2 (n°70) - Couture main et machine, tous textiles, coloris 4646"
1022-4647,"Fil à coudre DMC 100% polyester, bobine 120m, grosseur métrique 72/2 (n°70) - Couture main et machine, tous textiles, coloris 4647"
1022-4648,"Fil à coudre DMC 100% polyester, bobine 120m, grosseur métrique 72/2 (n°70) - Couture main et machine, tous textiles, coloris 4648"
1022-4649,"Fil à coudre DMC 100% polyester, bobine 120m, grosseur métrique 72/2 (n°70) - Couture main et machine, tous textiles, coloris 4649"
1022-4650,"Fil à coudre DMC 100% polyester, bobine 120m, grosseur métrique 72/2 (n°70) - Couture main et machine, tous textiles, coloris 4650"
1022-4651,"Fil à coudre DMC 100% polyester, bobine 120m, grosseur métrique 72/2 (n°70) - Couture main et machine, tous textiles, coloris 4651"
1022-4652,"Fil à coudre DMC 100% polyester, bobine 120m, grosseur métrique 72/2 (n°70) - Couture main et machine, tous textiles, coloris 4652"
1022-4653,"Fil à coudre DMC 100% polyester, bobine 120m, grosseur métrique 72/2 (n°70) - Couture main et machine, tous textiles, coloris 4653"
1022-4654,"Fil à coudre DMC 100% polyester, bobine 120m, grosseur métrique 72/2 (n°70) - Couture main et machine, tous textiles, coloris 4654"
1022-4655,"Fil à coudre DMC 100% polyester, bobine 120m, grosseur métrique 72/2 (n°70) - Couture main et machine, tous textiles, coloris 4655"
1022-4656,"Fil à coudre DMC 100% polyester, bobine 120m, grosseur métrique 72/2 (n°70) - Couture main et machine, tous textiles, coloris 4656"
1022-4657,"Fil à coudre DMC 100% polyester, bobine 120m, grosseur métrique 72/2 (n°70) - Couture main et machine, tous textiles, coloris 4657"
1022-4658,"Fil à coudre DMC 100% polyester, bobine 120m, grosseur métrique 72/2 (n°70) - Couture main et machine, tous textiles, coloris 4658"
1022-4659,"Fil à coudre DMC 100% polyester, bobine 120m, grosseur métrique 72/2 (n°70) - Couture main et machine, tous textiles, coloris 4659"
1022-4660,"Fil à coudre DMC 100% polyester, bobine 120m, grosseur métrique 72/2 (n°70) - Couture main et machine, tous textiles, coloris 4660"
1022-4661,"Fil à coudre DMC 100% polyester, bobine 120m, grosseur métrique 72/2 (n°70) - Couture main et machine, tous textiles, coloris 4661"
1022-4662,"Fil à coudre DMC 100% polyester, bobine 120m, grosseur métrique 72/2 (n°70) - Couture main et machine, tous textiles, coloris 4662"
1022-4663,"Fil à coudre DMC 100% polyester, bobine 120m, grosseur métrique 72/2 (n°70) - Couture main et machine, tous textiles, coloris 4663"
1022-4664,"Fil à coudre DMC 100% polyester, bobine 120m, grosseur métrique 72/2 (n°70) - Couture main et machine, tous textiles, coloris 4664"
1022-4665,"Fil à coudre DMC 100% polyester, bobine 120m, grosseur métrique 72/2 (n°70) - Couture main et machine, tous textiles, coloris 4665"
1022-4709,"Fil à coudre DMC 100% polyester, bobine 120m, grosseur métrique 72/2 (n°70) - Couture main et machine, tous textiles, coloris 4709"
1022-4714,"Fil à coudre DMC 100% polyester, bobine 120m, grosseur métrique 72/2 (n°70) - Couture main et machine, tous textiles, coloris 4714"
1022-4715,"Fil à coudre DMC 100% polyester, bobine 120m, grosseur métrique 72/2 (n°70) - Couture main et machine, tous textiles, coloris 4715"
1022-4717,"Fil à coudre DMC 100% polyester, bobine 120m, grosseur métrique 72/2 (n°70) - Couture main et machine, tous textiles, coloris 4717"
1022-4719,"Fil à coudre DMC 100% polyester, bobine 120m, grosseur métrique 72/2 (n°70) - Couture main et machine, tous textiles, coloris 4719"
1022-4730,"Fil à coudre DMC 100% polyester, bobine 120m, grosseur métrique 72/2 (n°70) - Couture main et machine, tous textiles, coloris 4730"
1022-4738,"Fil à coudre DMC 100% polyester, bobine 120m, grosseur métrique 72/2 (n°70) - Couture main et machine, tous textiles, coloris 4738"
1022-4744,"Fil à coudre DMC 100% polyester, bobine 120m, grosseur métrique 72/2 (n°70) - Couture main et machine, tous textiles, coloris 4744"
1022-4752,"Fil à coudre DMC 100% polyester, bobine 120m, grosseur métrique 72/2 (n°70) - Couture main et machine, tous textiles, coloris 4753"
1022-4754,"Fil à coudre DMC 100% polyester, bobine 120m, grosseur métrique 72/2 (n°70) - Couture main et machine, tous textiles, coloris 4754"
1022-4758,"Fil à coudre DMC 100% polyester, bobine 120m, grosseur métrique 72/2 (n°70) - Couture main et machine, tous textiles, coloris 4758"
1022-4761,"Fil à coudre DMC 100% polyester, bobine 120m, grosseur métrique 72/2 (n°70) - Couture main et machine, tous textiles, coloris 4761"
1022-4767,"Fil à coudre DMC 100% polyester, bobine 120m, grosseur métrique 72/2 (n°70) - Couture main et machine, tous textiles, coloris 4767"
1022-4777,"Fil à coudre DMC 100% polyester, bobine 120m, grosseur métrique 72/2 (n°70) - Couture main et machine, tous textiles, coloris 4777"
1022-4780,"Fil à coudre DMC 100% polyester, bobine 120m, grosseur métrique 72/2 (n°70) - Couture main et machine, tous textiles, coloris 4780"
1022-4781,"Fil à coudre DMC 100% polyester, bobine 120m, grosseur métrique 72/2 (n°70) - Couture main et machine, tous textiles, coloris 4781"
1022-4782,"Fil à coudre DMC 100% polyester, bobine 120m, grosseur métrique 72/2 (n°70) - Couture main et machine, tous textiles, coloris 4782"
1022-4784,"Fil à coudre DMC 100% polyester, bobine 120m, grosseur métrique 72/2 (n°70) - Couture main et machine, tous textiles, coloris 4784"
1022-4787,"Fil à coudre DMC 100% polyester, bobine 120m, grosseur métrique 72/2 (n°70) - Couture main et machine, tous textiles, coloris 4787"
1022-4789,"Fil à coudre DMC 100% polyester, bobine 120m, grosseur métrique 72/2 (n°70) - Couture main et machine, tous textiles, coloris 4789"
1022-4792,"Fil à coudre DMC 100% polyester, bobine 120m, grosseur métrique 72/2 (n°70) - Couture main et machine, tous textiles, coloris 4792"
1022-4794,"Fil à coudre DMC 100% polyester, bobine 120m, grosseur métrique 72/2 (n°70) - Couture main et machine, tous textiles, coloris 4794"
1022-4802,"Fil à coudre DMC 100% polyester, bobine 120m, grosseur métrique 72/2 (n°70) - Couture main et machine, tous textiles, coloris 4802"
1022-4803,"Fil à coudre DMC 100% polyester, bobine 120m, grosseur métrique 72/2 (n°70) - Couture main et machine, tous textiles, coloris 4803"
1022-4808,"Fil à coudre DMC 100% polyester, bobine 120m, grosseur métrique 72/2 (n°70) - Couture main et machine, tous textiles, coloris 4808"
1022-4810,"Fil à coudre DMC 100% polyester, bobine 120m, grosseur métrique 72/2 (n°70) - Couture main et machine, tous textiles, coloris 4810"
1022-4811,"Fil à coudre DMC 100% polyester, bobine 120m, grosseur métrique 72/2 (n°70) - Couture main et machine, tous textiles, coloris 4811"
1022-4815,"Fil à coudre DMC 100% polyester, bobine 120m, grosseur métrique 72/2 (n°70) - Couture main et machine, tous textiles, coloris 4815"
1022-4831,"Fil à coudre DMC 100% polyester, bobine 120m, grosseur métrique 72/2 (n°70) - Couture main et machine, tous textiles, coloris 4831"
1022-4841,"Fil à coudre DMC 100% polyester, bobine 120m, grosseur métrique 72/2 (n°70) - Couture main et machine, tous textiles, coloris 4841"
1022-4847,"Fil à coudre DMC 100% polyester, bobine 120m, grosseur métrique 72/2 (n°70) - Couture main et machine, tous textiles, coloris 4847"
1022-4851,"Fil à coudre DMC 100% polyester, bobine 120m, grosseur métrique 72/2 (n°70) - Couture main et machine, tous textiles, coloris 4851"
1022-4857,"Fil à coudre DMC 100% polyester, bobine 120m, grosseur métrique 72/2 (n°70) - Couture main et machine, tous textiles, coloris 4857"
1022-4862,"Fil à coudre DMC 100% polyester, bobine 120m, grosseur métrique 72/2 (n°70) - Couture main et machine, tous textiles, coloris 4862"
1022-4865,"Fil à coudre DMC 100% polyester, bobine 120m, grosseur métrique 72/2 (n°70) - Couture main et machine, tous textiles, coloris 4865"
1022-4866,"Fil à coudre DMC 100% polyester, bobine 120m, grosseur métrique 72/2 (n°70) - Couture main et machine, tous textiles, coloris 4866"
1022-4868,"Fil à coudre DMC 100% polyester, bobine 120m, grosseur métrique 72/2 (n°70) - Couture main et machine, tous textiles, coloris 4868"
1022-4870,"Fil à coudre DMC 100% polyester, bobine 120m, grosseur métrique 72/2 (n°70) - Couture main et machine, tous textiles, coloris 4870"
1022-4871,"Fil à coudre DMC 100% polyester, bobine 120m, grosseur métrique 72/2 (n°70) - Couture main et machine, tous textiles, coloris 4871"
1022-4874,"Fil à coudre DMC 100% polyester, bobine 120m, grosseur métrique 72/2 (n°70) - Couture main et machine, tous textiles, coloris 4874"
1022-4876,"Fil à coudre DMC 100% polyester, bobine 120m, grosseur métrique 72/2 (n°70) - Couture main et machine, tous textiles, coloris 4876"
1022-4877,"Fil à coudre DMC 100% polyester, bobine 120m, grosseur métrique 72/2 (n°70) - Couture main et machine, tous textiles, coloris 4877"
1022-4881,"Fil à coudre DMC 100% polyester, bobine 120m, grosseur métrique 72/2 (n°70) - Couture main et machine, tous textiles, coloris 4881"
1022-4888,"Fil à coudre DMC 100% polyester, bobine 120m, grosseur métrique 72/2 (n°70) - Couture main et machine, tous textiles, coloris 4888"
1022-4895,"Fil à coudre DMC 100% polyester, bobine 120m, grosseur métrique 72/2 (n°70) - Couture main et machine, tous textiles, coloris 4895"
1022-4923,"Fil à coudre DMC 100% polyester, bobine 120m, grosseur métrique 72/2 (n°70) - Couture main et machine, tous textiles, coloris 4923"
1022-4924,"Fil à coudre DMC 100% polyester, bobine 120m, grosseur métrique 72/2 (n°70) - Couture main et machine, tous textiles, coloris 4924"
1022-4928,"Fil à coudre DMC 100% polyester, bobine 120m, grosseur métrique 72/2 (n°70) - Couture main et machine, tous textiles, coloris 4928"
1022-4930,"Fil à coudre DMC 100% polyester, bobine 120m, grosseur métrique 72/2 (n°70) - Couture main et machine, tous textiles, coloris 4930"
1022-4937,"Fil à coudre DMC 100% polyester, bobine 120m, grosseur métrique 72/2 (n°70) - Couture main et machine, tous textiles, coloris 4937"
1022-4938,"Fil à coudre DMC 100% polyester, bobine 120m, grosseur métrique 72/2 (n°70) - Couture main et machine, tous textiles, coloris 4938"
1022-4949,"Fil à coudre DMC 100% polyester, bobine 120m, grosseur métrique 72/2 (n°70) - Couture main et machine, tous textiles, coloris 4949"
1022-4950,"Fil à coudre DMC 100% polyester, bobine 120m, grosseur métrique 72/2 (n°70) - Couture main et machine, tous textiles, coloris 4950"
1022-4951,"Fil à coudre DMC 100% polyester, bobine 120m, grosseur métrique 72/2 (n°70) - Couture main et machine, tous textiles, coloris 4951"
1022-4952,"Fil à coudre DMC 100% polyester, bobine 120m, grosseur métrique 72/2 (n°70) - Couture main et machine, tous textiles, coloris 4952"
1022-4963,"Fil à coudre DMC 100% polyester, bobine 120m, grosseur métrique 72/2 (n°70) - Couture main et machine, tous textiles, coloris 4963"
1022-4964,"Fil à coudre DMC 100% polyester, bobine 120m, grosseur métrique 72/2 (n°70) - Couture main et machine, tous textiles, coloris 4964"
1022-4987,"Fil à coudre DMC 100% polyester, bobine 120m, grosseur métrique 72/2 (n°70) - Couture main et machine, tous textiles, coloris 4987"
1022-4995,"Fil à coudre DMC 100% polyester, bobine 120m, grosseur métrique 72/2 (n°70) - Couture main et machine, tous textiles, coloris 4995"
1022-BLANC,"Fil à coudre DMC 100% polyester, bobine 120m, grosseur métrique 72/2 (n°70) - Couture main et machine, tous textiles, coloris BLANC"
1022-ECRU,"Fil à coudre DMC 100% polyester, bobine 120m, grosseur métrique 72/2 (n°70) - Couture main et machine, tous textiles, coloris ECRU"
1022-NOIR,"Fil à coudre DMC 100% polyester, bobine 120m, grosseur métrique 72/2 (n°70) - Couture main et machine, tous textiles, coloris NOIR"
1004-4026,"Fil à coudre DMC 100% polyester, bobine 500m, grosseur métrique 72/2 (n°70) - Couture main et machine, tous textiles, coloris 4026"
1004-4031,"Fil à coudre DMC 100% polyester, bobine 500m, grosseur métrique 72/2 (n°70) - Couture main et machine, tous textiles, coloris 4031"
1004-4226,"Fil à coudre DMC 100% polyester, bobine 500m, grosseur métrique 72/2 (n°70) - Couture main et machine, tous textiles, coloris 4226"
1004-4227,"Fil à coudre DMC 100% polyester, bobine 500m, grosseur métrique 72/2 (n°70) - Couture main et machine, tous textiles, coloris 4227"
1004-4329,"Fil à coudre DMC 100% polyester, bobine 500m, grosseur métrique 72/2 (n°70) - Couture main et machine, tous textiles, coloris 4329"
1004-4336,"Fil à coudre DMC 100% polyester, bobine 500m, grosseur métrique 72/2 (n°70) - Couture main et machine, tous textiles, coloris 4336"
1004-4390,"Fil à coudre DMC 100% polyester, bobine 500m, grosseur métrique 72/2 (n°70) - Couture main et machine, tous textiles, coloris 4390"
1004-4400,"Fil à coudre DMC 100% polyester, bobine 500m, grosseur métrique 72/2 (n°70) - Couture main et machine, tous textiles, coloris 4400"
1004-4401,"Fil à coudre DMC 100% polyester, bobine 500m, grosseur métrique 72/2 (n°70) - Couture main et machine, tous textiles, coloris 4401"
1004-4409,"Fil à coudre DMC 100% polyester, bobine 500m, grosseur métrique 72/2 (n°70) - Couture main et machine, tous textiles, coloris 4409"
1004-4414,"Fil à coudre DMC 100% polyester, bobine 500m, grosseur métrique 72/2 (n°70) - Couture main et machine, tous textiles, coloris 4414"
1004-4441,"Fil à coudre DMC 100% polyester, bobine 500m, grosseur métrique 72/2 (n°70) - Couture main et machine, tous textiles, coloris 4441"
1004-4446,"Fil à coudre DMC 100% polyester, bobine 500m, grosseur métrique 72/2 (n°70) - Couture main et machine, tous textiles, coloris 4446"
1004-4499,"Fil à coudre DMC 100% polyester, bobine 500m, grosseur métrique 72/2 (n°70) - Couture main et machine, tous textiles, coloris 4499"
1004-4526,"Fil à coudre DMC 100% polyester, bobine 500m, grosseur métrique 72/2 (n°70) - Couture main et machine, tous textiles, coloris 4526"
1004-4532,"Fil à coudre DMC 100% polyester, bobine 500m, grosseur métrique 72/2 (n°70) - Couture main et machine, tous textiles, coloris 4532"
1004-4559,"Fil à coudre DMC 100% polyester, bobine 500m, grosseur métrique 72/2 (n°70) - Couture main et machine, tous textiles, coloris 4559"
1004-4589,"Fil à coudre DMC 100% polyester, bobine 500m, grosseur métrique 72/2 (n°70) - Couture main et machine, tous textiles, coloris 4589"
1004-4636,"Fil à coudre DMC 100% polyester, bobine 500m, grosseur métrique 72/2 (n°70) - Couture main et machine, tous textiles, coloris 4636"
1004-4640,"Fil à coudre DMC 100% polyester, bobine 500m, grosseur métrique 72/2 (n°70) - Couture main et machine, tous textiles, coloris 4640"
1004-4641,"Fil à coudre DMC 100% polyester, bobine 500m, grosseur métrique 72/2 (n°70) - Couture main et machine, tous textiles, coloris 4641"
1004-4642,"Fil à coudre DMC 100% polyester, bobine 500m, grosseur métrique 72/2 (n°70) - Couture main et machine, tous textiles, coloris 4642"
1004-4643,"Fil à coudre DMC 100% polyester, bobine 500m, grosseur métrique 72/2 (n°70) - Couture main et machine, tous textiles, coloris 4643"
1004-4645,"Fil à coudre DMC 100% polyester, bobine 500m, grosseur métrique 72/2 (n°70) - Couture main et machine, tous textiles, coloris 4645"
1004-4648,"Fil à coudre DMC 100% polyester, bobine 500m, grosseur métrique 72/2 (n°70) - Couture main et machine, tous textiles, coloris 4648"
1004-4651,"Fil à coudre DMC 100% polyester, bobine 500m, grosseur métrique 72/2 (n°70) - Couture main et machine, tous textiles, coloris 4651"
1004-4657,"Fil à coudre DMC 100% polyester, bobine 500m, grosseur métrique 72/2 (n°70) - Couture main et machine, tous textiles, coloris 4657"
1004-4709,"Fil à coudre DMC 100% polyester, bobine 500m, grosseur métrique 72/2 (n°70) - Couture main et machine, tous textiles, coloris 4709"
1004-4715,"Fil à coudre DMC 100% polyester, bobine 500m, grosseur métrique 72/2 (n°70) - Couture main et machine, tous textiles, coloris 4715"
1004-4717,"Fil à coudre DMC 100% polyester, bobine 500m, grosseur métrique 72/2 (n°70) - Couture main et machine, tous textiles, coloris 4717"
1004-4794,"Fil à coudre DMC 100% polyester, bobine 500m, grosseur métrique 72/2 (n°70) - Couture main et machine, tous textiles, coloris 4794"
1004-4802,"Fil à coudre DMC 100% polyester, bobine 500m, grosseur métrique 72/2 (n°70) - Couture main et machine, tous textiles, coloris 4802"
1004-4831,"Fil à coudre DMC 100% polyester, bobine 500m, grosseur métrique 72/2 (n°70) - Couture main et machine, tous textiles, coloris 4831"
1004-4847,"Fil à coudre DMC 100% polyester, bobine 500m, grosseur métrique 72/2 (n°70) - Couture main et machine, tous textiles, coloris 4847"
1004-4865,"Fil à coudre DMC 100% polyester, bobine 500m, grosseur métrique 72/2 (n°70) - Couture main et machine, tous textiles, coloris 4865"
1004-4877,"Fil à coudre DMC 100% polyester, bobine 500m, grosseur métrique 72/2 (n°70) - Couture main et machine, tous textiles, coloris 4877"
1004-4928,"Fil à coudre DMC 100% polyester, bobine 500m, grosseur métrique 72/2 (n°70) - Couture main et machine, tous textiles, coloris 4928"
1004-4950,"Fil à coudre DMC 100% polyester, bobine 500m, grosseur métrique 72/2 (n°70) - Couture main et machine, tous textiles, coloris 4950"
1004-BLANC,"Fil à coudre DMC 100% polyester, bobine 500m, grosseur métrique 72/2 (n°70) - Couture main et machine, tous textiles, coloris BLANC"
1004-ECRU,"Fil à coudre DMC 100% polyester, bobine 500m, grosseur métrique 72/2 (n°70) - Couture main et machine, tous textiles, coloris ECRU"
1004-NOIR,"Fil à coudre DMC 100% polyester, bobine 500m, grosseur métrique 72/2 (n°70) - Couture main et machine, tous textiles, coloris NOIR"
1006-4031,"Fil à coudre DMC épais 100% polyester, grosseur 20 (Nm 30/3) - Idéal tissus épais et lourds (jean, cuir), coloris 4031"
1006-4033,"Fil à coudre DMC épais 100% polyester, grosseur 20 (Nm 30/3) - Idéal tissus épais et lourds (jean, cuir), coloris 4033"
1006-4088,"Fil à coudre DMC épais 100% polyester, grosseur 20 (Nm 30/3) - Idéal tissus épais et lourds (jean, cuir), coloris 4088"
1006-4100,"Fil à coudre DMC épais 100% polyester, grosseur 20 (Nm 30/3) - Idéal tissus épais et lourds (jean, cuir), coloris 4100"
1006-4227,"Fil à coudre DMC épais 100% polyester, grosseur 20 (Nm 30/3) - Idéal tissus épais et lourds (jean, cuir), coloris 4227"
1006-4234,"Fil à coudre DMC épais 100% polyester, grosseur 20 (Nm 30/3) - Idéal tissus épais et lourds (jean, cuir), coloris 4234"
1006-4262,"Fil à coudre DMC épais 100% polyester, grosseur 20 (Nm 30/3) - Idéal tissus épais et lourds (jean, cuir), coloris 4262"
1006-4317,"Fil à coudre DMC épais 100% polyester, grosseur 20 (Nm 30/3) - Idéal tissus épais et lourds (jean, cuir), coloris 4317"
1006-4336,"Fil à coudre DMC épais 100% polyester, grosseur 20 (Nm 30/3) - Idéal tissus épais et lourds (jean, cuir), coloris 4336"
1006-4360,"Fil à coudre DMC épais 100% polyester, grosseur 20 (Nm 30/3) - Idéal tissus épais et lourds (jean, cuir), coloris 4360"
1006-4407,"Fil à coudre DMC épais 100% polyester, grosseur 20 (Nm 30/3) - Idéal tissus épais et lourds (jean, cuir), coloris 4407"
1006-4428,"Fil à coudre DMC épais 100% polyester, grosseur 20 (Nm 30/3) - Idéal tissus épais et lourds (jean, cuir), coloris 4428"
1006-4541,"Fil à coudre DMC épais 100% polyester, grosseur 20 (Nm 30/3) - Idéal tissus épais et lourds (jean, cuir), coloris 4541"
1006-4550,"Fil à coudre DMC épais 100% polyester, grosseur 20 (Nm 30/3) - Idéal tissus épais et lourds (jean, cuir), coloris 4550"
1006-4559,"Fil à coudre DMC épais 100% polyester, grosseur 20 (Nm 30/3) - Idéal tissus épais et lourds (jean, cuir), coloris 4559"
1006-4636,"Fil à coudre DMC épais 100% polyester, grosseur 20 (Nm 30/3) - Idéal tissus épais et lourds (jean, cuir), coloris 4636"
1006-4640,"Fil à coudre DMC épais 100% polyester, grosseur 20 (Nm 30/3) - Idéal tissus épais et lourds (jean, cuir), coloris 4640"
1006-4641,"Fil à coudre DMC épais 100% polyester, grosseur 20 (Nm 30/3) - Idéal tissus épais et lourds (jean, cuir), coloris 4641"
1006-4642,"Fil à coudre DMC épais 100% polyester, grosseur 20 (Nm 30/3) - Idéal tissus épais et lourds (jean, cuir), coloris 4642"
1006-4643,"Fil à coudre DMC épais 100% polyester, grosseur 20 (Nm 30/3) - Idéal tissus épais et lourds (jean, cuir), coloris 4643"
1006-4652,"Fil à coudre DMC épais 100% polyester, grosseur 20 (Nm 30/3) - Idéal tissus épais et lourds (jean, cuir), coloris 4652"
1006-4657,"Fil à coudre DMC épais 100% polyester, grosseur 20 (Nm 30/3) - Idéal tissus épais et lourds (jean, cuir), coloris 4657"
1006-4660,"Fil à coudre DMC épais 100% polyester, grosseur 20 (Nm 30/3) - Idéal tissus épais et lourds (jean, cuir), coloris 4660"
1006-4661,"Fil à coudre DMC épais 100% polyester, grosseur 20 (Nm 30/3) - Idéal tissus épais et lourds (jean, cuir), coloris 4661"
1006-4662,"Fil à coudre DMC épais 100% polyester, grosseur 20 (Nm 30/3) - Idéal tissus épais et lourds (jean, cuir), coloris 4662"
1006-4665,"Fil à coudre DMC épais 100% polyester, grosseur 20 (Nm 30/3) - Idéal tissus épais et lourds (jean, cuir), coloris 4665"
1006-4862,"Fil à coudre DMC épais 100% polyester, grosseur 20 (Nm 30/3) - Idéal tissus épais et lourds (jean, cuir), coloris 4862"
1006-4865,"Fil à coudre DMC épais 100% polyester, grosseur 20 (Nm 30/3) - Idéal tissus épais et lourds (jean, cuir), coloris 4865"
1006-4874,"Fil à coudre DMC épais 100% polyester, grosseur 20 (Nm 30/3) - Idéal tissus épais et lourds (jean, cuir), coloris 4874"
1006-4877,"Fil à coudre DMC épais 100% polyester, grosseur 20 (Nm 30/3) - Idéal tissus épais et lourds (jean, cuir), coloris 4877"
1006-4987,"Fil à coudre DMC épais 100% polyester, grosseur 20 (Nm 30/3) - Idéal tissus épais et lourds (jean, cuir), coloris 4987"
1006-4995,"Fil à coudre DMC épais 100% polyester, grosseur 20 (Nm 30/3) - Idéal tissus épais et lourds (jean, cuir), coloris 4995"
1006-BLANC,"Fil à coudre DMC épais 100% polyester, grosseur 20 (Nm 30/3) - Idéal tissus épais et lourds (jean, cuir), coloris BLANC"
1006-ECRU,"Fil à coudre DMC épais 100% polyester, grosseur 20 (Nm 30/3) - Idéal tissus épais et lourds (jean, cuir), coloris ECRU"
1006-NOIR,"Fil à coudre DMC épais 100% polyester, grosseur 20 (Nm 30/3) - Idéal tissus épais et lourds (jean, cuir), coloris NOIR"
68274,"Aiguille circulaire en bambou BOHIN, 80cm, n°5 - Pointes lisses pour un tricot fluide"
68270,"Aiguille circulaire en bambou BOHIN, 80cm, n°3 - Pointes lisses pour un tricot fluide"
68271,"Aiguille circulaire en bambou BOHIN, 80cm, n°3.5 - Pointes lisses pour un tricot fluide"
68910,"Aiguille circulaire en bois BOHIN, 80cm, n°3 - Pointes lisses pour un tricot fluide"
68909,"Aiguille circulaire en bois BOHIN, 80cm, n°2.5 - Pointes lisses pour un tricot fluide"
68310,"Aiguille à tricoter droite en bois BOHIN, 40cm"
68301,"Aiguille à tricoter droite en bois BOHIN, 40cm"
68302,"Aiguille à tricoter droite en bois BOHIN, 40cm"
68303,"Aiguille à tricoter droite en bois BOHIN, 40cm"
68304,"Aiguille à tricoter droite en bois BOHIN, 40cm"
68305,"Aiguille à tricoter droite en bois BOHIN, 40cm"
68306,"Aiguille à tricoter droite en bois BOHIN, 40cm"
68307,"Aiguille à tricoter droite en bois BOHIN, 40cm"
68308,"Aiguille à tricoter droite en bois BOHIN, 40cm"
68309,"Aiguille à tricoter droite en bois BOHIN, 40cm"
68300,"Aiguille à tricoter droite en bois BOHIN, 40cm"
CAT_170,"Catalogue papier Plassard ""Best Of Homme"" N°170 : modèles tricot/crochet homme"
CATAL_CB,Catalogue papier Cheval Blanc présentant les nouveaux fils et modèles tricot de la collection
CAT_44,Catalogue papier Cheval Blanc - Été N°44 - Nouveaux fils et modèles tricot de la saison
CAT_27,Catalogue papier Cheval Blanc - Été N°27 - Nouveaux fils et modèles tricot de la saison
CAT_41,Catalogue papier Cheval Blanc - Collection Femme Venise N°41 - Nouveaux fils et modèles tricot
CAT_40,Catalogue papier Cheval Blanc - Hiver 21-22 N°40 - Nouveaux fils et modèles tricot de la saison
CAT_42,Catalogue papier Cheval Blanc - Hiver 21-22 N°42 - Nouveaux fils et modèles tricot de la saison
CAT_43,Catalogue papier Cheval Blanc - Layette N°43 - Nouveaux fils et modèles tricot de la saison
CATAL_Y9651,Catalogue papier DMC : modèles tricot/crochet et nuancier de coloris de la saison
CATAL_Y9652,Catalogue papier DMC : modèles tricot/crochet et nuancier de coloris de la saison
15581,Catalogue papier DMC : modèles tricot/crochet et nuancier de coloris de la saison
15585_1,Catalogue papier DMC : modèles tricot/crochet et nuancier de coloris de la saison
CATAL_14951,"Catalogue papier DMC, collection Natura : modèles tricot/crochet et nuancier de la gamme Natura"
CATAL_15227,"Catalogue papier DMC, collection Natura XL : modèles tricot/crochet et nuancier de la gamme Natura XL"
15581_1,"Catalogue papier DMC, collection Wonder Wool : modèles tricot/crochet et nuancier de la gamme"
CAT_183,"Catalogue papier Plassard ""Enfants Hiver"" N°183 : modèles tricot/crochet enfant"
CAT_192,"Catalogue papier Plassard ""Femme Été"" N°192 : modèles tricot/crochet femme"
CAT_173,"Catalogue papier Plassard ""Femme/Homme Intemporel Hiver"" N°173 : modèles tricot/crochet"
CAT_177,"Catalogue papier Plassard ""Grandes Tailles Tricot Femme"" N°177"
CAT_193,"Catalogue papier Plassard ""Layette/Enfants Été"" N°193 : modèles tricot/crochet layette et enfant"
15826_1,"Catalogue papier DMC ""4 projets crochet accessoires"" avec la gamme Natura"
15571,"Catalogue papier DMC ""Natura Enfant N°11"" : modèles tricot/crochet enfant avec la gamme Natura"
CAT_178,Catalogue papier Plassard N°178 : modèles tricot/crochet de la saison
CAT_184,"Catalogue papier Plassard ""Spécial Crochet Femme"" N°184"
8143ASS,"Coffret DMC ""Happy Chenille"", 25 pelotes assorties de fil chenille pour tricot/crochet"
00D022,"Fil à crocheter DMC Cébélia : 100% coton d'Écosse longues fibres, double mercerisé, pelote 50g - Existe en 4 grosseurs (10/20/30/40), pour napperons, dentelle et décoration textile"
U1888_225,"Crochet acier DMC n°2.25, pour fils fins (dentelle, coton à crocheter)"
U1888_275,"Crochet acier DMC n°2.75, pour fils fins (dentelle, coton à crocheter)"
U1888_2,"Crochet acier DMC n°2, pour fils fins (dentelle, coton à crocheter)"
U1888_3,"Crochet acier DMC n°3, pour fils fins (dentelle, coton à crocheter)"
NE082,Crochet aluminium 7mm - Pour fils épais type RibbonXL ou grosse laine
U1953_10,Crochet aluminium DMC n°10 à manche ergonomique
U1953_35,Crochet aluminium DMC n°3.5 à manche ergonomique
U1953_4,Crochet aluminium DMC n°4
U1953_45,Crochet aluminium DMC n°4.5
U1953_5,Crochet aluminium DMC n°5
U1953_6,Crochet aluminium DMC n°6
U1953_9,Crochet aluminium DMC n°9
68244,"Crochet en bambou BOHIN, n°10 - Léger et doux au toucher"
68236,"Crochet en bambou BOHIN, n°6 - Léger et doux au toucher"
68238,"Crochet en bambou BOHIN, n°7 - Léger et doux au toucher"
68240,"Crochet en bambou BOHIN, n°8 - Léger et doux au toucher"
68321,"Crochet en bois BOHIN, 15cm"
68322,"Crochet en bois BOHIN, 15cm"
68323,"Crochet en bois BOHIN, 15cm"
68311,"Crochet en bois BOHIN, 15cm"
68312,"Crochet en bois BOHIN, 15cm"
68313,"Crochet en bois BOHIN, 15cm"
68314,"Crochet en bois BOHIN, 15cm"
68315,"Crochet en bois BOHIN, 15cm"
68316,"Crochet en bois BOHIN, 15cm"
68317,"Crochet en bois BOHIN, 15cm"
68318,"Crochet en bois BOHIN, 15cm"
68319,"Crochet en bois BOHIN, 15cm"
68320,"Crochet en bois BOHIN, 15cm"
U1888_075,Crochet DMC n°0.75
U1958_12,"Crochet bambou DMC n°12, léger et doux au toucher"
U1953_7,Crochet DMC n°7
U1953_8,Crochet DMC n°8
NE045,Crochet plastique 4mm - Pour fils fins à moyens
NE041,Crochet plastique 6mm - Pour fils moyens à épais type coton recyclé
PRY431700,"Lot de 2 doigtiers plastique pour le tricot, protègent les doigts lors du tricotage"
9235165,Lot de 3 enfile-aiguilles acier Milward
PAK248,"Kit cadre décoratif Neom : cadre en plastique recyclé fabriqué au Portugal, à habiller au crochet (fil RibbonXL ou Zpagetti conseillé) ou en macramé (Spesso Chunky Cotton)"
PAK347,"Kit crochet 3 mini amigurumis Farm Friends (agneau, vache, cochon) - Fil Eco Barbante Lisboa (coton recyclé), crochet 3mm, patron multilingue inclus"
2239021,"Kit de 6 crochets Soft Grip Milward, manche ergonomique, tailles 2,5 à 5mm"
U2366,Kit d'accessoires à feutrer DMC : laine cardée et matériel pour réaliser des petits objets en feutrage à l'aiguille
CR133K,"Kit amigurumi crochet DMC ""Coraux"" : fil, patron et matériel pour réaliser des coraux décoratifs au crochet"
CR134K,"Kit amigurumi crochet DMC ""Crabe"" : fil, patron et matériel pour réaliser un crabe en amigurumi"
PAK362,"Kit crochet amigurumi Boo le Fantôme d'Halloween - Fil Eco Barbante Milano (coton recyclé), crochet 4mm, patron inclus"
PAK367,"Kit crochet amigurumi Fritz le Casse-Noisette de Noël - Fil Eco Barbante (coton recyclé), crochet, patron multilingue inclus"
PAK369,"Kit crochet amigurumi Shelfy l'Elfe, assistant du Père Noël - Fil Eco Barbante (coton recyclé), crochet, patron inclus"
PAK130,"Kit crochet amigurumi Lewy l'Agneau - Fil Eco Barbante Milano (coton recyclé), crochet, patron en anglais/allemand/néerlandais - Taille finie env. 17cm"
PAK149,"Kit crochet amigurumi Rue le Renne - Fil recyclé, crochet, grelot et patron multilingue (anglais, allemand, français, espagnol) inclus"
CR137K,"Kit amigurumi crochet DMC ""Champignon"" : fil, patron et matériel pour réaliser un champignon en amigurumi"
CR129K,"Kit crochet DMC ""Bouquet"" : fil, patron et matériel pour réaliser un bouquet de fleurs au crochet"
KIT_BONNET,"Kit tricot/crochet Plassard pour réaliser un bonnet, fil et patron inclus"
CR105K,"Kit crochet DMC ""Set de table"" : fil, patron et matériel pour réaliser un set de table au crochet"
CR108K,"Kit crochet DMC ""Tenture Girafe"" : fil, patron et matériel pour réaliser une tenture murale girafe au crochet"
FE_DMC,Kit de feutrage DMC : laine et matériel de base pour s'initier à la technique du feutrage
PAK244,"Kit crochet tapis rond Volterra - Grande quantité de fil RibbonXL (env. 3,8kg), crochet et patron inclus - Fabriqué au Portugal à partir de matières recyclées"
U2367,"Kit laine à feutrer DMC, 5 couleurs assorties, pour le feutrage à sec (feutrage à l'aiguille) ou humide"
PAK070,Kit crochet panier de rangement Zpagetti - Fil Zpagetti (coton recyclé) et patron inclus
PAK147,"Kit crochet amigurumi Père Noël Claus - Fil Eco Barbante (3 pelotes 50g, coloris Ruby/Lotus/Almond), crochet 4mm, patron inclus - Taille finie env. 17cm"
TR110K,"Kit tricot DMC ""Couverture Bébé"" : laine, patron et matériel pour tricoter une couverture de naissance"
15657_DMC,"Fiche modèle (leaflet) DMC : patron tricot/crochet ""100% Baby Cotton"", avec explications pas-à-pas"
15733_DMC,"Fiche modèle (leaflet) DMC : patron tricot/crochet ""Baby Cotton"", avec explications pas-à-pas"
15689,"Fiche modèle (leaflet) DMC : patron tricot/crochet ""Knitty Pop"", avec explications pas-à-pas"
15678,"Fiche modèle (leaflet) DMC : patron tricot/crochet ""Natura Just Cotton"", avec explications pas-à-pas"
15680,"Fiche modèle (leaflet) DMC : patron tricot/crochet ""Natura Just Cotton Medium"", avec explications pas-à-pas"
15732_DMC,"Fiche modèle (leaflet) DMC : patron tricot/crochet ""Natura Multi"", avec explications pas-à-pas"
15742D_1,"Fiche modèle (leaflet) DMC : patron tricot/crochet ""Andes Mod 7239"", avec explications pas-à-pas"
15742B_1,"Fiche modèle (leaflet) DMC : patron tricot/crochet ""Andes Mod 7242"", avec explications pas-à-pas"
15742A_1,"Fiche modèle (leaflet) DMC : patron tricot/crochet ""Andes Mod 7243"", avec explications pas-à-pas"
15743D,Fiche modèle (leaflet) DMC : patron tricot/crochet avec explications pas-à-pas
15875_1,"Fiche modèle (leaflet) DMC : patron tricot/crochet ""Eco Vita T Shirt"", avec explications pas-à-pas"
15918_1,"Fiche modèle (leaflet) DMC : patron tricot/crochet ""Good Night Nova Vita 4"", avec explications pas-à-pas"
15747B_1,"Fiche modèle (leaflet) DMC : patron tricot/crochet ""Knitty 10 Modele 7224"", avec explications pas-à-pas"
15631A_1,"Fiche modèle (leaflet) DMC : patron tricot/crochet ""Knitty 6 Couverture Tricot N°7220"", avec explications pas-à-pas"
15704,"Fiche modèle (leaflet) DMC : patron tricot/crochet ""Laine Ankara"", avec explications pas-à-pas"
15701,"Fiche modèle (leaflet) DMC : patron tricot/crochet ""Laine Pirouette"", avec explications pas-à-pas"
15681L_1,"Fiche modèle (leaflet) DMC : patron tricot/crochet ""Natura Lin"", avec explications pas-à-pas"
15761C_1,"Fiche modèle (leaflet) DMC : patron tricot/crochet ""Natura N°7370 Pull Tricot"", avec explications pas-à-pas"
15762C_1,"Fiche modèle (leaflet) DMC : patron tricot/crochet ""Natura Xl 11020"", avec explications pas-à-pas"
15921_1,"Fiche modèle (leaflet) DMC : patron tricot/crochet ""Nature Nova Vita 4"", avec explications pas-à-pas"
15716D_1,"Fiche modèle (leaflet) DMC : patron tricot/crochet ""Revelation Glitter"", avec explications pas-à-pas"
15708D_1,"Fiche modèle (leaflet) DMC : patron tricot/crochet ""Teddy"", avec explications pas-à-pas"
15708C_1,"Fiche modèle (leaflet) DMC : patron tricot/crochet ""Teddy"", avec explications pas-à-pas"
15761B_1,"Fiche modèle (leaflet) DMC : patron tricot/crochet ""Natura N°7367 Gilet Crochet"", avec explications pas-à-pas"
99060,"Lot de 30 marqueurs de mailles plastique BOHIN, pour repérer points et rangs en tricot/crochet"
71946,"Œillets Bohin 8mm avec rondelle, coloris bronze, lot de 20 + jeu de pose"
99056,"Protège-pointes BOHIN modèle ""mains"", pour aiguilles n°2 à 7 - Lot de 3 paires, empêche les mailles de glisser et sécurise le rangement"
FL008,"Rembourrage/ouate 250g, 85% coton recyclé / 15% autres fibres - Lavable en machine à basse température - Idéal amigurumis, peluches"
FL010_16,"Rembourrage coton recyclé 1kg, 85% coton / 15% autres fibres, coloris noir - Format économique (env. 8 amigurumis)"
FL010_02,"Rembourrage coton recyclé 1kg, 85% coton / 15% autres fibres, coloris blanc - Format économique (env. 8 amigurumis)"
PRY968210,"Rembourrage souple blanc pour peluches, coussins et amigurumis"
PRY624170,"Tricotin à manivelle Maxi (coloris bleu) : le plus grand tricotin semi-automatique Prym, 44 mailles en circulaire / 40 à plat - Pour bonnets, snoods, housses de coussin"
U1965,"Trousse de 5 crochets DMC, tailles de 3 à 8mm"
9464206,Lot de 2 boucles porte-jarretelles plastique noir Milward
9464190,Lot de 2 boucles porte-jarretelles plastique blanc Milward
15426_1,"Livret DMC ""Catalogue Printemps/Été N°4 - Natura Lin"" : 12 modèles tricot/crochet avec le fil Natura Linen"
300.84,"Livre ""Crochet Mode Toute Saison"" - Bergère de France : modèles crochet vêtements pour toutes saisons"
15934_1,"Livret DMC ""Eco Vita 3 Multicolor 2026"" : modèles tricot/crochet avec le fil recyclé Eco Vita 3, coloris multicolores"
307427,"Livre ""Mailles d'Été au Crochet"" - Phildar : modèles crochet légers pour l'été"
15626D,"Livret DMC ""Mini Motifs Point de Croix"" : recueil de petites grilles à broder au point de croix"
15933_1,"Livret DMC ""6 projets Tricot & Crochet - Eco Vita 3"" : modèles à réaliser avec le fil recyclé Eco Vita 3"
15691_1,"Livret A5 Hoooked Lurex : 4 modèles à réaliser avec le fil Hoooked Lurex (pochette, panier de rangement, set de table, coussin)"
15824_1,"Livret DMC ""Papa et Moi - Natura Denim"" : modèles tricot/crochet assortis parent-enfant avec le fil Natura Denim"
15823_1,"Livret DMC ""Maman & Moi - Natura"" : modèles tricot/crochet assortis parent-enfant avec le fil Natura"
15893_1,"Livret DMC ""Eco Vita - 12 projets Crochet et Tricot"" : modèles à réaliser avec la gamme de fils recyclés Eco Vita"
15929_1,"Livret DMC ""Eco Vita 4 Métallisé - La Magie de Noël"" : modèles tricot/crochet de saison avec le fil Eco Vita 4 pailleté"
17002_22,"Livret DMC ""Feutrage - Cactus et Succulentes"" : modèles à réaliser en feutrage à l'aiguille"
17003_22,"Livret DMC ""Feutrage - Embellissement Fleuri"" : modèles de fleurs à réaliser en feutrage à l'aiguille"
15777_22,"Livret DMC ""Happy Chenille N°6 - Les Oursons"" : modèles d'oursons en amigurumi avec le fil chenille Happy Chenille"
15776_22,"Livret DMC ""Happy Chenille N°5 - La Vie au Jardin"" : modèles sur le thème du jardin avec le fil chenille Happy Chenille"
15771_1,"Livret DMC ""Home Déco - Nova Vita 4"" : modèles de décoration intérieure avec le fil recyclé Nova Vita 4"
15849_1,"Livret DMC ""Magnum Tweed"" : modèles tricot/crochet réalisés avec le fil grand format Magnum Tweed"
15772_22,"Livret DMC N°11 ""Amigurumi Objets Vintage - Happy Cotton"" : modèles d'objets vintage en amigurumi avec le fil Happy Cotton"
15727_22,"Livret DMC N°1 ""Créatures Éthériennes - Happy Chenille"" : modèles de créatures fantastiques en amigurumi avec le fil Happy Chenille"
15896_1,"Livret DMC ""Natura - 12 modèles"" : modèles tricot/crochet réalisés avec le fil Natura"
15825_1,"Livret DMC ""Natura Baby"" : modèles layette tricot/crochet avec le fil Natura"
15830_1,"Livret DMC ""Natura XL - Crochet & Tricot"" : modèles réalisés avec le fil Natura XL"
15911_1,"Livret DMC ""Nova Vita 4 - 6 projets"" : modèles à réaliser avec le fil recyclé Nova Vita 4"
15728_22,"Livret DMC N°2 ""Dinosaures - Happy Chenille"" : modèles de dinosaures en amigurumi avec le fil Happy Chenille"
15729_22,"Livret DMC N°3 ""Petits Amis - Happy Chenille"" : modèles de petits personnages en amigurumi avec le fil Happy Chenille"
15626A,"Livret DMC ""Point de Croix - Abécédaire"" : grilles de lettres à broder au point de croix"
15890_1,"Livret DMC ""Raphia N°1 - Hats & Bags"" : modèles de chapeaux et sacs réalisés avec le fil effet raphia"
15851_1,"Livret DMC ""Spécial Bébé - 16 projets tricot"" : modèles layette à tricoter"
15847_1,"Livret DMC ""Wolly Homme"" : modèles tricot pour homme"
PRY225170,"Dérouleur de pelote en bois, maintient la pelote de laine pendant le tricot ou le crochet et évite qu'elle roule"
PERLE_8B_DMC,"Coton perlé DMC N°8, pelote - Fil 100% coton mercerisé non divisible, torsadé et brillant, pour broderie fine et crochet"
BABY_AQUA_DMC,"Pelote DMC 100% Baby Aquarelle, 50g - Fil mérinos doux dégradé, pour layette et vêtements bébé"
BABY_MERINO_DMC,"Pelote DMC 100% Baby Merino - Laine mérinos douce et hypoallergénique, pour layette et vêtements bébé"
ALABAMA_K,"Fil 50% coton / 50% acrylique à l'aspect mat, pelote de 50g / 105m. Se tricote avec des aiguilles 3,5–4 mm ou crochet 4 mm. Échantillon 10x10 cm : 19 mailles x 26 rangs. Lavage machine 30°C."
ALGASOIE,"Pelote Algasoie Plassard : 70% alpaga / 30% soie, 25g/210m, aiguilles dès 3,5mm - Fil léger et doux, marque française depuis 1879"
ANKARA_DMC,"Pelote de laine Ankara DMC : 70% acrylique / 30% mohair, effet duveteux et chaleureux"
BALADE,"Fil chaussette 75% laine mérinos superwash / 25% polyamide - 100g/420m - Aiguilles n°2,5-3 - Lavable machine 30°C"
BALADE_ECO,"Fil chaussette écologique (fibres recyclées) 70% laine / 25% polyamide / 5% autres fibres - 100g/420m - Aiguilles n°2,5-3"
BAMBI_K,"Laine douce et chaude au toucher velours, pour vêtements et accessoires de décoration pour la maison.

🧶​ 100 g - 120 m 
Aiguilles  n° 6 / 6.5 - Crochet n° 6
100% Polyester 
37 coloris disponibles 
échantillon :  10 mailles par 15 rangs 
lavable : 40° 
4 pelotes pour un pull T42 au tricot "
DOUDOU_DMC,"Pelote DMC Blanket Doudou, 300g, 100% polyester - Fil extra-doux et épais façon peluche, pour couvertures et amigurumis"
BRIDE_CB,"Fil fin et brillant 100% polyester, à associer à une autre laine - 25g/200m - Aiguilles n°5"
CANDY,Pelote de laine DMC Candy : fil fantaisie multicolore pour petits accessoires tricot/crochet
CAPRI_TONES_K,"Coton 100% mercerisé à effet délavé mêlant plusieurs tonalités d'une même couleur, pelote de 50g / 125m. Se tricote avec des aiguilles 2,5–3 mm ou crochet 2 mm. Lavage machine 30°C."
COCKTAIL_P,"Pelote Cocktail Plassard : 70% coton / 30% polyester, 50g/105m"
COMBINE_K,"Fil ruban en viscose discontinue très léger avec effet scintillant, conçu pour être tricoté en association avec d'autres fils. Se tricote avec des aiguilles 3,5 mm. Échantillon 10x10 cm : 35 mailles x 44 rangs."
COMETE_CB,"Fil d'été léger avec fil lurex, 48% acrylique / 47% coton / 5% polyester - 50g/130m - Aiguilles n°3-3,5"
DIGITALIS,"Pelote de coton Digitalis Plassard, 50g/120m"
MENFIS_K,"Coton 100% multicolore brillant, pelote de 100g / 240m. Se tricote avec des aiguilles 2,5–3,5 mm ou crochet 2–2,5 mm. Échantillon 10x10 cm : 24 mailles x 34 rangs. Lavage machine 30°C."
CAPRI_K,"Coton 100% mercerisé léger et brillant, pelote de 50g / 125m. Se tricote avec des aiguilles 2,5–3 mm ou crochet 2 mm. Échantillon 10x10 cm : 26 mailles x 36 rangs. Lavage machine 30°C."
LAVANDULA,"Pelote de coton Lavandula Plassard, grand format 200g/700m"
BRIO_DMC,"Pelote de laine Brio DMC : mélange acrylique/laine multicolore effet dégradé, pelote 100g/345m, aiguilles/crochet 4mm"
FAUVE_CB,"Fil effet fausse fourrure 100% polyester, très doux - 50g/20m - Aiguilles n°7"
NATURA_DMC,"Pelote de laine Natura DMC : 100% coton, 50g - Fil doux et mat, idéal vêtements été et layette"
NATURA_MED_DMC,"Pelote de laine Natura Medium DMC : 100% coton, 50g, version plus épaisse que la Natura classique"
NATURA_XL_DMC,"Pelote de laine Natura XL DMC : 100% coton, 100g, version grand format de la gamme Natura"
REVELATION_DMC,"Pelote de laine Revelation DMC : 80% acrylique / 20% laine, pelote ""cake"" 150g/520m, aiguilles/crochet 4mm, effet dégradé de couleurs"
REVELATION_GLI_DMC,"Pelote de laine Revelation Glitter DMC : version pailletée de la Revelation (80% acrylique/20% laine), 150g, effet dégradé scintillant"
SALSA_CB,"Fil d'été aspect velours, 60% coton / 40% acrylique - 50g/110m - Aiguilles n°3,5-4"
VELVET_DMC,"Le velours est un fil extrêmement chaud et doux. Son effet chenille unique le rend idéal pour les pulls, cardigans et doudous.

🧶​100g  - 100m 
100% Polyester 
Aiguilles / crochet n° 6
16 coloris disponibles 
échantillon : 10 mailles sur 17 rangs 
lavable : 40°"
ECO_VITA12_DMC,"Pelote Eco Vita 12 DMC : fil tubulaire 80% matières recyclées, 250g/55m, aiguilles/crochet 12mm - Pour paniers, coussins, macramé"
ECO_VITA3_DMC,"Pelote Eco Vita 3mm DMC : fil tubulaire recyclé, 100g, aiguilles/crochet adaptées à l'épaisseur 3mm"
ECO_VITA3_MULT_DMC,"Pelote Eco Vita 3mm DMC, coloris multicolore : fil tubulaire recyclé, 100g"
ECO_VITA4_COLO_DMC,"Pelote Eco Vita 4 Color DMC : fil tubulaire recyclé, 250g, version colorée/chinée"
ECO_VITA4_DMC,"Pelote Eco Vita 4 DMC : fil tubulaire recyclé, 250g, coloris uni"
ECO_VITA4_MULTI,"Pelote Eco Vita 4 DMC, coloris multicolore : fil tubulaire recyclé, 250g"
ECO_VITA4_XMAS_DMC,"Pelote Eco Vita 4 DMC, édition Noël : fil tubulaire recyclé, 250g, coloris de saison"
T_SHIRT_DMC,"Pelote Eco Vita fil T-Shirt DMC, 450g : fil recyclé façon trapilho, pour tricot/crochet/macramé d'accessoires déco (paniers, coussins, sacs)"
RAFFIA,"Pelote Eco Vita Raffia DMC : fil plat effet raphia, pour accessoires d'été et déco"
TAPE_YARN_DMC,"Pelote Eco Vita Tape Yarn DMC, 250g/120m : fil tubulaire 80% coton recyclé/20% polyester recyclé, crochet/aiguilles 10-12mm, pour paniers, coussins et sacs"
FILEAU,"Fil éponge 100% polyester pour éponges et gants de toilette - 100g/85m - Aiguilles n°4-4,5"
FUNNY_AZTECA_K,"Fil 53% laine vierge / 47% acrylique à effet multicolore jaspé, pelote de 100g / 180m. Se tricote avec des aiguilles 5–5,5 mm ou crochet 6–7 mm. Échantillon 10x10 cm : 17 mailles x 23 rangs. Lavage machine 30°C programme laine."
GEISHA,"Pelote Geisha Plassard : 100% soie (bourrette de soie), 50g/200m - Fil noble et brillant"
CHENILLE_DMC,"Pelote Happy Chenille DMC, 15g : fil chenille doux façon peluche, pour petits accessoires et amigurumis"
HAPPY_COTTON_DMC,"Pelote Happy Cotton DMC, 20g, 100% coton : fil pour amigurumis et petits accessoires"
INGENUA_K,"Fil 78% mohair / 13% polyamide / 9% laine mérinos au poil long et aérien, pelote de 50g / 140m. Se tricote avec des aiguilles 5–5,5 mm. Échantillon 10x10 cm : 16 mailles x 20 rangs. Lavage machine 30°C programme délicat."
INSTAGRANNY,"Fil 100% mérinos présenté en 3 cycles de couleurs pour crocheter 3 granny squares identiques sans changer de pelote, pelote de 50g / 95m. Se travaille avec des aiguilles 5–6 mm ou crochet 5–5,5 mm."
KNITTY_6_DMC,"Pelote Knitty 6 DMC, 100% acrylique, 100g"
LILIUM,"Pelote de laine Lilium Plassard : 55% coton / 45% viscose, 50g/170m"
AMBRE_CB,"Fil fin d'été bambou/coton, 70% viscose de bambou / 30% coton - 50g/150m - Aiguilles n°2,5-3"
ANDES,"Pelote de laine Andes DMC : mélange acrylique/polyamide/alpaga, aiguilles et crochet n°5, texture douce et résistante"
AZULEJO_K,"Fil fantaisie 65% acrylique, 17% polyamide, 11% laine, 7% alpaga, pelote de 100g / 130m. Se tricote avec des aiguilles 6–7 mm. Échantillon 10x10 cm : 12 mailles x 17 rangs. Lavage machine 30°C."
BABYLUX_MULTI_CB,"Fil layette effet chiné/jacquard, env. 90% acrylique / 10% polyamide - 50g/165m - Aiguilles n°2,5-3"
KNITTY_10_DMC,"Pelote de laine Knitty 10 DMC, 100% acrylique, 100g"
KNITTY_4_DMC,"Pelote de laine Knitty 4 DMC, 100% acrylique, 50g"
LOUVE_CB,Fil effet fourrure épais 100% polyester - 50g/33m - Aiguilles n°9
LUMINA_DMC,Pelote de laine Lumina DMC : fil avec effet brillant/pailleté pour touche scintillante en tricot/crochet
MAGNUM_COLOR_DMC,"Pelote de laine Magnum Colorful DMC, 400g : très grand format XXL, mélange coloré de fils acryliques, aiguilles/crochet 5mm - Pour couvertures et ponchos en une pelote"
MAGNUM_TWEED_DMC,"Pelote de laine Magnum Tweed DMC : mélange acrylique/laine/viscose tacheté effet tweed, grand format 400g"
NATURA_LINEN_DMC,"Pelote de laine Natura Linen DMC : 58% lin / 26% viscose / 18% coton, fil léger et frais pour l'été"
PIROUETTE_DMC,"Pelote de laine Pirouette DMC : 100% acrylique multicolore dégradé, pelote 200g/500m, aiguilles/crochet 5mm"
TEDDY_DMC,"Pelote de laine Teddy DMC : fil bouclette texturé, pelote 50g/90m, aiguilles/crochet 5,5mm - Idéal amigurumis et vêtements enfant"
ECO_TWIST,"Fil macramé 100% coton recyclé (chutes textiles), structure torsadée (16 brins), largeur 3mm - Crochet/aiguilles 6-8mm - Idéal macramé, crochet, tissage"
MERINO4_DMC,Pelote Merino Essentiel 4 DMC : 50% laine mérinos / 50% acrylique
MILOS_K,"Fil 40% coton recyclé / 40% polyester recyclé / 20% polyester parsemé de mini paillettes, pelote de 50g / 85m. Se tricote avec des aiguilles 4–4,5 mm ou crochet 4,5–5 mm. Lavage machine 30°C."
NATURA_DENIM_DMC,"Pelote Natura Denim DMC : 100% coton, effet délavé façon denim, gamme Natura"
NOMADE_CB_,"Gros fil d'été 50% coton / 50% acrylique - 50g/50m - Aiguilles n°5-5,5"
LOU,"Pelote Lou Plassard : 100% polyester, 50g/105m"
POLYNESIA_K,"Fil 56% coton / 22% lin / 22% viscose combinant un brin soyeux et un brin mat, pelote de 50g / 165m. Se tricote avec des aiguilles 3,5–4,5 mm. Échantillon 10x10 cm : 24 mailles x 28 rangs. Lavage machine 30°C."
PRESTO,"Grosse laine XXL tricot express, 88% acrylique / 12% laine - 150g/44m - Aiguilles n°15"
REGIA_S,"Pelote Regia Schachenmayr, 100g : 75% laine / 25% polyamide - Fil à chaussettes résistant au lavage en machine, marque allemande de référence"
RIB_NEON,Fil ruban épais 100% fibres recyclées (70% coton / 30% polyester) - 250g/85m - Crochet/aiguilles 8-12mm - Coloris fluo
SERAPHINE,"Pelote Séraphine Plassard : 50% laine vierge / 39% acrylique / 11% viscose, fil retordu à aspect tweedé, aiguilles n°4"
SUMMER_K,"Fil 78% viscose / 22% polyamide de type cordelette légèrement élastique avec traitement antibactérien, pelote de 50g / 105m. Se tricote avec des aiguilles 3,5–4 mm. Échantillon 10x10 cm : 23 mailles x 33 rangs. Lavage machine 30°C."
WOW_REWASHI_K,"Fil ruban 70% polyester / 30% viscose avec torsion unique apportant corps et consistance, pelote de 100g / 90m. Se tricote avec des aiguilles 6–6,5 mm ou crochet 6,5–7 mm. Échantillon 10x10 cm : 12 mailles x 17 rangs. Lavage machine 30°C."
WOW_SPLASH_K,"Fil chaînette 46% laine mérinos / 46% acrylique / 8% polyamide à effet tweed jaspé, pelote de 150g / 165m. Se tricote avec des aiguilles 6–7 mm ou crochet 6,5–7 mm. Échantillon 10x10 cm : 15 mailles x 20 rangs. Lavage machine 30°C programme laine."
ZPAGETTI_H,"Fabriqué à partir de lisières de textile haut de gamme issues de l'industrie de la mode, ce fil jersey est à la fois robuste, élastique et 100% durable. Idéal pour créer des objets de décoration volumineux en un clin d'œil.

🧶​ 700 g - 120 m 
Aiguilles / Crochet n° 8 à 12 mm
90% coton recyclé - 10% autres fibres recyclées (chutes textiles)
plus de 50 coloris disponibles 
lavage à la main "
62515,"Ruban adhésif de couture Bohin, pour fixer temporairement tissu ou patron avant piqûre"
98471,"Agrafe pour maillot de bain Bohin, 16mm, coloris argent"
88004,"Agrafe à ressort Bohin, coloris or, pour fermeture de vêtement"
88110,"Agrafes de couture Bohin, pour fermeture de vêtements"
88104,"Agrafes de couture Bohin, pour fermeture de vêtements"
88108,"Agrafes de couture Bohin, coloris noir"
88983,"Agrafes pour jupes Bohin, fermeture robuste de ceinture"
88988,"Agrafes pour jupes Bohin, fermeture robuste de ceinture"
78650,"Agrafes pour pantalons Bohin, coloris nickel"
78652,"Agrafes pour pantalons Bohin, coloris nickel"
89383,"Agrafes pour pantalons Bohin, coloris nickel lot de 3"
89388,"Agrafes pour pantalons Bohin, coloris noir lot de 3"
88006,"Agrafe à ressort Bohin, taille N°1, coloris or, pour fermeture de vêtement"
88008,"Agrafe à ressort Bohin, taille N°2, coloris or, pour fermeture de vêtement"
88010,"Agrafe à ressort Bohin, taille N°3, coloris or, pour fermeture de vêtement"
88106,"Agrafe à ressort Bohin, taille N°1, coloris or, pour fermeture de vêtement"
92134,"Ampoule de rechange à baïonnette pour machine à coudre, marque Bohin"
92135,"Ampoule de rechange à vis pour machine à coudre, marque Bohin"
K2002,"Anneau de dentition en bois Bohin, pour la confection de jouets bébé"
K0002,"Anneau de dentition en silicone Bohin, pour la confection de jouets bébé"
98494,"Anse de sac Bohin 40cm, coloris dore"
98491,"Anse de sac Bohin 40cm, coloris fuchsia"
98529,"Anse de sac Bohin 60cm, coloris turquoise"
98497,"Anse de sac Bohin 60cm, coloris noir"
91500,"Roulette à tracer/marquer dorée Bohin, pour reporter les repères d'un patron sur le tissu"
98532,"Attache pour maillot de bain Bohin, style ""canon de fusil"", 16mm"
K3005,"Attache-tétine en silicone Bohin, pour la confection d'attaches sucette"
98761,"Bijou à coudre Bohin motif abeille, coloris gris, pour customiser un vêtement"
98766,"Bijou à coudre Bohin motif abeille, coloris or, pour customiser un vêtement"
9154625,"Boîte à canettes Milward, 50 places, 12x11x4,7cm"
612545,"Boîte à couture en bois, 36 x 22 x 19cm, pour ranger fils, aiguilles et petit matériel de couture"
6549,"Boîte à couture Bohin, vide"
98424,"Boîte à couture Bohin 11cm, vide"
6540,"Boîte à couture Bohin 14cm, vide"
9460121,"Boucle de ceinture/bikini Milward, 63,5x35mm, coloris nickel"
PRY416242,"Boucle de ceinture avec rabat, 30mm, finition fer noir"
89952,"Boucle à coulisse Bohin 20mm, coloris argent, pour régler la longueur d'une bretelle ou sangle"
PRY416295,"Boucle de ceinture 30mm, métal argenté mat"
PRY416296,"Boucle de ceinture 40mm, métal argenté mat"
SG004,"Boucle de ceinture argentée, 30mm, pour ceinture ou sangle en cuir/simili"
89951,"Boucle à coulisse Bohin 20mm, coloris bronze, pour régler la longueur d'une bretelle ou sangle"
89950,"Boucle à coulisse Bohin 25mm, coloris argent, pour régler la longueur d'une bretelle ou sangle"
89954,"Boucle à coulisse Bohin 40mm, coloris argent, pour régler la longueur d'une bretelle ou sangle"
89953,"Boucle à coulisse Bohin 25mm, coloris bronze, pour régler la longueur d'une bretelle ou sangle"
89955,"Boucle à coulisse Bohin 40mm, coloris bronze, pour régler la longueur d'une bretelle ou sangle"
MA150,"Bouton magnétique recouvert de cuir, fermeture pour sacs et pochettes"
90106,Boutons pression à coudre Bohin
90408,Boutons pression à coudre Bohin
90405,Boutons pression à coudre Bohin
90501,Boutons pression à coudre Bohin - blanc
90503,Boutons pression à coudre Bohin - 10mm
90502,Boutons pression à coudre Bohin - 7mm
98986,"Bracelet porte-épingles magnétique Bohin, se porte au poignet pour garder les épingles à portée de main"
PRY610294,"Bracelet porte-épingles en plastique, se porte au poignet pour garder les épingles à portée de main"
97195,"Brosse adhésive à rouleau Bohin, pour dépoussiérer et retirer les peluches du textile"
91343,"Canette acier bombée Bohin, pour machine à coudre"
91342,"Canette acier plate Bohin, pour machine à coudre"
91340,"Canette plastique plate Bohin, pour machine à coudre"
91341,"Canette plastique bombée Bohin, pour machine à coudre"
PRY610362,"Lot de 4 canettes Ø20,5mm compatibles machines à coudre Brother, Janome et Singer"
PRY612399,"Casier de rangement avec 9 boîtes plastique transparentes à couvercles amovibles, pour petits accessoires de couture"
98924,"Mètre ruban enrouleur rétractable Bohin, 150cm, collection décorative"
98998,"Mètre ruban enrouleur rétractable Bohin, 150cm, collection décorative"
PRY968020,"Colle anti-effilochage transparente, 22,5ml - Renforce boutonnières, coutures et bords de tissu contre l'effilochage, résistante au lavage"
65502,"Colle textile Bohin, pour coller/fixer le tissu"
65503,"Colle spray temporaire Bohin, 500ml : fixation provisoire de patrons/tissus avant couture, ne colle pas de façon définitive"
65504,"Crayon colle textile Bohin, pour fixer temporairement tissus, patrons ou appliqués avant couture"
65506,Recharge pour crayon colle textile Bohin
90794,"Crayon craie tailleur bicolore (rouge/bleu) Bohin, pour marquer le tissu"
75715,"Lot de 4 crayons craie Bohin, blanc, pour marquer les tissus foncés"
75716,"Lot de 4 crayons craie Bohin, noir, pour marquer les tissus clairs"
91493,"Porte-mine à craie Bohin, pour un marquage fin et précis du tissu"
9287639,Crochet Smyrne Milward pour tapis au point noué
9261431,"Découseur Milward, blanc, grand modèle"
PRY_651751,"Dé à coudre ergonomique Prym, pour protéger le doigt lors de la couture à la main"
81999,"Enfile-aiguille Bohin, facilite l'enfilage du fil dans le chas de l'aiguille"
9136557,Enfile-aiguille pour machine à coudre Milward
98523,"Fermoir de sac Bohin 20cm, coloris bronze"
98521,"Fermoir de porte-monnaie Bohin 8cm, coloris bronze"
98519,"Fermoir de sac Bohin 8cm, coloris argent"
98525,"Fermoir de sac Bohin 16cm, coloris bronze"
91785,"Feutre effaçable à l'eau Bohin, pointe fine, marquage temporaire qui disparaît au lavage/à l'humidité"
99025,"Pattemouille (filet de repassage) Bohin, 49x34cm : protège le tissu de la chaleur directe du fer"
61594,"Fond de sac en paille, modèle Liv, pour renforcer la base d'un sac tricoté ou crocheté"
MA123,"Fond de sac en simili cuir, pour renforcer la base d'un sac tricoté ou crocheté"
RE070,"Lot de 3 formes cœur en bois, pour suspensions et décorations macramé"
RE072,"Lot de 3 formes étoile en bois, pour suspensions et décorations macramé"
RE071,"Lot de 3 formes lune en bois, pour suspensions et décorations macramé"
RE075,"Forme nuage en bois, 20cm, pour suspension murale macramé"
62542,"Guide de couture patchwork Bohin, quadrillage 6x6mm, 20cm, pour des marges de couture précises"
9138571,"Guide de couture pour machine à coudre Milward, spécial coutures volumineuses"
62541,"Jauge de couture Bohin, pour mesurer ourlets et espacer régulièrement plis/boutons"
65511,"Jauge extensible Bohin, pour espacer régulièrement les boutonnières"
PRY673134,"Jeu de pose pour boutons pression à griffe Ø8 et 10mm, compatible pince Vario"
72092,Jeu d'outils Bohin pour la pose de boutons pression sur tissus moyens
72093,Jeu d'outils Bohin pour la pose de boutons pression sur tissus lourds
71996,Jeu d'outils Bohin pour la pose d'œillets
72094,Jeu d'outils Bohin pour la pose de boutons pression sur boutons pression
9693425,Kit de couture Milward avec aiguilles pré-enfilées
91350,Kit d'entretien/nettoyage Bohin pour machine à coudre
91351,Kit d'entretien/nettoyage Bohin pour machine à coudre
9442974,Kit pince interchangeable 5-en-1 Milward avec 100 jeux de boutons pression
PRY611367,"Lame de rechange à cranter Ø45mm pour couteau rotatif Prym Ergonomics, acier inoxydable, protège-lame inclus"
AM001,"Lot de 3 perles en bois, pour finitions de créations macramé"
9297752,"Marqueur permanent textile Milward, pointe large, noir"
9297769,"Marqueur permanent textile Milward, pointe fine, noir"
9484497,"Martingale élastique Milward, noir - Pour ajuster un tour de taille"
PRY673117,Matrice pour retirer les boutons pression plastique - Accessoire du système de pose sans couture Prym
673115,"Matrice de rechange Ø12,4mm pour pince à pression Prym"
673116,Matrice de rechange Ø9mm pour pince à pression Prym
22399,"Mètre ruban de couture Bohin, 150cm"
90430,"Mousqueton Bohin 35mm, coloris argent x2, pour anses de sac et accessoires"
90438,"Mousqueton Bohin 45mm grand modèle, coloris argent, pour anses de sac et accessoires"
90432,"Mousqueton Bohin 35mm, coloris bronze x2, pour anses de sac et accessoires"
90440,"Mousqueton Bohin 45mm grand modèle, coloris bronze, pour anses de sac et accessoires"
90436,"Mousqueton Bohin 35mm, coloris dore x2, pour anses de sac et accessoires"
MUSKSILVER,"Mousqueton coloris nickel, 3,5 x 2cm, pour anses de sac et accessoires"
90445,"Mousqueton Bohin, coloris argent x2, pour anses de sac et accessoires"
90447,"Mousqueton Bohin, coloris bronze, pour anses de sac et accessoires"
90442,"Mousqueton Bohin 45mm, coloris dore, pour anses de sac et accessoires"
90448,"Mousqueton Bohin, coloris dore x2, pour anses de sac et accessoires"
71991,"Œillet(s) Bohin 11mm avec rondelle, coloris dore, lot de 100 et jeu de pose"
71990,"Œillet(s) Bohin 11mm avec rondelle, coloris nickel, lot de 100 et jeu de pose"
71993,"Œillet(s) Bohin 14mm avec rondelle, coloris dore, lot de 100 et jeu de pose"
71992,"Œillet(s) Bohin 14mm avec rondelle, coloris nickel, lot de 100 et jeu de pose"
71944,"Œillet(s) Bohin 8mm avec rondelle, coloris dore, lot de 20 et jeu de pose"
71945,"Œillet(s) Bohin 8mm avec rondelle, coloris nickel, lot de 20 et jeu de pose"
71943,"Œillet(s) Bohin, coloris assorti"
71932,"Œillet(s) Bohin, coloris assorti"
71930,"Œillet(s) Bohin, coloris assorti"
71950,"Œillet(s) Bohin 11mm, coloris nickel"
71922,"Œillet(s) Bohin 6mm, coloris bronze et jeu de pose"
71910,"Œillet(s) Bohin 4mm, coloris argent"
71920,"Œillet(s) Bohin 6mm, coloris argent et jeu de pose"
71915,"Œillet(s) Bohin 4mm, coloris blanc"
71912,"Œillet(s) Bohin 4mm, coloris bronze et jeu de pose"
71913,"Œillet(s) Bohin 4mm, coloris dore"
71923,"Œillet(s) Bohin 6mm, coloris dore"
75389,"Œuf à repriser en bois Bohin, pour repriser chaussettes et textiles plus facilement"
PRY673125,"Outil à percer pour pince Vario - Perce des trous de 3, 4 ou 8mm de diamètre selon l'embout choisi"
9408162,Outil de pose pour boutons pression type B (anorak) Milward
9406117,Outil de pose pour boutons pression types C et D Milward
9439865,Outil de pose pour œillets 14mm Milward
9258417,Jauge de mesure couture/tricot 3 fonctions Milward
PRY673127,"Jeu d'outils pour œillets Ø11 et 14mm, compatible pince Vario et Vario Creative Tool - Avec rondelles et instructions"
PRY673128,"Jeu d'outils pour rivets Ø7.5 et 9mm, compatible pince Vario et Vario Creative Tool"
PRY673137,"Outils préperçage pour Vario Creative Tool, diamètres 2,5 à 4mm - Pour percer avant pose d'œillets, rivets ou boutons pression"
542486,"Œillets dorés 4mm, x500 - Pose avec pince Vario ou Vario Creative Tool"
542487,"Œillets bruni 4mm, x500 - Pose avec pince Vario ou Vario Creative Tool"
98516,"Patins de sac (pieds protecteurs) Bohin avec rondelles, 15mm, doré, lot de 4"
B6044,"Patron de couture Burda ""Doudou Baleine"" : patron pour réaliser un doudou en forme de baleine"
B6719,"Patron de couture Burda ""Pantalon Homme"""
9890088,Peigne anti-peluches plastique Milward
9893118,"Perforatrice à cuir Milward, réglable de 2,5 à 5mm"
K6000,"Lot de 9 perles rondes en silicone Bohin, 15mm, coloris assorti, pour attaches-tétines et jouets bébé"
K6020,"Lot de 9 perles rondes en silicone Bohin, 15mm, coloris assorti, pour attaches-tétines et jouets bébé"
91355,"Pied-de-biche spécial fermeture invisible Bohin, pour machine à coudre"
91354,"Pied-de-biche universel Bohin, pour machine à coudre"
98975,"Pied-de-biche Téflon Bohin : glisse sans accrocher sur cuir, simili et tissus enduits, pour machine à coudre"
98974,"Pied-de-biche Téflon Bohin : glisse sans accrocher sur cuir, simili et tissus enduits, pour machine à coudre"
98976,Pied presseur Bohin pour machine à coudre
PRY390900,"Pince Vario à percer et river : pose sans fil ni aiguille des boutons pression, œillets et rivets sur textile ou cuir - Perçage réglable 3 ou 4mm"
72099,"Pince pour boutons à griffe Bohin, 12 et 14mm"
9141595,"Pince de précision Milward, pour petits travaux de couture et bijouterie"
PRY390903,"Pince Vario Creative Tool : outil pour poser œillets et rivets sans couture, poignée ergonomique - Compatible avec toute la gamme d'outils sans couture Prym"
75391,"Lot de 10 pinces magiques Bohin, grand modèle : alternative aux épingles, maintient le tissu sans le trouer"
62548,"Lot de 3 pistolets perroquet (règles courbes) Bohin, pour tracer les courbes de patronage (emmanchures, hanches, col)"
PRY611143,Pochoirs alphabet pour marquage/traçage sur tissu
WD036,"Poignée de sac ovale en bois, marron, 30cm"
RE031,"Poignée de sac rectangulaire plastique imitation bois, 22cm"
RE024,"Poignée de sac rectangulaire plastique imitation bois, 22cm"
RE015,"Poignée de sac rectangulaire plastique, noir, 22cm"
RE018,"Poignée de sac rectangulaire plastique, transparent, 22cm"
615101,"Poignée de sac en bambou, modèle Kim"
RE042,"Poignée de sac ronde en plastique recyclé, brun, 17cm"
RE043,"Poignée de sac ronde en plastique recyclé, noir, 17cm"
P_159,Pompon fourrure fauve 10cm Plassard
99016,Porte-aiguille magnétique Bohin pour machine à coudre : permet de poser l'aiguille à portée de main sans la piquer dans l'ouvrage
2511423,"Porte-bobines en bois Milward, 23 emplacements, 14,5x15,5x18cm"
2511419,"Porte-bobines en bois Milward, 60 emplacements, 13x29,8x29cm"
9137564,"Porte-canettes pour bobine Milward, 12 emplacements"
90573,"Bande de boutons pression prêts à coudre Bohin, pour une pose rapide en série"
90578,"Bande de boutons pression prêts à coudre Bohin, pour une pose rapide en série"
PRY390902,"Pince Vario Prym Love (coloris fuchsia) + outils de pose inclus - Pour poser boutons pression, œillets et rivets sans couture"
9490503,"Rasoir anti-peluches à pile Milward, pour redonner un aspect neuf aux textiles"
91498,Recharge de mine craie pour porte-mine de couture Bohin
673126,Embout de rechange pour pince Vario Prym
98599,"Règle carrée en bois Bohin, 1m, pour tracer angles droits et grandes longueurs"
62549,"Règle courbe multifonction Bohin, 42x19cm, pour tracer emmanchures, cols et courbes de patronage"
PRY611307,"Règle de patchwork rectangulaire 15x30cm, graduée pour la découpe précise en patchwork et couture"
PRY611319,"Règle de patchwork carrée 31,5x31,5cm, graduée pour la découpe précise en patchwork et couture"
PRY611937,"Lot de 2 règles de repassage résistantes à la chaleur (15x5cm et 30x10cm), pour repasser ourlets et plis avec précision"
62539,"Réglet métallique Bohin, 20cm, pour mesures précises en couture"
98372,"Renfort de coude à coudre Bohin, grand modèle"
98384,"Renfort de coude à coudre Bohin, petit modèle"
PRY611911,"Repose-fer en silicone, 14x25cm, coloris violet - Protège le plan de travail de la chaleur du fer"
PRY611908,"Repose mini-fer en silicone, coloris fuchsia"
PRY611907,"Repose mini-fer en silicone, coloris violet"
PRY403170,"Rivets argentés Ø7,5mm, capuchon 3-4mm de haut, x25 - Pose avec pince Vario ou Vario Creative Tool"
PRY403150,"Rivets argentés Ø7,5mm avec jeu de pose, x20 - Pour décorer/renforcer jean et cuir"
2511429,"Rouleau de papier calque Milward, 10m x 1m, pour reporter des patrons"
79799,Boutons pression à coudre Bohin - noir
9292660,"Stylo effaçable à l'eau Milward, bleu, marquage temporaire du tissu"
MG9N40231,"Lot de 2 supports à cône Milward, pour dérouler fils et laines"
98958,"Doigtiers tire-aiguille en silicone Bohin, tailles XL et L : protègent les doigts et facilitent le passage de l'aiguille dans le tissu"
90761,"Tirette de rechange pour fermeture à glissière Bohin, coloris nickel"
90762,"Tirette de rechange pour fermeture à glissière Bohin, coloris bronze"
90763,"Tirette de rechange pour fermeture à glissière Bohin, coloris noir"
98889,"Trousse de couture Bohin garnie, collection Dolce Vita : nécessaire de couture complet"
98919,"Écusson thermocollant BOHIN, collection ""Les Audacieuses"" (Autriche) : patch représentant une femme ayant marqué l'histoire par son audace - Se fixe au fer à repasser"
98920,"Écusson thermocollant BOHIN, collection ""Les Audacieuses"" (Egypte) : patch représentant une femme ayant marqué l'histoire par son audace - Se fixe au fer à repasser"
98921,"Écusson thermocollant BOHIN, collection ""Les Audacieuses"" (France) : patch représentant une femme ayant marqué l'histoire par son audace - Se fixe au fer à repasser"
98835,"Écusson thermocollant BOHIN motif glace/chat, à fixer au fer à repasser sur vêtements et accessoires"
98833,"Écusson thermocollant BOHIN motif glace/ourson, à fixer au fer à repasser sur vêtements et accessoires"
98832,"Écusson thermocollant BOHIN motif glace/tigre, à fixer au fer à repasser sur vêtements et accessoires"
98867,"Motif thermocollant BOHIN hippocampe (beige), à fixer au fer à repasser pour customiser un vêtement"
98903,"Motif thermocollant BOHIN homard (fuchsia), à fixer au fer à repasser pour customiser un vêtement"
98866,"Motif thermocollant BOHIN poisson (bleu), à fixer au fer à repasser pour customiser un vêtement"
98388,"Pièce thermocollante Bohin jersey/maille, 12x45cm, coloris marine : pour réparer ou renforcer un vêtement en maille"
98390,"Pièce thermocollante Bohin jersey/maille, 12x45cm, coloris marron : pour réparer ou renforcer un vêtement en maille"
98376,"Renfort de coude thermocollant BOHIN, grand modèle, rouge : se pose au fer à repasser pour renforcer coudes de pull/veste"
98385,"Renfort de coude thermocollant BOHIN, petit modèle, rouge : se pose au fer à repasser pour renforcer coudes de pull/veste"
98380,"Renfort de coude thermocollant BOHIN, petit modèle, noir : se pose au fer à repasser pour renforcer coudes de pull/veste"
98371,"Renfort de coude thermocollant BOHIN, souple, noir : se pose au fer à repasser pour renforcer coudes de pull/veste"
61793,"Renfort thermocollant BOHIN spécial jean, à poser au fer à repasser pour réparer un accroc ou renforcer un jean"
98834,"Écusson thermocollant BOHIN motif panda, à fixer au fer à repasser sur vêtements et accessoires"
K2108,"Popeline de coton uni 100% coton, grammage 115g/m², laize 150 cm."
K2032,Kit sac à coudre - Katia Fabrics.
K2025,"Tissu denim 100% coton, grammage 125g/m², laize 145 cm."
K2010,"Tissu denim 100% coton, grammage 125g/m², laize 145 cm."
K2028,"Tissu denim imprimé coloré 100% coton, grammage 125g/m², laize 150 cm."
K2240,"Tissu knit raffia 100% cellulose, laize 60 cm."
K2015,"Tissu mousseline 100% coton, laize 130 cm."
K2040,"Tissu rustic cotton 100% coton, grammage 150g/m², laize 130 cm."
K2296,"Tissu type soie 100% polyester, grammage 130g/m², laize 150 cm."
K2195,Tissu vichy 50% coton / 50% polyester.
K2132,"Tissu canvas de Noël 90% coton / 10% polyester, grammage 194g/m², laize 140 cm."
K2199,"Tissu popeline de Noël 100% coton, grammage 120g/m², laize 150 cm."
K2205,"Tissu 3D mesh, grammage 150g/m², laize 70 cm."
K2192,"Tissu tulle rainbow, laize 160 cm."
K2193,Tissu tulle rainbow plissé.
K2084,"Tissu voile de coton, grammage 70g/m², laize 135 cm."
