id,nom,categorie,prix,description,marque,gammes,gammes_photos,stocks_gammes,stock,dispo,image,popularite,nouveau,prix_promo,promo_pourcentage,promo_fin,promo_type,promo_valeur
83099,Aiguille A Coudre Tricot,Aiguilles & épingles,540,Aiguille à coudre spéciale tricot BOHIN : pointe arrondie pour assembler les mailles sans les fendre,Bohin,,non,,23,true,83099.webp,137,False,,,,,
500010.015,Aiguille Big Eyes - 10Cm - Ricod,Aiguilles & épingles,700,,,,non,,7,true,500010.015.jpg,399,False,,,,,
35284,Aiguille Bouleau Basix - 40 Cm - N°7 - Ute,Aiguilles & épingles,1700,,,,non,,4,true,35284.jpg,1443,False,,,,,
35286,Aiguille Bouleau Basix - 40 Cm - N°9,Aiguilles & épingles,1800,,,,non,,4,true,35286.jpg,99999,False,,,,,
35285,Aiguille Bouleaux Basix - 40 Cm - N°8 - Ute,Aiguilles & épingles,1700,,,,non,,3,true,35285.jpg,99999,False,,,,,
KP10415,Aiguille Circu. Interchangeable - Nova Metal - 3Mm - 13 Cm - Knitpro,Aiguilles & épingles,1300,,,,non,,1,true,KP10415.webp,1633,False,,,,,
35642,Aiguille Circulaire Interchangeable - Bois - Basix -12 Cm N°8,Aiguilles & épingles,1700,,,,non,,2,true,35642.jpg,99999,False,,,,,
12124,Aiguille Emballage Droite A72 -12A,Aiguilles & épingles,360,"Aiguille à emballage droite A72 BOHIN : grande aiguille robuste, pour ficeler et coudre emballages et sacs",Bohin,,non,,25,true,12124.jpg,1551,False,,,,,
12212,Aiguille Emballage Recourbee .A73 N° 4 - Unite,Aiguilles & épingles,350,"Aiguille à emballage courbe A73 BOHIN : pointe courbe, pour coudre/ficeler emballages et sacs",Bohin,,non,,29,true,12212.webp,2385,False,,,,,
98963,"Aiguille Machine ""Anti Colle"" - 90/100 B5",Aiguilles & épingles,1050,"Aiguille machine ""anti-colle"" BOHIN : traitement anti-adhérent, pour coudre tissus enduits/adhésifs sans encrasser l'aiguille",Bohin,,non,,22,true,98963.webp,1275,False,,,,,
SC001625,"Aiguille Machine ""Stretch Twin 75/11- 4Mm"" - Schmetz",Aiguilles & épingles,1150,,,,non,,5,true,SC001625.webp,1989,False,,,,,
18095,Aiguille Machine -B10 - Combi - Bohin,Aiguilles & épingles,1750,"Aiguille machine universelle BOHIN B10, pour tissus courants",Bohin,,non,,27,true,18095.webp,242,False,,,,,
98419,"Aiguille Machine Boh ""Top Stitch"" Etuix5 80/90",Aiguilles & épingles,880,"Aiguille machine ""Top Stitch"" (surpiqûre) BOHIN : gros chas pour fils épais décoratifs",Bohin,,non,,20,true,98419.jpg,99999,False,,,,,
18249,Aiguille Machine Bohin - Talon Rond - Am287 - 100 - B10,Aiguilles & épingles,1400,"Aiguille machine BOHIN talon rond, système 287, pour machines à coudre familiales",Bohin,,non,,13,true,18249.webp,1649,False,,,,,
18247,Aiguille Machine Bohin - Talon Rond - Am287 - 80 - B10,Aiguilles & épingles,1400,"Aiguille machine BOHIN talon rond, système 287, pour machines à coudre familiales",Bohin,,non,,15,true,18247.webp,571,False,,,,,
18248,Aiguille Machine Bohin B10 Am287 Talon Rond - 90,Aiguilles & épingles,1400,"Aiguille machine BOHIN talon rond, système 287, pour machines à coudre familiales",Bohin,,non,,43,true,18248.webp,1068,False,,,,,
18049,Aiguille Machine Bohin B10 Am705 100,Aiguilles & épingles,1150,"Aiguille machine universelle BOHIN, système 705 (talon plat), pour machines à coudre familiales",Bohin,,non,,6,true,18049.jpg,139,False,,,,,
18050,Aiguille Machine Bohin B10 Am705 110,Aiguilles & épingles,1150,"Aiguille machine universelle BOHIN, système 705 (talon plat), pour machines à coudre familiales",Bohin,,non,,21,true,18050.jpg,332,False,,,,,
18045,Aiguille Machine Bohin B10 Am705 60,Aiguilles & épingles,1150,"Aiguille machine universelle BOHIN, système 705 (talon plat), pour machines à coudre familiales",Bohin,,non,,53,true,18045.jpeg,99999,False,,,,,
18046,Aiguille Machine Bohin B10 Am705 70,Aiguilles & épingles,1150,"Aiguille machine universelle BOHIN, système 705 (talon plat), pour machines à coudre familiales",Bohin,,non,,20,true,18046.jpeg,452,False,,,,,
18047,Aiguille Machine Bohin B10 Am705 80,Aiguilles & épingles,1150,"Aiguille machine universelle BOHIN, système 705 (talon plat), pour machines à coudre familiales",Bohin,,non,,53,true,18047.jpeg,201,False,,,,,
18048,Aiguille Machine Bohin B10 Am705 90,Aiguilles & épingles,1150,"Aiguille machine universelle BOHIN, système 705 (talon plat), pour machines à coudre familiales",Bohin,,non,,30,true,18048.jpg,259,False,,,,,
19948,Aiguille Machine Bohin Cuir B5 705 90,Aiguilles & épingles,1050,"Aiguille machine spéciale cuir BOHIN : pointe triangulaire tranchante, pour cuir et simili",Bohin,,non,,19,true,19948.jpg,365,False,,,,,
98417,Aiguille Machine Bohin Etuix5 Am705/55,Aiguilles & épingles,960,"Aiguille machine universelle BOHIN, système 705 (talon plat), pour machines à coudre familiales",Bohin,,non,,16,true,98417.webp,1338,False,,,,,
19649,Aiguille Machine Bohin Jean B5 705H 100,Aiguilles & épingles,1050,"Aiguille machine spéciale jean BOHIN : pointe renforcée, pour tissus épais type denim",Bohin,,non,,46,true,19649.jpg,101,False,,,,,
19898,Aiguille Machine Bohin Jers B5 705 Assortiment,Aiguilles & épingles,650,"Aiguille machine spéciale jersey BOHIN : pointe à bille, pour tissus extensibles",Bohin,,non,,22,true,19898.webp,361,False,,,,,
19598,Aiguille Machine Bohin Stretch B5 Assortiment,Aiguilles & épingles,1050,"Aiguille machine spéciale stretch BOHIN : pointe à bille, pour tissus élastiques",Bohin,,non,,37,true,19598.webp,966,False,,,,,
19746,Aiguille Machine Bohin Twin B1 4.0/75,Aiguilles & épingles,1130,Aiguille machine jumelée (twin) BOHIN : pour points décoratifs et ourlets doubles,Bohin,,non,,38,true,19746.webp,1731,False,,,,,
19747,Aiguille Machine Bohin Twin B2 705 80,Aiguilles & épingles,1650,Aiguille machine jumelée (twin) BOHIN : pour points décoratifs et ourlets doubles,Bohin,,non,,23,true,19747.webp,924,False,,,,,
98416,Aiguille Machine Bohin Universe. 120 Etui 10,Aiguilles & épingles,1150,"Aiguille machine universelle BOHIN B10, pour tissus courants",Bohin,,non,,15,true,98416.jpeg,556,False,,,,,
18099,Aiguille Machine Bte 10 Assortiment,Aiguilles & épingles,1150,,,,non,,24,true,18099.jpeg,63,False,,,,,
SC001830,Aiguille Machine Double Jean - 4.0/100 - Schmetz,Aiguilles & épingles,920,,,,non,,5,true,SC001830.webp,99999,False,,,,,
SC001687,"Aiguille Machine Universel Twin - Assortiment 1.6, 2, 3 Mm - Schmetz",Aiguilles & épingles,1410,,,,non,,5,true,SC001687.jpg,99999,False,,,,,
93210,Aiguille Machineboh.Microtex C.5 60/80,Aiguilles & épingles,790,"Aiguille machine Microtex BOHIN : pointe fine et acérée, pour tissus fins et microfibres",Bohin,,non,,15,true,93210.jpg,99999,False,,,,,
12316,Aiguille Matelas Droites A74 - N°6 - Unite,Aiguilles & épingles,250,"Aiguille matelas droite A74 BOHIN : aiguille droite robuste, pour capitonnage, ameublement et rembourrage",Bohin,,non,,34,true,12316.jpg,934,False,,,,,
12312,Aiguille Matelas Droites A74 N°4 - Unite,Aiguilles & épingles,220,"Aiguille matelas droite A74 BOHIN : aiguille droite robuste, pour capitonnage, ameublement et rembourrage",Bohin,,non,,14,true,12312.jpeg,1189,False,,,,,
12320,Aiguille Matelas Droites A74 N°8 - Unite,Aiguilles & épingles,300,"Aiguille matelas droite A74 BOHIN : aiguille droite robuste, pour capitonnage, ameublement et rembourrage",Bohin,,non,,35,true,12320.jpg,2408,False,,,,,
DMC1764.1,Aiguille Perle N10-13 X4,Aiguilles & épingles,550,,,,non,,23,true,DMC1764.1.webp,818,False,,,,,
98823,Aiguille Punch Needle,Aiguilles & épingles,1400,,,,non,,10,true,98823.jpg,99999,False,,,,,
15406,Aiguille Smyrne Sans Pointe A44 Nø1 -Bohin,Aiguilles & épingles,200,"Aiguille Smyrne sans pointe A44 BOHIN : grand chas, pour le point noué Smyrne sur canevas",Bohin,,non,,11,true,15406.webp,1698,False,,,,,
98288,Aiguille Speciale Frivolite 13Cm X1Mm,Aiguilles & épingles,540,,,,non,,5,true,98288.jpg,99999,False,,,,,
98410,Aiguille Surjeteuse 75 X5 - Bohin,Aiguilles & épingles,1200,Aiguille pour surjeteuse BOHIN : système adapté aux machines surjeteuses,Bohin,,non,,19,true,98410.jpg,1687,False,,,,,
98412,Aiguille Surjeteuse 80 X5,Aiguilles & épingles,1200,Aiguille pour surjeteuse BOHIN : système adapté aux machines surjeteuses,Bohin,,non,,14,true,98412.webp,433,False,,,,,
98414,Aiguille Surjeteuse 90 X5,Aiguilles & épingles,1200,Aiguille pour surjeteuse BOHIN : système adapté aux machines surjeteuses,Bohin,,non,,16,true,98414.jpg,672,False,,,,,
98405,Aiguille Tapis. S/Pte Chas Central A42 24 Bli3,Aiguilles & épingles,520,"Aiguille tapisserie sans pointe A42F BOHIN : bout arrondi, pour broderie sur canevas et point de croix sans fendre les fils de la toile",Bohin,,non,,11,true,98405.webp,1802,False,,,,,
98406,Aiguille Tapiss.S/Pte A42 18/22 Dble Chas X6,Aiguilles & épingles,740,"Aiguille tapisserie sans pointe A42F BOHIN : bout arrondi, pour broderie sur canevas et point de croix sans fendre les fils de la toile",Bohin,,non,,11,true,98406.jpg,2039,False,,,,,
00932,Aiguille Tapisserie Ac Pointe N°20,Aiguilles & épingles,430,,,,non,,20,true,00932.jpg,1955,False,,,,,
UTEAIG10,Aiguille Tricot Bouleau - Basix Ute - 40Cm - N°10,Aiguilles & épingles,1800,,,,non,,3,true,,99999,False,,,,,
UTEAIG12,Aiguille Tricot Bouleau - Basix Ute - 40Cm - N°12,Aiguilles & épingles,1400,,,,non,,3,true,,99999,False,,,,,
02505,Aiguille Tricot Plastique - 25 Cm - N°7,Aiguilles & épingles,1000,,,,non,,5,true,,99999,False,,,,,
U1754_4,Aiguille Tricoter Bambou - N° 4,Aiguilles & épingles,2040,,,,non,,1,true,,99999,False,,,,,
83599,Aiguille Voile N°14 & 16 Sur Carte,Aiguilles & épingles,600,Aiguille voile BOHIN : fine aiguille pour tissus légers et voilages,Bohin,,non,,2,true,83599.jpg,668,False,,,,,
21Q8040D,Aiguilleplast - 40 Cm - N8 - Ute,Aiguilles & épingles,1000,,,,non,,4,true,,1819,False,,,,,
00625,Aiguilles A Appiquer Long/Perle N°12 - Par 15,Aiguilles & épingles,460,,,,non,,4,true,00625.jpg,1232,False,,,,,
00722,Aiguilles A Broder N° 10 - Par 15,Aiguilles & épingles,400,,,,non,,43,true,00722.jpg,2338,False,,,,,
00768,Aiguilles A Broder N° 3/9 - Par 15,Aiguilles & épingles,430,,,,non,,27,true,00768.jpg,424,False,,,,,
00769,Aiguilles A Broder N° 5/10 - Par 16,Aiguilles & épingles,430,,,,non,,15,true,00769.jpg,422,False,,,,,
00718,Aiguilles A Broder N° 7 - Par 15,Aiguilles & épingles,400,,,,non,,30,true,00718.jpg,99999,False,,,,,
00772,Aiguilles A Broder N°1/10 - Par 15,Aiguilles & épingles,430,,,,non,,8,true,00772.jpg,1953,False,,,,,
00716,Aiguilles A Broder N°6 - Par 15,Aiguilles & épingles,410,,,,non,,40,true,00716.jpg,1976,False,,,,,
00721,Aiguilles A Broder N°9 - Par 15,Aiguilles & épingles,400,,,,non,,50,true,00721.jpg,2355,False,,,,,
11899,Aiguilles A Carrelet Triangulaire 3/0 - Bohin 51 Mm - Ø1.20 - Unite,Aiguilles & épingles,200,"Aiguille carrelet triangulaire A54 BOHIN : pointe triangulaire tranchante, pour coudre le cuir",Bohin,,non,,23,true,11899.jpg,99999,False,,,,,
00323,Aiguilles A Coudre - Demi-Longues N° 10 - Par 20 Grand Chas,Aiguilles & épingles,380,,,,non,,37,true,00323.jpg,99999,False,,,,,
00321,Aiguilles A Coudre - Demi-Longues N° 9 - Par 20,Aiguilles & épingles,280,,,,non,,79,true,00321.jpg,99999,False,,,,,
00269,Aiguilles A Coudre - Grand Chat - 3/9 - Par 15,Aiguilles & épingles,430,,,,non,,35,true,00269.jpg,80,False,,,,,
00232,Aiguilles A Coudre - Sashiko - Assortiement Par 8,Aiguilles & épingles,470,,,,non,,12,true,00232.jpg,527,False,,,,,
01141,Aiguilles A Coudre Cuir Ass3/0-5-7 - Par 6,Aiguilles & épingles,900,,,,non,,8,true,01141.jpg,857,False,,,,,
00322,Aiguilles A Coudre Demi-Longues N° 10 - Par 20,Aiguilles & épingles,280,,,,non,,89,true,00322.jpg,2207,False,,,,,
00320,Aiguilles A Coudre Demi-Longues N° 8 - Par 20,Aiguilles & épingles,280,,,,non,,80,true,00320.jpg,1968,False,,,,,
00222,Aiguilles A Coudre Longues N° 10 - Par 20,Aiguilles & épingles,400,,,,non,,42,true,00222.jpg,99999,False,,,,,
00223,Aiguilles A Coudre Longues N° 11 - Par 20,Aiguilles & épingles,400,,,,non,,56,true,00223.jpg,2350,False,,,,,
00220,Aiguilles A Coudre Longues N° 8 - Par 20,Aiguilles & épingles,400,,,,non,,47,true,00220.jpg,1697,False,,,,,
00221,Aiguilles A Coudre Longues N° 9 - Par 20,Aiguilles & épingles,400,,,,non,,39,true,00221.jpg,99999,False,,,,,
01142,Aiguilles A Coudre Speciale Jeans N°5/7 - Par 12,Aiguilles & épingles,430,,,,non,,24,true,01142.webp,375,False,,,,,
00503,Aiguilles A Repriser - 2/0 - Par 4,Aiguilles & épingles,430,,,,non,,28,true,00503.jpg,630,False,,,,,
00502,Aiguilles A Repriser - 3/0 - Par 4,Aiguilles & épingles,430,,,,non,,13,true,00502.jpg,322,False,,,,,
00568,Aiguilles A Repriser - 3/9 Par 12,Aiguilles & épingles,430,,,,non,,17,true,00568.jpg,323,False,,,,,
00504,Aiguilles A Repriser 1/0 - Par 6,Aiguilles & épingles,430,,,,non,,19,true,00504.jpg,458,False,,,,,
10003,Aiguilles A Repriser Long N°2/0 (X10),Aiguilles & épingles,850,"Aiguille à repriser longue A11 BOHIN : grand chas, pour le montage des tricots et les reprises",Bohin,,non,,14,true,10003.jpg,1959,False,,,,,
10006,Aiguilles A Repriser Longues (X10),Aiguilles & épingles,850,"Aiguille à repriser longue A11 BOHIN : grand chas, pour le montage des tricots et les reprises",Bohin,,non,,18,true,10006.jpg,99999,False,,,,,
00468,Aiguilles A Repriser Longues - 3/9 - Par 6,Aiguilles & épingles,430,,,,non,,16,true,00468.jpg,1435,False,,,,,
10003_U,Aiguilles A Repriser Longues - 68X1.4Mm - Unite,Aiguilles & épingles,100,"Aiguille à repriser longue A11 BOHIN : grand chas, pour le montage des tricots et les reprises",Bohin,,non,,20,true,,2346,False,,,,,
10006_U,Aiguilles A Repriser Longues - Unite,Aiguilles & épingles,100,"Aiguille à repriser longue A11 BOHIN : grand chas, pour le montage des tricots et les reprises",Bohin,,non,,19,true,10006_U.jpg,99999,False,,,,,
83499,Aiguilles Bohin Cuir Peau,Aiguilles & épingles,540,"Aiguille à coudre le cuir BOHIN : pointe adaptée aux matières épaisses, pour coudre cuir et peau",Bohin,,non,,8,true,83499.jpg,1481,False,,,,,
81599,Aiguilles Bricoleurs Bohin - X7,Aiguilles & épingles,1020,"Assortiment d'aiguilles à main ""bricoleurs"" BOHIN : diverses tailles pour petits travaux de couture et réparations",Bohin,,non,,3,true,81599.jpg,774,False,,,,,
00770,Aiguilles Broderie Au Ruban N°18/22 - Par 3,Aiguilles & épingles,430,,,,non,,28,true,00770.jpg,2317,False,,,,,
00880,Aiguilles Broderie Sans Pointe N° 22/24/26,Aiguilles & épingles,400,,,,non,,16,true,00880.jpg,955,False,,,,,
00780,Aiguilles Broderie/Canevas As.18/20/24,Aiguilles & épingles,400,,,,non,,20,true,00780.jpg,99999,False,,,,,
12708,Aiguilles Courbes A75 Nø2,Aiguilles & épingles,210,"Aiguille courbe A75 BOHIN : pour bâtir, froncer et réparer fauteuils/canapés dans les espaces difficiles d'accès - Acier nickelé",Bohin,,non,,4,true,12708.jpg,1029,False,,,,,
12714,Aiguilles Courbes A75 Nø5,Aiguilles & épingles,330,"Aiguille courbe A75 BOHIN : pour bâtir, froncer et réparer fauteuils/canapés dans les espaces difficiles d'accès - Acier nickelé",Bohin,,non,,7,true,12714.jpg,1019,False,,,,,
6135L_5,Aiguilles Laine - Chat Nylon X3 - Dmc,Aiguilles & épingles,590,,DMC,,non,,21,true,6135L_5.JPG,83,False,,,,,
18198,Aiguilles Machine Assortiment De 5 - 70/90 - Bohin,Aiguilles & épingles,600,Assortiment de 5 aiguilles machine BOHIN de tailles variées,Bohin,,non,,53,true,18198.jpg,221,False,,,,,
83899,Aiguilles Matelas S/Carte Nø4-5,Aiguilles & épingles,570,"Aiguille matelas droite A74 BOHIN : aiguille droite robuste, pour capitonnage, ameublement et rembourrage",Bohin,,non,,8,true,83899.jpg,514,False,,,,,
83999,Aiguilles Matelas S/Carte Nø6-8,Aiguilles & épingles,850,"Aiguille matelas droite A74 BOHIN : aiguille droite robuste, pour capitonnage, ameublement et rembourrage",Bohin,,non,,4,true,83999.webp,314,False,,,,,
00622,Aiguilles Mode/ A Batir - N° 10 - Par 15,Aiguilles & épingles,400,,,,non,,14,true,00622.jpg,1691,False,,,,,
00610,Aiguilles Mode/ A Batir - N° 3 - Par 12,Aiguilles & épingles,410,,,,non,,15,true,00610.jpeg,559,False,,,,,
00668,Aiguilles Mode/ A Batir - N° 3/9 - Par 15,Aiguilles & épingles,430,,,,non,,60,true,00668.jpg,631,False,,,,,
00616,Aiguilles Mode/ A Batir - N° 6 - Par 12,Aiguilles & épingles,410,,,,non,,18,true,00616.jpg,976,False,,,,,
00621,Aiguilles Mode/ A Batir - N° 9 - Par 15,Aiguilles & épingles,400,,,,non,,8,true,00621.jpg,2343,False,,,,,
00669,Aiguilles Mode/ A Batir - N°3/12 - Par15,Aiguilles & épingles,430,,,,non,,32,true,00669.jpg,2318,False,,,,,
01099,Aiguilles Pour Vue Fatiguee N° 4/6/8 - Par 6,Aiguilles & épingles,700,,,,non,,33,true,01099.jpg,506,False,,,,,
00832,Aiguilles Tapisserie Sans Pointe N° 20 - Par 6,Aiguilles & épingles,400,,,,non,,83,true,00832.jpg,1079,False,,,,,
00836,Aiguilles Tapisserie Sans Pointe N° 24 - Par 6,Aiguilles & épingles,430,,,,non,,31,true,00836.jpg,2007,False,,,,,
00838,Aiguilles Tapisserie Sans Pointe N° 26 - Par 6,Aiguilles & épingles,430,,,,non,,23,true,00838.jpg,1954,False,,,,,
00826,Aiguilles Tapisserie Sans Pointe N°14 - Par 3,Aiguilles & épingles,430,,,,non,,16,true,00826.jpg,890,False,,,,,
00828,Aiguilles Tapisserie Sans Pointe N°16 -Par 5,Aiguilles & épingles,430,,,,non,,25,true,00828.jpeg,1273,False,,,,,
00830,Aiguilles Tapisserie Sans Pointe N°18 - Par 6,Aiguilles & épingles,430,,,,non,,6,true,00830.jpg,1436,False,,,,,
00878,Aiguilles Tapisserie Sans Pointe N°18/22 - Par 6,Aiguilles & épingles,400,,,,non,,21,true,00878.jpeg,1696,False,,,,,
00834,Aiguilles Tapisserie Sans Pointe N°22 - Par 6,Aiguilles & épingles,430,,,,non,,10,true,00834.jpg,99999,False,,,,,
00870,Aiguilles Tapisserie Sans Pointe N°28 - Par6,Aiguilles & épingles,400,,,,non,,91,true,00870.jpg,2008,False,,,,,
00930,Aiguilles Tapissier Ac Pointe N°18 - Par 6,Aiguilles & épingles,430,,,,non,,15,true,00930.jpg,687,False,,,,,
02504,Aiguilles Tricot Plastique 25 Cm - N°8,Aiguilles & épingles,1000,,,,non,,5,true,02504.jpeg,99999,False,,,,,
12314,Aigulle Matelas Droites A74 - N°5 - Unite,Aiguilles & épingles,230,"Aiguille matelas droite A74 BOHIN : aiguille droite robuste, pour capitonnage, ameublement et rembourrage",Bohin,,non,,7,true,12314.jpeg,2073,False,,,,,
ERF.274836,Assortiment Aiguilles Cuir Pvc,Aiguilles & épingles,380,,,,non,,14,true,ERF.274836.jpg,2362,False,,,,,
M696,Boite 100 Épingles Surete Melange - 4 Tailles - S&M,Aiguilles & épingles,1050,,,,non,,17,true,,609,False,,,,,
M599,Box Épingles Surete X X216,Aiguilles & épingles,980,,,,non,,8,true,,809,False,,,,,
KP10531,Cable Circulaire Pour Aiguille 20 Cm - Noir,Aiguilles & épingles,700,,,,non,,8,true,KP10531.jpg,99999,False,,,,,
50410D,Dizaine Epingles Surete N°3,Aiguilles & épingles,230,,,,non,,7,true,,518,False,,,,,
50412D,Dizaine Epingles Surete N°4,Aiguilles & épingles,250,,,,non,,15,true,,798,False,,,,,
50414D,Dizaine Epingles Surete N°5,Aiguilles & épingles,270,,,,non,,16,true,,519,False,,,,,
81958,Enfile Aiguille Auto - Bohin,Aiguilles & épingles,1000,Enfile-aiguille BOHIN : facilite l'enfilage du fil dans le chas de l'aiguille,Bohin,,non,,2,true,81958.jpg,1006,False,,,,,
50410,Epingle De Suretée Bohin N*3 X 1000 - 39Mm,Aiguilles & épingles,8940,"Épingle de sûreté BOHIN, acier nickelé",Bohin,,non,,4,true,,99999,False,,,,,
50412,Epingle De Suretée N4 Bohin 1000Ex,Aiguilles & épingles,9880,"Épingle de sûreté BOHIN, acier nickelé",Bohin,,non,,2,true,,99999,False,,,,,
50414,Epingle De Suretée N5 Bohin 1000Ex,Aiguilles & épingles,11850,"Épingle de sûreté BOHIN, acier nickelé",Bohin,,non,,2,true,50414.jpg,99999,False,,,,,
84899,Epingle Kilt Argent,Aiguilles & épingles,685,,,,non,,5,true,,682,False,,,,,
84898,Epingle Kilt Doree 62+76Mm,Aiguilles & épingles,685,,,,non,,1,true,,461,False,,,,,
5020_50,Epingle Surete - Nick Nø00 - Sachet - 50Ex,Aiguilles & épingles,500,,,,non,,12,true,,1834,False,,,,,
59106_50,Epingle Surete Ressort Noires -N°2/0-19Mm - Sachet 50 Ex,Aiguilles & épingles,500,,,,non,,9,true,,2245,True,,,,,
ERF.289595,Epingles A Nourrice X6 56Mm,Aiguilles & épingles,550,,,,non,,10,true,,99999,False,,,,,
50272D,Epingles N°1 Par 10,Aiguilles & épingles,100,,,,non,,23,true,,1039,False,,,,,
50408D,Epingles N°2 Par 10,Aiguilles & épingles,200,Lot de 10 épingles à nourrice. ,,,non,,13,true,50408D.webp,252,False,,,,,
43912,Epingles Sans Tete - 200Ex - Bohin,Aiguilles & épingles,550,Épingles extra-fines BOHIN : pour tissus délicats,Bohin,,non,,15,true,43912.jpg,531,False,,,,,
26661,Epingles Tete Fleur 50Mm - Assortiment X50 - Bohin,Aiguilles & épingles,1580,Épingles à tête BOHIN : pour épinglage du tissu avant couture,Bohin,,non,,6,true,26661.jpg,1106,False,,,,,
26598,Epingles À Tête Bohin X 200,Aiguilles & épingles,1700,Épingles à tête BOHIN : pour épinglage du tissu avant couture,Bohin,,non,,32,true,26598.webp,113,False,,,,,
83150,Kit Aiguilles Poupee,Aiguilles & épingles,900,,,,non,,14,true,,650,False,,,,,
10022-02,Kit Canevas Sans Fil - Wesh - 13 X 18 Cm,Aiguilles & épingles,3200,,,,non,,2,true,10022-02.webp,99999,False,,,,,
M416,Passe Lacet / Ruban - S&M,Aiguilles & épingles,550,,,,non,,4,true,,1756,False,,,,,
A5442,Surete Laiton Sachet 1000 N°2/0,Aiguilles & épingles,5900,,,,non,,1,true,A5442.jpg,99999,False,,,,,
46898,Épingles Houzeaux Poire 60Mm Noir (100Ex) - Bohin,Aiguilles & épingles,1350,"Épingles Houzeaux à tête poire BOHIN, 60mm : pour patchwork et couture",Bohin,,non,,2,true,46898.jpg,1604,False,,,,,
5442_50,Épingles Surete Dore - Sachet 50 N°2/0,Aiguilles & épingles,500,,,,non,,3,true,,797,False,,,,,
A5020,Épingles Surete Nick 1000 Nø00,Aiguilles & épingles,5230,,,,non,,3,true,,99999,False,,,,,
59106,Épingles Surete Ressort Noires X1000 -N°2/0-19Mm,Aiguilles & épingles,3950,,,,non,,1,true,,99999,False,,,,,
A5010,Épingles Surete X1000 N°0,Aiguilles & épingles,4950,,,,non,,2,true,,99999,False,,,,,
26703,Épingles Tete Jaune - 44Mm - Bohin X 200 Ex,Aiguilles & épingles,1375,Épingles à tête plastique colorée BOHIN : pour un repérage facile dans le tissu,Bohin,,non,,1,true,26703.jpg,1080,False,,,,,
84975,Épinglesacier Ec6 Nø4 30X0.50 Mps 200,Aiguilles & épingles,750,,,,non,,7,true,,607,False,,,,,
50273,Épinglessuret. Nø1.5(Us) 2(Eu) Ct500,Aiguilles & épingles,4250,,,,non,,2,true,,740,False,,,,,
50406,Épinglessuret.N1 Boite 1000,Aiguilles & épingles,6700,,,,non,,2,true,50406.webp,473,False,,,,,
84399,Épingles sureté Bébé Inox Blister 4,Aiguilles & épingles,960,,,,non,,3,true,84399.jpg,468,False,,,,,
26098,Épinglestete Verre Boite 80 Mp80 Assortiment,Aiguilles & épingles,750,,,,non,,22,true,26098.jpg,99,False,,,,,
AME_4,Agrafesanneaux Bois Blanc Carre,Ameublement,300,,,,non,,56,true,,2136,False,,,,,
AME_3,Agrafesanneaux Bois Marron Carre,Ameublement,300,,,,non,,39,true,,1521,False,,,,,
AME_5,Agrafesanneaux Bois Transparent Carre,Ameublement,300,,,,non,,141,true,,1682,False,,,,,
96326,"Ann Rideau Transp.8Mm ""Bateau"" X50",Ameublement,590,,,,non,,4,true,,2168,False,,,,,
MTR_3,Anneau Bois 50 X 70 Mm - Unite,Ameublement,150,,,,non,,9,true,,99999,False,,,,,
AME_9,Anneaux Brisés - 22Mm,Ameublement,180,,,,non,,1771,true,,99999,False,,,,,
AME_10,Anneaux Brisés - 25Mm,Ameublement,200,,,,non,,724,true,,99999,False,,,,,
23069,Anneaux Doré Bohin Paquet De 10,Ameublement,200,,Bohin,,non,,27,true,,2340,False,,,,,
23058,Anneaux Doré Bohin X 5 - 25Mm,Ameublement,240,,Bohin,,non,,12,true,,99999,False,,,,,
23057,Anneaux Doré Bohin X6 - 20Mm,Ameublement,200,,Bohin,,non,,78,true,,2501,False,,,,,
98254,Anneaux Pinces,Ameublement,1350,,,,non,,17,true,,325,False,,,,,
27122,Anneaux Rideau Plastiqueblc 10X15 Sachet De 15,Ameublement,150,,,,non,,24,true,,99999,False,,,,,
27125,Anneaux Rideau Plastiqueblc 13X18 Sachet De 12,Ameublement,150,,,,non,,26,true,,2152,False,,,,,
27129,Anneaux Rideau Plastiqueblc 17X23 Sachet De 12,Ameublement,150,,,,non,,43,true,,99999,False,,,,,
27132,Anneaux Rideau Plastiqueblc 20X27 Sachet De 10,Ameublement,150,,,,non,,54,true,,2539,False,,,,,
27134,Anneaux Rideau Plastiqueblc 22X28,Ameublement,150,,,,non,,43,true,,2306,False,,,,,
27142,Anneaux Rideau Plastiqueblc 30X39,Ameublement,150,,,,non,,6,true,,2298,False,,,,,
27143,Anneaux Rideau Plastiqueblc 40X50,Ameublement,150,,,,non,,10,true,,1511,False,,,,,
S60399,Boite Clous Tapissier X50 - S&M,Ameublement,700,,,,non,,49,true,S60399.jpg,853,False,,,,,
S68005,Cable Acier - 5 M -Tringle Rideau - S&M,Ameublement,2850,,,,non,,4,true,,1051,False,,,,,
S68003,Calbe Pour Rideaux - 2.5M -S&M,Ameublement,1050,,,,non,,9,true,S68003.jpg,508,False,,,,,
23090,Crochet A Rideau 2 Br,Ameublement,1000,,,,non,,16,true,,1125,False,,,,,
MTR_7,Crochet A Ruflette Plastique 2 Branches X 10,Ameublement,300,,,,non,,150,true,,708,False,,,,,
AME_7,Crochet Agrafe Lyre,Ameublement,0,,,,non,,175,true,,99999,False,,,,,
AME_6,Crochet Pic,Ameublement,0,,,,non,,24,true,,99999,False,,,,,
96099,Crochets Rideaux Metal X20 - Bohin,Ameublement,590,,Bohin,,non,,54,true,96099.webp,166,False,,,,,
T188.30,Escargots Plastique Rideaux X20 - 30 Mm,Ameublement,590,,,,non,,50,true,,2162,False,,,,,
MTR_2,Fil De Plomb Lestage - 75G / M,Ameublement,350,,,,non,,15,true,,455,False,,,,,
AME_12,"Galets De Freinage Rideaux Rack - X 5 - Ds, Ks - Forest",Ameublement,1000,,,,non,,50,true,,99999,False,,,,,
MTR_5,"Galets Rideaux Rack - X 10 - Ds, Ks - Forest",Ameublement,1000,,,,non,,92,true,,384,False,,,,,
AME_13,Galets Rideaux Rond Rack - X 10 - Crs - Forest,Ameublement,1000,,,,non,,89,true,,279,False,,,,,
420058,Galon Ameublement,Ameublement,100,,,,non,,15,true,,99999,False,,,,,
420031,Galon Ameublement,Ameublement,300,,,,non,,76,true,,99999,False,,,,,
D800_0002,Galon Ameublement,Ameublement,670,,,,non,,137,true,,558,False,,,,,
D018.08,Galon Ameublement - 8Mm - Distrifil,Ameublement,180,,,,non,,71,true,,2454,False,,,,,
420826,Galon Ameublement - Franges Acrylique - 5Cm,Ameublement,510,,,,non,,14,true,,99999,False,,,,,
420829,Galon Ameublement - Franges Coton - 10Cm,Ameublement,1100,,,,non,,5,true,,802,False,,,,,
420824,Galon Ameublement - Franges Coton - 5Cm,Ameublement,1580,,,,non,,15,true,,388,False,,,,,
420026,Galon Ameublement - Marron,Ameublement,200,,,,non,,29,true,,99999,False,,,,,
420059,Galon Ameublement- Bleu Croix Rouge Ou Blanc,Ameublement,100,,,,non,,5,true,,99999,False,,,,,
420017,Galon Blanc - Rosasse Ajourée - 0.5Cm,Ameublement,300,,,,non,,16,true,,99999,False,,,,,
P212,Galon Fantaisie 15Mm,Ameublement,150,,,01 - NOIR | 15 - BLEU | 21 - BEIGE | 26 - VERT | 30 - ROUGE | 68 - GRIS,non,01 - NOIR:10|15 - BLEU:8|21 - BEIGE:10|26 - VERT:10|30 - ROUGE:10|68 - GRIS:10,58,true,,99999,False,,,,,
420014,Galon Rococo Ruban,Ameublement,200,,,,non,,43,true,,2161,False,,,,,
560193,Gros Pompons,Ameublement,680,,,,non,,1,true,,99999,False,,,,,
M522,Marteau Magnetique - Tapisserie - S&M,Ameublement,1950,,,,non,,3,true,,1335,False,,,,,
S65200.40,Oeillet A Clipser - Ø40Mm - Unite - S&M,Ameublement,250,,,,non,,298,true,,2241,False,,,,,
S1507,Outil Ote Clou Tapissier - S&M,Ameublement,950,,,,non,,5,true,,99999,False,,,,,
420037,Passe Poil Ameublement - Kaki / Moutarde,Ameublement,250,,,,non,,44,true,,99999,False,,,,,
420024,Passe Poil Blanc/Rose,Ameublement,290,,,,non,,20,true,,1930,False,,,,,
BI236_20,Passepoile Ameublement - 20 Mm - (Polycoton) - Passion Ruban,Ameublement,200,,,818 - ECRU | 891 - ANTHRACITE | 9151 - MARINE,non,818 - ECRU:13|891 - ANTHRACITE:15|9151 - MARINE:15,43,true,,2337,False,,,,,
C109.014,Plomb A Au Metre - 14 Gr - Distrifil,Ameublement,90,,,,non,,100,true,C109.014.jpg,99999,False,,,,,
231599001,Plomb A Rideau - 35G,Ameublement,200,,,,non,,107,true,,1704,False,,,,,
231559001,Plomb A Rideau - 50G,Ameublement,300,,,,non,,44,true,,99999,False,,,,,
C109.050,Plomb A Rideau Au Metre - 50Gr - Distrifil,Ameublement,150,,,,non,,46,true,C109.050.jpg,2222,False,,,,,
S12543.05,Pompon Gland - 5 Cm - S&M,Ameublement,250,,,,non,,66,true,S12543.05.jpg,1084,False,,,,,
560192,Pompons,Ameublement,680,,,,non,,24,true,,1598,False,,,,,
T114.017,Ruban Store A Passant - 17 Mm - Ruban Passion,Ameublement,150,,,,non,,50,true,,99999,False,,,,,
S183,Rufflette Fronceur Tergal - 38Mm - S&M,Ameublement,200,,,,non,,51,true,,1686,False,,,,,
0957,Rufflette Tubulaire - Polyester Avec Anneaux - 20Mm,Ameublement,300,,,,non,,45,true,,1529,False,,,,,
920_70,Ruflette,Ameublement,250,,,,non,,67,true,,99999,False,,,,,
950_70,Ruflette,Ameublement,360,,,,non,,2127,true,,99999,False,,,,,
T102.045,Ruflette - 45Mm,Ameublement,200,,,,non,,20,true,,662,False,,,,,
0932,Ruflette - Tram Crin - 45Mm,Ameublement,150,,,,non,,80,true,,99999,False,,,,,
T101.035,Ruflette A Fronces 35Mm,Ameublement,150,,,,non,,68,true,,2310,False,,,,,
220299001,Ruflette Applis,Ameublement,150,,,,non,,172,true,,99999,False,,,,,
220859001,Ruflette Applis,Ameublement,480,,,,non,,33,true,,1429,False,,,,,
910_20,Ruflette Tubulaire,Ameublement,80,,,,non,,304,true,,2344,False,,,,,
S15,Sachet Escargot Plastique X20 - S&M,Ameublement,590,,,,non,,38,true,S15.jpg,92,False,,,,,
PRY526805,Sachets Crochet Rail Rideaux X100 - Prym,Ameublement,1500,Lot de 100 sachets/crochets pour rail de rideaux,Prym,,non,,3,true,PRY526805.jpg,1522,False,,,,,
S68006.60,Tringle Reglable 60 - 90Cm - X2,Ameublement,950,,,,non,,5,true,,99999,False,,,,,
S68006.40,Tringles Reglable - 40 - 60Cm - X2,Ameublement,800,,,,non,,2,true,,2000,False,,,,,
ART160403,Biais,Biais,210,,,,non,,37,true,,99999,False,,,,,
S1779,"Biais ""Animaux"" 25/12/12",Biais,220,,,,non,,13,true,,99999,False,,,,,
S1880,"Biais ""Chiens"" 27/13,5/13,5",Biais,390,,,,non,,40,true,,1644,False,,,,,
BIA02_15,Biais - 15Mm,Biais,120,,,,non,,58,true,,1288,False,,,,,
BIA02_20,Biais - 20Mm,Biais,120,,,,non,,762,true,,70,False,,,,,
ART6508,Biais - 20Mm,Biais,192,,,,non,,12,true,,99999,False,,,,,
ART6506,Biais - 20Mm,Biais,0,,,,non,,7,true,,99999,False,,,,,
BIA02_30,Biais - 30Mm,Biais,150,,,,non,,301,true,,372,False,,,,,
BIA02_12,Biais 12Mm,Biais,120,,,,non,,128,true,,417,False,,,,,
BIA02_25,Biais 25Mm,Biais,120,,,,non,,156,true,,1549,False,,,,,
BI108,Biais 30Mm,Biais,200,,,,non,,15,true,,99999,False,,,,,
BIA02_40,Biais 40Mm,Biais,170,,,,non,,260,true,,195,False,,,,,
1806,Biais Chevron Extensible - 16Mm,Biais,310,,,,non,,72,true,,99999,False,,,,,
BIA02_20_S,Biais Coton - 20Mm,Biais,120,,,,non,,1126,true,,100,False,,,,,
BIA02_30_S,Biais Coton - 30Mm,Biais,150,,,1085 - ROUGE | 1161 - BLEU | 1188- BLEU | 1204 - VERT | 1219 - VERT | 1002 - BEIGE | 1069 - ROSE | 1079 - ROSE | 1088 - ROUGE | 1135 - BLEU | 1139 - BLEU | 1202 - VERT | 1224 - VERT | 1259 - GRIS | 1261 - GRIS | 873 - PR - ANIS | 949 - PR ROSE | 942 - PR - BLEU | 1000.02 - BLANC | 1000.01 - BLANC | 1001 - BLANC | 1028 - JAUNE | 1137 - BLEU | 1169 - MAUVE | 1208 - ANIS | 1265 - NOIR | 822 PR -JAUNE | 869 PR  - BLEU | 901 - PR -NOIR | 902 -PR - BLANC | 933 -PR ORANGE | 934 - PR - ORANGE | 973 - PR VERT,non,1085 - ROUGE:25|1161 - BLEU:13|1188- BLEU:25|1204 - VERT:25|1219 - VERT:25|1002 - BEIGE:20|1069 - ROSE:25|1079 - ROSE:25|1088 - ROUGE:25|1135 - BLEU:50|1139 - BLEU:25|1202 - VERT:25|1224 - VERT:25|1259 - GRIS:25|1261 - GRIS:25|873 - PR - ANIS:25|949 - PR ROSE:25|942 - PR - BLEU:25|1000.02 - BLANC:36|1000.01 - BLANC:25|1001 - BLANC:22|1028 - JAUNE:25|1137 - BLEU:25|1169 - MAUVE:25|1208 - ANIS:25|1265 - NOIR:50|822 PR -JAUNE:25|869 PR  - BLEU:20|901 - PR -NOIR:53|902 -PR - BLANC:25|933 -PR ORANGE:25|934 - PR - ORANGE:25|973 - PR VERT:25,890,true,,394,False,,,,,
BI291,Biais Coton Bio - Etoile - 20Mm,Biais,250,,,,non,,56,true,,99999,False,,,,,
BI299,Biais D'Exterieur - Impermeable Anti Uv - 30Mm - Polypropylène,Biais,420,,,,non,,32,true,,271,False,,,,,
410552,Biais Extensible,Biais,100,,,,non,,128,true,,99999,False,,,,,
1828,Biais Extensible - 16Mm,Biais,220,,,,non,,169,true,,1771,False,,,,,
2823,Biais Extensible Mousseline - 25Mm,Biais,290,,,,non,,80,true,,2171,False,,,,,
BIA219_18,Biais Fantaisie - 18Mm,Biais,180,,,,non,,68,true,,1393,False,,,,,
BIA07_18,Biais Fantaisie - 18Mm,Biais,180,,,,non,,51,true,,99999,False,,,,,
BIA75_18,Biais Fantaisie - 18Mm,Biais,180,,,,non,,18,true,,99999,False,,,,,
BIA36_18,Biais Fantaisie - 18Mm,Biais,180,,,,non,,18,true,,99999,False,,,,,
BIA06_18,Biais Fantaisie - 18Mm,Biais,160,,,,non,,6,true,,99999,False,,,,,
BIA13_18,Biais Fantaisie - 18Mm,Biais,180,,,,non,,6,true,,99999,False,,,,,
BIA108_30,Biais Fantaisie - 30Mm,Biais,190,,,,non,,7,true,,1577,False,,,,,
BIA49_30,Biais Fantaisie - 30Mm,Biais,190,,,,non,,8,true,,99999,False,,,,,
BIA13_30,Biais Fantaisie - 30Mm,Biais,190,,,,non,,37,true,,2085,False,,,,,
BIA36_30,Biais Fantaisie - 30Mm,Biais,190,,,,non,,47,true,,1617,False,,,,,
BI290,Biais Fantaisie Lurex - 20Mm,Biais,250,,,,non,,39,true,,99999,False,,,,,
BI293,Biais Fleur Champs - Coton Bio - 20 Mm,Biais,250,,,,non,,63,true,,1924,False,,,,,
BI208.20,Biais Imprime 20Mm,Biais,195,,,,non,,18,true,,1366,False,,,,,
BI258.20,Biais Jean 20Mm - 100% Coton,Biais,230,,,,non,,11,true,,99999,False,,,,,
BI103,Biais Jersey - 20Mm - 92% Coton / 8% Élastane,Biais,280,,,,non,,14,true,,1769,False,,,,,
BIA41_18,Biais Lame Or - 18 Mm,Biais,280,,,,non,,20,true,,99999,False,,,,,
BIA41_30,Biais Lame Or - 30 Mm,Biais,380,,,,non,,35,true,,893,False,,,,,
06291.30,Biais Lame Or Argent,Biais,370,,,,non,,18,true,,2512,False,,,,,
BI260.20,Biais Metalise - 20Mm (Polyester/ Lurex),Biais,300,,,,non,,40,true,,2294,False,,,,,
S4188,Biais Metalise - 20Mm - S&M,Biais,280,,,,non,,24,true,,511,False,,,,,
BI260.30,Biais Metalise - 30Mm ( Polyester/Lurex),Biais,400,,,,non,,63,true,,2330,False,,,,,
S6091,Biais Nid D'Abeille - 27Mm - S&M,Biais,560,,,,non,,51,true,,1733,False,,,,,
BIA29,Biais Plat,Biais,120,,,,non,,26,true,,2473,False,,,,,
BI284,Biais Pois - Coton Bio - 20Mm,Biais,250,,,,non,,57,true,,99999,False,,,,,
ART_1939_15,Biais Satin - 15Mm,Biais,130,,,,non,,214,true,,1918,False,,,,,
ART_1939_20,Biais Satin - 20Mm,Biais,160,,,,non,,1105,true,,655,False,,,,,
M65016,Biais Thermo Paillette 20Mm*2M - S&M,Biais,890,,,,non,,18,true,,99999,False,,,,,
0762,Passepoil - 15Mm,Biais,250,,,,non,,16,true,,99999,False,,,,,
ART_6200,Passepoil - 15Mm,Biais,250,,,,non,,64,true,,906,False,,,,,
ART6200,Passepoil 15Mm - Polycoton,Biais,130,,,905 - ROSE | 920 - FUCHSIA | 940 - CORAIL | 973 - ANIS,non,905 - ROSE:25|920 - FUCHSIA:4|940 - CORAIL:25|973 - ANIS:25,79,true,,99999,False,,,,,
3888,Passepoil Coton,Biais,180,,,,non,,772,true,,803,False,,,,,
2591,Passepoil Ecossai,Biais,150,,,,non,,140,true,,99999,False,,,,,
G154,Passepoil Fantaisie Metallise,Biais,0,,,,non,,46,true,,99999,False,,,,,
ART_PAS73,Passepoil Imprimé,Biais,200,,,,non,,6,true,,2500,False,,,,,
BI117,Passepoil Metallise 10Mm,Biais,200,,,,non,,53,true,,2353,False,,,,,
BI261.15,Passepoil Metallise 15Mm,Biais,320,,,,non,,50,true,,881,False,,,,,
ART_1939_30,Ruban Satin - 30 Mm,Biais,200,,,,non,,50,true,,99999,False,,,,,
393950,Boite Bouton Pression Plast Couleurs X72 Ø9Mm,Boutons,2930,,,,non,,1,true,393950.jpg,99999,False,,,,,
390740,Boite Pression Jersey Ø8Mm - Multicolor - X60 - Prym,Boutons,5200,"Boîte de 60 boutons pression Jersey Ø8mm multicolores, à poser sans couture (pince Vario ou Vario Creative Tool)",Prym,,non,,1,true,390740.jpg,99999,False,,,,,
120273,Bouton,Boutons,300,,,,non,,2,true,,99999,False,,,,,
120358,Bouton,Boutons,700,,,,non,,2,true,,99999,False,,,,,
120543,Bouton,Boutons,165,,,,non,,2,true,,2087,False,,,,,
120545,Bouton,Boutons,100,,,,non,,2,true,,2498,False,,,,,
120200,Bouton,Boutons,565,,,,non,,3,true,,2198,False,,,,,
120293,Bouton,Boutons,180,,,,non,,3,true,,894,False,,,,,
120721,Bouton,Boutons,80,,,,non,,3,true,,99999,False,,,,,
120018,Bouton,Boutons,120,,,,non,,4,true,,2472,False,,,,,
120133,Bouton,Boutons,90,,,,non,,4,true,,2225,False,,,,,
120230,Bouton,Boutons,325,,,,non,,4,true,,99999,False,,,,,
120246,Bouton,Boutons,260,,,,non,,4,true,,99999,False,,,,,
120278,Bouton,Boutons,240,,,,non,,4,true,,99999,False,,,,,
120296,Bouton,Boutons,140,,,,non,,4,true,,99999,False,,,,,
120332,Bouton,Boutons,90,,,,non,,4,true,,99999,False,,,,,
120339,Bouton,Boutons,800,,,,non,,4,true,,99999,False,,,,,
120359,Bouton,Boutons,550,,,,non,,4,true,,99999,False,,,,,
120375,Bouton,Boutons,130,,,,non,,4,true,,2236,False,,,,,
120390,Bouton,Boutons,350,,,,non,,4,true,,2519,False,,,,,
120411,Bouton,Boutons,125,,,,non,,4,true,,99999,False,,,,,
120418,Bouton,Boutons,80,,,,non,,4,true,,99999,False,,,,,
120451,Bouton,Boutons,1075,,,,non,,4,true,,1765,False,,,,,
120456,Bouton,Boutons,520,,,,non,,4,true,,99999,False,,,,,
120491,Bouton,Boutons,580,,,,non,,4,true,,99999,False,,,,,
120498,Bouton,Boutons,160,,,,non,,4,true,,99999,False,,,,,
120559,Bouton,Boutons,150,,,,non,,4,true,,1907,False,,,,,
120629,Bouton,Boutons,100,,,,non,,4,true,,99999,False,,,,,
120631,Bouton,Boutons,70,,,,non,,4,true,,99999,False,,,,,
120640,Bouton,Boutons,90,,,,non,,4,true,,99999,False,,,,,
120652,Bouton,Boutons,350,,,,non,,4,true,,99999,False,,,,,
120683,Bouton,Boutons,60,,,,non,,4,true,,99999,False,,,,,
120704,Bouton,Boutons,100,,,,non,,4,true,,99999,False,,,,,
120719,Bouton,Boutons,90,,,,non,,4,true,,99999,False,,,,,
120198,Bouton,Boutons,600,,,,non,,7,true,,99999,False,,,,,
120260,Bouton,Boutons,830,,,,non,,7,true,,99999,False,,,,,
120280,Bouton,Boutons,400,,,,non,,7,true,,2128,False,,,,,
120299,Bouton,Boutons,110,,,,non,,7,true,,2088,False,,,,,
120320,Bouton,Boutons,450,,,,non,,7,true,,99999,False,,,,,
120323,Bouton,Boutons,100,,,,non,,7,true,,99999,False,,,,,
120364,Bouton,Boutons,335,,,,non,,7,true,,99999,False,,,,,
120371,Bouton,Boutons,285,,,,non,,7,true,,99999,False,,,,,
120389,Bouton,Boutons,100,,,,non,,7,true,,99999,False,,,,,
120415,Bouton,Boutons,480,,,,non,,7,true,,99999,False,,,,,
120447,Bouton,Boutons,595,,,,non,,7,true,,99999,False,,,,,
120507,Bouton,Boutons,120,,,,non,,7,true,,99999,False,,,,,
120512,Bouton,Boutons,35,,,,non,,7,true,,99999,False,,,,,
120575,Bouton,Boutons,120,,,,non,,7,true,,99999,False,,,,,
120609,Bouton,Boutons,265,,,,non,,7,true,,99999,False,,,,,
120655,Bouton,Boutons,80,,,,non,,7,true,,99999,False,,,,,
120662,Bouton,Boutons,80,,,,non,,7,true,,1851,False,,,,,
120675,Bouton,Boutons,100,,,,non,,7,true,,99999,False,,,,,
120136,Bouton,Boutons,160,,,,non,,6,true,,99999,False,,,,,
120193,Bouton,Boutons,300,,,,non,,6,true,,99999,False,,,,,
120197,Bouton,Boutons,600,,,,non,,6,true,,2150,False,,,,,
120240,Bouton,Boutons,1000,,,,non,,6,true,,99999,False,,,,,
120250,Bouton,Boutons,900,,,,non,,6,true,,99999,False,,,,,
120301,Bouton,Boutons,380,,,,non,,6,true,,99999,False,,,,,
120404,Bouton,Boutons,60,,,,non,,6,true,,99999,False,,,,,
120448,Bouton,Boutons,450,,,,non,,6,true,,99999,False,,,,,
120457,Bouton,Boutons,195,,,,non,,6,true,,99999,False,,,,,
120501,Bouton,Boutons,120,,,,non,,6,true,,99999,False,,,,,
120540,Bouton,Boutons,90,,,,non,,6,true,,99999,False,,,,,
120578,Bouton,Boutons,70,,,,non,,6,true,,99999,False,,,,,
120581,Bouton,Boutons,240,,,,non,,6,true,,99999,False,,,,,
120593,Bouton,Boutons,140,,,,non,,6,true,,99999,False,,,,,
120601,Bouton,Boutons,50,,,,non,,6,true,,99999,False,,,,,
120656,Bouton,Boutons,60,,,,non,,6,true,,2560,False,,,,,
120684,Bouton,Boutons,100,,,,non,,6,true,,99999,False,,,,,
120707,Bouton,Boutons,50,,,,non,,6,true,,99999,False,,,,,
120715,Bouton,Boutons,85,,,,non,,6,true,,99999,False,,,,,
120720,Bouton,Boutons,140,,,,non,,6,true,,99999,False,,,,,
120131,Bouton,Boutons,380,,,,non,,5,true,,2594,False,,,,,
120160,Bouton,Boutons,150,,,,non,,5,true,,99999,False,,,,,
120209,Bouton,Boutons,450,,,,non,,5,true,,99999,False,,,,,
120227,Bouton,Boutons,510,,,,non,,5,true,,99999,False,,,,,
120238,Bouton,Boutons,850,,,,non,,5,true,,2320,False,,,,,
120255,Bouton,Boutons,820,,,,non,,5,true,,1980,False,,,,,
120288,Bouton,Boutons,75,,,,non,,5,true,,99999,False,,,,,
120318,Bouton,Boutons,300,,,,non,,5,true,,2537,False,,,,,
120331,Bouton,Boutons,200,,,,non,,5,true,,2329,False,,,,,
120361,Bouton,Boutons,970,,,,non,,5,true,,99999,False,,,,,
120427,Bouton,Boutons,50,,,,non,,5,true,,99999,False,,,,,
120462,Bouton,Boutons,160,,,,non,,5,true,,2529,False,,,,,
120477,Bouton,Boutons,60,,,,non,,5,true,,99999,False,,,,,
120496,Bouton,Boutons,400,,,,non,,5,true,,99999,False,,,,,
120563,Bouton,Boutons,220,,,,non,,5,true,,99999,False,,,,,
120622,Bouton,Boutons,100,,,,non,,5,true,,99999,False,,,,,
120637,Bouton,Boutons,120,,,,non,,5,true,,99999,False,,,,,
120639,Bouton,Boutons,120,,,,non,,5,true,,99999,False,,,,,
120678,Bouton,Boutons,85,,,,non,,5,true,,99999,False,,,,,
120685,Bouton,Boutons,70,,,,non,,5,true,,99999,False,,,,,
120729,Bouton,Boutons,130,,,,non,,5,true,,2356,False,,,,,
120033,Bouton,Boutons,440,,,,non,,12,true,,99999,False,,,,,
120104,Bouton,Boutons,150,,,,non,,12,true,,99999,False,,,,,
120256,Bouton,Boutons,750,,,,non,,12,true,,2365,False,,,,,
120281,Bouton,Boutons,120,,,,non,,12,true,,99999,False,,,,,
120284,Bouton,Boutons,480,,,,non,,12,true,,1337,False,,,,,
120336,Bouton,Boutons,680,,,,non,,12,true,,99999,False,,,,,
120337,Bouton,Boutons,860,,,,non,,12,true,,99999,False,,,,,
120338,Bouton,Boutons,280,,,,non,,12,true,,99999,False,,,,,
120380,Bouton,Boutons,180,,,,non,,12,true,,1986,False,,,,,
120392,Bouton,Boutons,330,,,,non,,12,true,,99999,False,,,,,
120455,Bouton,Boutons,190,,,,non,,12,true,,99999,False,,,,,
120459,Bouton,Boutons,90,,,,non,,12,true,,99999,False,,,,,
120500,Bouton,Boutons,160,,,,non,,12,true,,99999,False,,,,,
120586,Bouton,Boutons,90,,,,non,,12,true,,99999,False,,,,,
120628,Bouton,Boutons,200,,,,non,,12,true,,99999,False,,,,,
120674,Bouton,Boutons,65,,,,non,,12,true,,99999,False,,,,,
120677,Bouton,Boutons,430,,,,non,,12,true,,99999,False,,,,,
120679,Bouton,Boutons,90,,,,non,,12,true,,99999,False,,,,,
120001,Bouton,Boutons,290,,,,non,,11,true,,1933,False,,,,,
120206,Bouton,Boutons,480,,,,non,,11,true,,99999,False,,,,,
120223,Bouton,Boutons,450,,,,non,,11,true,,99999,False,,,,,
120247,Bouton,Boutons,70,,,,non,,11,true,,99999,False,,,,,
120304,Bouton,Boutons,355,,,,non,,11,true,,1920,False,,,,,
120325,Bouton,Boutons,220,,,,non,,11,true,,99999,False,,,,,
120328,Bouton,Boutons,800,,,,non,,11,true,,99999,False,,,,,
120393,Bouton,Boutons,180,,,,non,,11,true,,99999,False,,,,,
120412,Bouton,Boutons,140,,,,non,,11,true,,99999,False,,,,,
120420,Bouton,Boutons,80,,,,non,,11,true,,99999,False,,,,,
120437,Bouton,Boutons,225,,,,non,,11,true,,99999,False,,,,,
120503,Bouton,Boutons,90,,,,non,,11,true,,99999,False,,,,,
120516,Bouton,Boutons,100,,,,non,,11,true,,99999,False,,,,,
120554,Bouton,Boutons,130,,,,non,,11,true,,99999,False,,,,,
120616,Bouton,Boutons,80,,,,non,,11,true,,99999,False,,,,,
120693,Bouton,Boutons,210,,,,non,,11,true,,99999,False,,,,,
120051,Bouton,Boutons,90,,,,non,,10,true,,99999,False,,,,,
120108,Bouton,Boutons,115,,,,non,,10,true,,99999,False,,,,,
120175,Bouton,Boutons,135,,,,non,,10,true,,99999,False,,,,,
120218,Bouton,Boutons,360,,,,non,,10,true,,99999,False,,,,,
120221,Bouton,Boutons,620,,,,non,,10,true,,99999,False,,,,,
120270,Bouton,Boutons,1070,,,,non,,10,true,,99999,False,,,,,
120300,Bouton,Boutons,430,,,,non,,10,true,,2488,False,,,,,
120329,Bouton,Boutons,750,,,,non,,10,true,,99999,False,,,,,
120374,Bouton,Boutons,190,,,,non,,10,true,,99999,False,,,,,
120394,Bouton,Boutons,200,,,,non,,10,true,,99999,False,,,,,
120400,Bouton,Boutons,300,,,,non,,10,true,,99999,False,,,,,
120401,Bouton,Boutons,400,,,,non,,10,true,,99999,False,,,,,
120409,Bouton,Boutons,120,,,,non,,10,true,,99999,False,,,,,
120453,Bouton,Boutons,290,,,,non,,10,true,,99999,False,,,,,
120468,Bouton,Boutons,100,,,,non,,10,true,,99999,False,,,,,
120497,Bouton,Boutons,90,,,,non,,10,true,,99999,False,,,,,
120538,Bouton,Boutons,110,,,,non,,10,true,,99999,False,,,,,
120676,Bouton,Boutons,130,,,,non,,10,true,,99999,False,,,,,
120149,Bouton,Boutons,310,,,,non,,9,true,,99999,False,,,,,
120184,Bouton,Boutons,250,,,,non,,9,true,,2244,False,,,,,
120195,Bouton,Boutons,500,,,,non,,9,true,,99999,False,,,,,
120257,Bouton,Boutons,600,,,,non,,9,true,,2411,False,,,,,
120313,Bouton,Boutons,105,,,,non,,9,true,,99999,False,,,,,
120370,Bouton,Boutons,510,,,,non,,9,true,,99999,False,,,,,
120452,Bouton,Boutons,985,,,,non,,9,true,,99999,False,,,,,
120454,Bouton,Boutons,220,,,,non,,9,true,,99999,False,,,,,
120469,Bouton,Boutons,80,,,,non,,9,true,,99999,False,,,,,
120478,Bouton,Boutons,245,,,,non,,9,true,,99999,False,,,,,
120506,Bouton,Boutons,495,,,,non,,9,true,,2264,False,,,,,
120560,Bouton,Boutons,50,,,,non,,9,true,,99999,False,,,,,
120579,Bouton,Boutons,130,,,,non,,9,true,,99999,False,,,,,
120594,Bouton,Boutons,125,,,,non,,9,true,,1925,False,,,,,
120673,Bouton,Boutons,85,,,,non,,9,true,,99999,False,,,,,
120687,Bouton,Boutons,30,,,,non,,9,true,,99999,False,,,,,
120708,Bouton,Boutons,70,,,,non,,9,true,,99999,False,,,,,
120080,Bouton,Boutons,380,,,,non,,9,true,,99999,False,,,,,
120091,Bouton,Boutons,250,,,,non,,9,true,,99999,False,,,,,
120016,Bouton,Boutons,400,,,,non,,8,true,,99999,False,,,,,
120030,Bouton,Boutons,150,,,,non,,8,true,,99999,False,,,,,
120112,Bouton,Boutons,285,,,,non,,8,true,,99999,False,,,,,
120148,Bouton,Boutons,560,,,,non,,8,true,,99999,False,,,,,
120177,Bouton,Boutons,450,,,,non,,8,true,,99999,False,,,,,
120185,Bouton,Boutons,85,,,,non,,8,true,,99999,False,,,,,
120267,Bouton,Boutons,680,,,,non,,8,true,,99999,False,,,,,
120277,Bouton,Boutons,690,,,,non,,8,true,,99999,False,,,,,
120343,Bouton,Boutons,560,,,,non,,8,true,,2202,False,,,,,
120385,Bouton,Boutons,150,,,,non,,8,true,,2538,False,,,,,
120444,Bouton,Boutons,240,,,,non,,8,true,,99999,False,,,,,
120606,Bouton,Boutons,250,,,,non,,8,true,,99999,False,,,,,
120623,Bouton,Boutons,105,,,,non,,8,true,,99999,False,,,,,
120625,Bouton,Boutons,100,,,,non,,8,true,,99999,False,,,,,
120671,Bouton,Boutons,70,,,,non,,8,true,,99999,False,,,,,
120691,Bouton,Boutons,50,,,,non,,8,true,,99999,False,,,,,
120065,Bouton,Boutons,450,,,,non,,52,true,,1993,False,,,,,
120204,Bouton,Boutons,725,,,,non,,52,true,,99999,False,,,,,
120519,Bouton,Boutons,80,,,,non,,52,true,,99999,False,,,,,
120467,Bouton,Boutons,30,,,,non,,55,true,,99999,False,,,,,
120585,Bouton,Boutons,150,,,,non,,55,true,,99999,False,,,,,
120097,Bouton,Boutons,260,,,,non,,54,true,,99999,False,,,,,
120191,Bouton,Boutons,160,,,,non,,54,true,,99999,False,,,,,
120377,Bouton,Boutons,670,,,,non,,54,true,,99999,False,,,,,
120567,Bouton,Boutons,100,,,,non,,54,true,,99999,False,,,,,
120480,Bouton,Boutons,105,,,,non,,58,true,,2490,False,,,,,
120044,Bouton,Boutons,265,,,,non,,59,true,,2458,False,,,,,
120077,Bouton,Boutons,180,,,,non,,59,true,,99999,False,,,,,
120182,Bouton,Boutons,240,,,,non,,57,true,,99999,False,,,,,
120428,Bouton,Boutons,30,,,,non,,57,true,,99999,False,,,,,
120493,Bouton,Boutons,70,,,,non,,57,true,,99999,False,,,,,
120038,Bouton,Boutons,210,,,,non,,56,true,,99999,False,,,,,
120511,Bouton,Boutons,50,,,,non,,62,true,,2572,False,,,,,
120306,Bouton,Boutons,210,,,,non,,60,true,,99999,False,,,,,
120526,Bouton,Boutons,115,,,,non,,81,true,,99999,False,,,,,
120547,Bouton,Boutons,80,,,,non,,81,true,,1848,False,,,,,
120179,Bouton,Boutons,270,,,,non,,86,true,,99999,False,,,,,
120042,Bouton,Boutons,350,,,,non,,94,true,,2522,False,,,,,
120066,Bouton,Boutons,200,,,,non,,94,true,,2006,False,,,,,
120672,Bouton,Boutons,60,,,,non,,94,true,,2368,False,,,,,
120143,Bouton,Boutons,300,,,,non,,95,true,,99999,False,,,,,
120723,Bouton,Boutons,10,,,,non,,95,true,,2588,False,,,,,
120312,Bouton,Boutons,170,,,,non,,64,true,,99999,False,,,,,
120350,Bouton,Boutons,90,,,,non,,64,true,,2226,False,,,,,
120433,Bouton,Boutons,80,,,,non,,67,true,,99999,False,,,,,
120549,Bouton,Boutons,75,,,,non,,68,true,,99999,False,,,,,
120660,Bouton,Boutons,60,,,,non,,68,true,,99999,False,,,,,
120436,Bouton,Boutons,40,,,,non,,72,true,,2475,False,,,,,
120430,Bouton,Boutons,45,,,,non,,70,true,,2302,False,,,,,
120043,Bouton,Boutons,310,,,,non,,75,true,,99999,False,,,,,
120727,Bouton,Boutons,40,,,,non,,141,true,,99999,False,,,,,
120664,Bouton,Boutons,90,,,,non,,142,true,,99999,False,,,,,
120725,Bouton,Boutons,100,,,,non,,143,true,,99999,False,,,,,
120668,Bouton,Boutons,40,,,,non,,133,true,,99999,False,,,,,
120181,Bouton,Boutons,120,,,,non,,137,true,,99999,False,,,,,
120728,Bouton,Boutons,30,,,,non,,173,true,,99999,False,,,,,
120434,Bouton,Boutons,30,,,,non,,157,true,,99999,False,,,,,
120120,Bouton,Boutons,120,,,,non,,159,true,,629,False,,,,,
120435,Bouton,Boutons,100,,,,non,,150,true,,99999,False,,,,,
120147,Bouton,Boutons,260,,,,non,,109,true,,2462,False,,,,,
120481,Bouton,Boutons,85,,,,non,,111,true,,2523,False,,,,,
120510,Bouton,Boutons,60,,,,non,,114,true,,99999,False,,,,,
120190,Bouton,Boutons,130,,,,non,,124,true,,99999,False,,,,,
120541,Bouton,Boutons,135,,,,non,,125,true,,99999,False,,,,,
120167,Bouton,Boutons,200,,,,non,,98,true,,99999,False,,,,,
120351,Bouton,Boutons,70,,,,non,,98,true,,99999,False,,,,,
120731,Bouton,Boutons,100,,,,non,,98,true,,2573,False,,,,,
120289,Bouton,Boutons,180,,,,non,,101,true,,645,False,,,,,
120482,Bouton,Boutons,90,,,,non,,102,true,,2116,False,,,,,
120062,Bouton,Boutons,180,,,,non,,104,true,,99999,False,,,,,
120009,Bouton,Boutons,120,,,,non,,213,true,,1117,False,,,,,
120659,Bouton,Boutons,85,,,,non,,187,true,,99999,False,,,,,
120007,Bouton,Boutons,120,,,,non,,197,true,,1685,False,,,,,
120425,Bouton,Boutons,80,,,,non,,198,true,,2107,False,,,,,
120638,Bouton,Boutons,85,,,,non,,252,true,,2463,False,,,,,
120330,Bouton,Boutons,235,,,,non,,47,true,,1876,False,,,,,
120379,Bouton,Boutons,460,,,,non,,47,true,,99999,False,,,,,
120429,Bouton,Boutons,30,,,,non,,47,true,,99999,False,,,,,
120458,Bouton,Boutons,120,,,,non,,47,true,,99999,False,,,,,
120551,Bouton,Boutons,130,,,,non,,47,true,,99999,False,,,,,
120098,Bouton,Boutons,190,,,,non,,44,true,,99999,False,,,,,
120362,Bouton,Boutons,210,,,,non,,49,true,,99999,False,,,,,
120667,Bouton,Boutons,80,,,,non,,49,true,,99999,False,,,,,
120053,Bouton,Boutons,300,,,,non,,48,true,,99999,False,,,,,
120169,Bouton,Boutons,140,,,,non,,48,true,,99999,False,,,,,
120298,Bouton,Boutons,30,,,,non,,48,true,,99999,False,,,,,
120471,Bouton,Boutons,100,,,,non,,48,true,,2409,False,,,,,
120548,Bouton,Boutons,100,,,,non,,48,true,,99999,False,,,,,
120378,Bouton,Boutons,550,,,,non,,45,true,,2453,False,,,,,
120550,Bouton,Boutons,90,,,,non,,45,true,,99999,False,,,,,
120599,Bouton,Boutons,70,,,,non,,45,true,,99999,False,,,,,
120372,Bouton,Boutons,90,,,,non,,43,true,,1519,False,,,,,
120535,Bouton,Boutons,80,,,,non,,43,true,,2283,False,,,,,
120615,Bouton,Boutons,200,,,,non,,43,true,,99999,False,,,,,
120696,Bouton,Boutons,60,,,,non,,43,true,,99999,False,,,,,
120706,Bouton,Boutons,190,,,,non,,43,true,,99999,False,,,,,
120060,Bouton,Boutons,265,,,,non,,41,true,,99999,False,,,,,
120648,Bouton,Boutons,70,,,,non,,41,true,,99999,False,,,,,
120709,Bouton,Boutons,60,,,,non,,41,true,,99999,False,,,,,
120061,Bouton,Boutons,210,,,,non,,40,true,,2491,False,,,,,
120402,Bouton,Boutons,120,,,,non,,42,true,,99999,False,,,,,
120054,Bouton,Boutons,355,,,,non,,42,true,,99999,False,,,,,
120347,Bouton,Boutons,60,,,,non,,39,true,,99999,False,,,,,
120698,Bouton,Boutons,50,,,,non,,39,true,,99999,False,,,,,
120248,Bouton,Boutons,675,,,,non,,38,true,,99999,False,,,,,
120305,Bouton,Boutons,120,,,,non,,38,true,,99999,False,,,,,
120311,Bouton,Boutons,180,,,,non,,38,true,,99999,False,,,,,
120680,Bouton,Boutons,180,,,,non,,38,true,,2045,False,,,,,
120188,Bouton,Boutons,385,,,,non,,36,true,,2508,False,,,,,
120565,Bouton,Boutons,205,,,,non,,36,true,,99999,False,,,,,
120666,Bouton,Boutons,60,,,,non,,36,true,,99999,False,,,,,
120303,Bouton,Boutons,430,,,,non,,37,true,,2105,False,,,,,
120309,Bouton,Boutons,300,,,,non,,37,true,,1788,False,,,,,
120052,Bouton,Boutons,250,,,,non,,35,true,,99999,False,,,,,
120492,Bouton,Boutons,60,,,,non,,35,true,,99999,False,,,,,
120546,Bouton,Boutons,90,,,,non,,35,true,,99999,False,,,,,
120552,Bouton,Boutons,100,,,,non,,35,true,,99999,False,,,,,
120624,Bouton,Boutons,160,,,,non,,35,true,,99999,False,,,,,
120232,Bouton,Boutons,800,,,,non,,33,true,,99999,False,,,,,
120268,Bouton,Boutons,620,,,,non,,33,true,,2120,False,,,,,
120365,Bouton,Boutons,300,,,,non,,33,true,,99999,False,,,,,
120572,Bouton,Boutons,150,,,,non,,33,true,,99999,False,,,,,
120310,Bouton,Boutons,235,,,,non,,34,true,,2479,False,,,,,
120368,Bouton,Boutons,620,,,,non,,34,true,,99999,False,,,,,
120658,Bouton,Boutons,70,,,,non,,34,true,,99999,False,,,,,
120730,Bouton,Boutons,120,,,,non,,34,true,,99999,False,,,,,
120005,Bouton,Boutons,30,,,,non,,30,true,,99999,False,,,,,
120064,Bouton,Boutons,290,,,,non,,30,true,,99999,False,,,,,
120386,Bouton,Boutons,120,,,,non,,30,true,,99999,False,,,,,
120542,Bouton,Boutons,110,,,,non,,30,true,,2486,False,,,,,
120646,Bouton,Boutons,120,,,,non,,30,true,,99999,False,,,,,
120212,Bouton,Boutons,60,,,,non,,32,true,,99999,False,,,,,
120495,Bouton,Boutons,520,,,,non,,32,true,,2461,False,,,,,
120101,Bouton,Boutons,75,,,,non,,31,true,,99999,False,,,,,
120275,Bouton,Boutons,310,,,,non,,31,true,,99999,False,,,,,
120283,Bouton,Boutons,660,,,,non,,31,true,,2159,False,,,,,
120440,Bouton,Boutons,100,,,,non,,31,true,,99999,False,,,,,
120595,Bouton,Boutons,105,,,,non,,31,true,,99999,False,,,,,
120040,Bouton,Boutons,400,,,,non,,28,true,,99999,False,,,,,
120144,Bouton,Boutons,390,,,,non,,28,true,,2357,False,,,,,
120597,Bouton,Boutons,100,,,,non,,28,true,,1689,False,,,,,
120598,Bouton,Boutons,80,,,,non,,28,true,,99999,False,,,,,
120618,Bouton,Boutons,70,,,,non,,28,true,,1964,False,,,,,
120619,Bouton,Boutons,105,,,,non,,28,true,,99999,False,,,,,
120695,Bouton,Boutons,85,,,,non,,28,true,,99999,False,,,,,
120072,Bouton,Boutons,100,,,,non,,29,true,,2416,False,,,,,
120443,Bouton,Boutons,350,,,,non,,29,true,,1777,False,,,,,
120473,Bouton,Boutons,40,,,,non,,29,true,,99999,False,,,,,
120479,Bouton,Boutons,250,,,,non,,29,true,,99999,False,,,,,
120531,Bouton,Boutons,70,,,,non,,29,true,,99999,False,,,,,
120532,Bouton,Boutons,60,,,,non,,29,true,,2585,False,,,,,
120561,Bouton,Boutons,100,,,,non,,29,true,,2505,False,,,,,
120573,Bouton,Boutons,135,,,,non,,29,true,,99999,False,,,,,
120249,Bouton,Boutons,240,,,,non,,26,true,,99999,False,,,,,
120348,Bouton,Boutons,395,,,,non,,26,true,,99999,False,,,,,
120474,Bouton,Boutons,70,,,,non,,26,true,,99999,False,,,,,
120530,Bouton,Boutons,65,,,,non,,26,true,,99999,False,,,,,
120076,Bouton,Boutons,220,,,,non,,27,true,,2086,False,,,,,
120466,Bouton,Boutons,60,,,,non,,27,true,,99999,False,,,,,
120580,Bouton,Boutons,120,,,,non,,27,true,,99999,False,,,,,
120582,Bouton,Boutons,200,,,,non,,27,true,,99999,False,,,,,
120650,Bouton,Boutons,80,,,,non,,27,true,,99999,False,,,,,
120663,Bouton,Boutons,120,,,,non,,27,true,,1404,False,,,,,
120670,Bouton,Boutons,100,,,,non,,27,true,,99999,False,,,,,
120690,Bouton,Boutons,60,,,,non,,27,true,,99999,False,,,,,
120048,Bouton,Boutons,70,,,,non,,25,true,,2544,False,,,,,
120070,Bouton,Boutons,340,,,,non,,25,true,,99999,False,,,,,
120178,Bouton,Boutons,340,,,,non,,25,true,,2077,False,,,,,
120263,Bouton,Boutons,390,,,,non,,25,true,,99999,False,,,,,
120432,Bouton,Boutons,200,,,,non,,25,true,,99999,False,,,,,
120494,Bouton,Boutons,50,,,,non,,25,true,,99999,False,,,,,
120555,Bouton,Boutons,130,,,,non,,25,true,,99999,False,,,,,
120570,Bouton,Boutons,105,,,,non,,25,true,,99999,False,,,,,
120641,Bouton,Boutons,80,,,,non,,25,true,,99999,False,,,,,
120701,Bouton,Boutons,65,,,,non,,25,true,,99999,False,,,,,
120082,Bouton,Boutons,140,,,,non,,26,true,,99999,False,,,,,
120294,Bouton,Boutons,130,,,,non,,24,true,,2359,False,,,,,
120558,Bouton,Boutons,190,,,,non,,24,true,,99999,False,,,,,
120231,Bouton,Boutons,300,,,,non,,23,true,,99999,False,,,,,
120233,Bouton,Boutons,530,,,,non,,23,true,,1774,False,,,,,
120264,Bouton,Boutons,290,,,,non,,23,true,,99999,False,,,,,
120376,Bouton,Boutons,80,,,,non,,23,true,,99999,False,,,,,
120417,Bouton,Boutons,90,,,,non,,23,true,,99999,False,,,,,
120483,Bouton,Boutons,150,,,,non,,23,true,,99999,False,,,,,
120518,Bouton,Boutons,100,,,,non,,23,true,,99999,False,,,,,
120607,Bouton,Boutons,100,,,,non,,23,true,,2502,False,,,,,
120034,Bouton,Boutons,340,,,,non,,23,true,,99999,False,,,,,
120032,Bouton,Boutons,560,,,,non,,22,true,,99999,False,,,,,
120162,Bouton,Boutons,115,,,,non,,22,true,,99999,False,,,,,
120234,Bouton,Boutons,460,,,,non,,22,true,,99999,False,,,,,
120334,Bouton,Boutons,250,,,,non,,22,true,,2125,False,,,,,
120520,Bouton,Boutons,60,,,,non,,22,true,,99999,False,,,,,
120588,Bouton,Boutons,90,,,,non,,22,true,,2113,False,,,,,
120596,Bouton,Boutons,120,,,,non,,22,true,,99999,False,,,,,
120612,Bouton,Boutons,175,,,,non,,22,true,,99999,False,,,,,
120657,Bouton,Boutons,65,,,,non,,22,true,,99999,False,,,,,
120037,Bouton,Boutons,70,,,,non,,17,true,,99999,False,,,,,
120063,Bouton,Boutons,280,,,,non,,17,true,,99999,False,,,,,
120151,Bouton,Boutons,190,,,,non,,17,true,,2023,False,,,,,
120192,Bouton,Boutons,340,,,,non,,17,true,,2525,False,,,,,
120269,Bouton,Boutons,520,,,,non,,17,true,,99999,False,,,,,
120446,Bouton,Boutons,230,,,,non,,17,true,,2070,False,,,,,
120475,Bouton,Boutons,75,,,,non,,17,true,,99999,False,,,,,
120553,Bouton,Boutons,120,,,,non,,17,true,,99999,False,,,,,
120556,Bouton,Boutons,100,,,,non,,17,true,,99999,False,,,,,
120566,Bouton,Boutons,305,,,,non,,17,true,,99999,False,,,,,
120689,Bouton,Boutons,80,,,,non,,17,true,,99999,False,,,,,
120050,Bouton,Boutons,60,,,,non,,18,true,,99999,False,,,,,
120111,Bouton,Boutons,340,,,,non,,18,true,,99999,False,,,,,
120326,Bouton,Boutons,340,,,,non,,18,true,,2524,False,,,,,
120431,Bouton,Boutons,140,,,,non,,18,true,,99999,False,,,,,
120441,Bouton,Boutons,80,,,,non,,18,true,,99999,False,,,,,
120489,Bouton,Boutons,80,,,,non,,18,true,,2286,False,,,,,
120605,Bouton,Boutons,120,,,,non,,18,true,,99999,False,,,,,
120717,Bouton,Boutons,130,,,,non,,18,true,,99999,False,,,,,
120285,Bouton,Boutons,460,,,,non,,21,true,,99999,False,,,,,
120536,Bouton,Boutons,70,,,,non,,21,true,,99999,False,,,,,
120688,Bouton,Boutons,70,,,,non,,21,true,,99999,False,,,,,
120718,Bouton,Boutons,130,,,,non,,21,true,,99999,False,,,,,
120282,Bouton,Boutons,140,,,,non,,20,true,,99999,False,,,,,
120302,Bouton,Boutons,495,,,,non,,20,true,,99999,False,,,,,
120410,Bouton,Boutons,140,,,,non,,20,true,,99999,False,,,,,
120486,Bouton,Boutons,120,,,,non,,20,true,,99999,False,,,,,
120590,Bouton,Boutons,115,,,,non,,20,true,,99999,False,,,,,
120189,Bouton,Boutons,120,,,,non,,19,true,,2557,False,,,,,
120262,Bouton,Boutons,280,,,,non,,19,true,,99999,False,,,,,
120314,Bouton,Boutons,255,,,,non,,19,true,,2553,False,,,,,
120335,Bouton,Boutons,160,,,,non,,19,true,,99999,False,,,,,
120345,Bouton,Boutons,335,,,,non,,19,true,,99999,False,,,,,
120381,Bouton,Boutons,160,,,,non,,19,true,,99999,False,,,,,
120460,Bouton,Boutons,60,,,,non,,19,true,,99999,False,,,,,
120461,Bouton,Boutons,190,,,,non,,19,true,,2361,False,,,,,
120527,Bouton,Boutons,95,,,,non,,19,true,,99999,False,,,,,
120576,Bouton,Boutons,150,,,,non,,19,true,,99999,False,,,,,
120610,Bouton,Boutons,220,,,,non,,19,true,,99999,False,,,,,
120669,Bouton,Boutons,90,,,,non,,19,true,,99999,False,,,,,
120041,Bouton,Boutons,100,,,,non,,15,true,,2347,False,,,,,
120159,Bouton,Boutons,110,,,,non,,15,true,,99999,False,,,,,
120207,Bouton,Boutons,450,,,,non,,15,true,,99999,False,,,,,
120228,Bouton,Boutons,290,,,,non,,15,true,,99999,False,,,,,
120259,Bouton,Boutons,600,,,,non,,15,true,,99999,False,,,,,
120308,Bouton,Boutons,380,,,,non,,15,true,,99999,False,,,,,
120319,Bouton,Boutons,270,,,,non,,15,true,,2049,False,,,,,
120449,Bouton,Boutons,200,,,,non,,15,true,,99999,False,,,,,
120463,Bouton,Boutons,140,,,,non,,15,true,,99999,False,,,,,
120515,Bouton,Boutons,130,,,,non,,15,true,,2552,False,,,,,
120529,Bouton,Boutons,100,,,,non,,15,true,,99999,False,,,,,
120584,Bouton,Boutons,120,,,,non,,15,true,,99999,False,,,,,
120611,Bouton,Boutons,190,,,,non,,15,true,,99999,False,,,,,
120644,Bouton,Boutons,250,,,,non,,15,true,,1656,False,,,,,
120237,Bouton,Boutons,800,,,,non,,16,true,,2336,False,,,,,
120353,Bouton,Boutons,450,,,,non,,16,true,,99999,False,,,,,
120366,Bouton,Boutons,110,,,,non,,16,true,,2313,False,,,,,
120367,Bouton,Boutons,180,,,,non,,16,true,,1605,False,,,,,
120382,Bouton,Boutons,130,,,,non,,16,true,,99999,False,,,,,
120499,Bouton,Boutons,70,,,,non,,16,true,,99999,False,,,,,
120528,Bouton,Boutons,80,,,,non,,16,true,,99999,False,,,,,
120651,Bouton,Boutons,90,,,,non,,16,true,,99999,False,,,,,
120039,Bouton,Boutons,310,,,,non,,14,true,,99999,False,,,,,
120078,Bouton,Boutons,160,,,,non,,14,true,,99999,False,,,,,
120321,Bouton,Boutons,480,,,,non,,14,true,,99999,False,,,,,
120388,Bouton,Boutons,110,,,,non,,14,true,,99999,False,,,,,
120403,Bouton,Boutons,90,,,,non,,14,true,,99999,False,,,,,
120406,Bouton,Boutons,150,,,,non,,14,true,,99999,False,,,,,
120408,Bouton,Boutons,120,,,,non,,14,true,,99999,False,,,,,
120424,Bouton,Boutons,65,,,,non,,14,true,,99999,False,,,,,
120464,Bouton,Boutons,160,,,,non,,14,true,,99999,False,,,,,
120502,Bouton,Boutons,150,,,,non,,14,true,,99999,False,,,,,
120517,Bouton,Boutons,60,,,,non,,14,true,,99999,False,,,,,
120534,Bouton,Boutons,55,,,,non,,14,true,,99999,False,,,,,
120557,Bouton,Boutons,90,,,,non,,14,true,,99999,False,,,,,
120562,Bouton,Boutons,135,,,,non,,14,true,,99999,False,,,,,
120571,Bouton,Boutons,100,,,,non,,14,true,,2252,False,,,,,
120608,Bouton,Boutons,95,,,,non,,14,true,,2511,False,,,,,
120626,Bouton,Boutons,115,,,,non,,14,true,,99999,False,,,,,
120642,Bouton,Boutons,80,,,,non,,14,true,,99999,False,,,,,
120661,Bouton,Boutons,100,,,,non,,14,true,,99999,False,,,,,
120106,Bouton,Boutons,70,,,,non,,13,true,,99999,False,,,,,
120176,Bouton,Boutons,550,,,,non,,13,true,,2451,False,,,,,
120187,Bouton,Boutons,90,,,,non,,13,true,,99999,False,,,,,
120235,Bouton,Boutons,480,,,,non,,13,true,,99999,False,,,,,
120243,Bouton,Boutons,395,,,,non,,13,true,,99999,False,,,,,
120265,Bouton,Boutons,215,,,,non,,13,true,,99999,False,,,,,
120307,Bouton,Boutons,180,,,,non,,13,true,,99999,False,,,,,
120419,Bouton,Boutons,335,,,,non,,13,true,,99999,False,,,,,
120470,Bouton,Boutons,130,,,,non,,13,true,,99999,False,,,,,
120523,Bouton,Boutons,100,,,,non,,13,true,,99999,False,,,,,
120602,Bouton,Boutons,120,,,,non,,13,true,,2561,False,,,,,
120630,Bouton,Boutons,105,,,,non,,13,true,,99999,False,,,,,
120632,Bouton,Boutons,70,,,,non,,13,true,,2201,False,,,,,
120647,Bouton,Boutons,65,,,,non,,13,true,,99999,False,,,,,
120697,Bouton,Boutons,100,,,,non,,13,true,,99999,False,,,,,
BD.2183.22.10,Bouton 2 Trous - Transparant - 22 Mm,Boutons,100,,,,non,,26,true,BD.2183.22.10.webp,2443,False,,,,,
BD.96.25,Bouton 4 Trous - Veste - 25Mm,Boutons,120,,,01 - BLANC | 02 - NOIR,non,01 - BLANC:20|02 - NOIR:12,32,true,,1852,False,,,,,
ERF.275499,Bouton A Griffe Metal Ø11Mm - X6,Boutons,500,,,,non,,7,true,,99999,False,,,,,
M.60630,Bouton A Pied Coeur Couleurs - 15Mm - S&M,Boutons,80,,,181 - GRIS | 501 - BLANC | 512 - ROSE PALE | 516 - ROSE | 519 - ROUGE | 542 - CIEL | 554 - LILAS,non,181 - GRIS:36|501 - BLANC:36|512 - ROSE PALE:35|516 - ROSE:36|519 - ROUGE:35|542 - CIEL:36|554 - LILAS:36,250,true,,2530,False,,,,,
M60826,Bouton A Pied Noir Ou Blanc 11 Mm,Boutons,70,,,,non,,43,true,,2115,False,,,,,
120085,Bouton A Pois - Ø15,Boutons,90,,,,non,,66,true,,1841,False,,,,,
120084,Bouton A Pois - Ø18,Boutons,120,,,,non,,118,true,,99999,False,,,,,
120083,Bouton A Pois - Ø23,Boutons,170,,,,non,,12,true,,988,False,,,,,
M.239,Bouton Aimant A Coudre X 2 - S&M,Boutons,680,,,ARGENT - 120 | ROSE - 048 | BRONZE - 008 | OR - 100,non,ARGENT - 120:26|ROSE - 048:28|BRONZE - 008:26|OR - 100:26,106,true,M.239.jpg,311,False,,,,,
M264,Bouton Aimant Invisible,Boutons,450,,,,non,,24,true,,1471,False,,,,,
M50329.11,Bouton Alliage 4 Tr - 11Mm - S&M,Boutons,60,,,,non,,71,true,,1300,False,,,,,
M50322,Bouton Alliage Sur Pied - 9Mm - S&M,Boutons,150,,,,non,,61,true,M50322.jpg,611,False,,,,,
M60692,Bouton Ancre - S&M,Boutons,80,,,,non,,28,true,,2109,False,,,,,
120004,Bouton Ancre Marine,Boutons,400,,,,non,,4,true,,99999,False,,,,,
120095,Bouton Arriere Noir - Ø18,Boutons,140,,,,non,,19,true,,99999,False,,,,,
120093,Bouton Arriere Noir - Ø32,Boutons,600,,,,non,,11,true,,2407,False,,,,,
120002,Bouton Avion,Boutons,160,,,,non,,13,true,,99999,False,,,,,
120134,Bouton Blanc,Boutons,230,,,,non,,13,true,,99999,False,,,,,
120019,Bouton Blanc,Boutons,140,,,,non,,22,true,,99999,False,,,,,
BD035,Bouton Blanc - 4 Trous - 12Mm,Boutons,40,,,,non,,24,true,,99999,False,,,,,
120113,Bouton Blanc / Gris - Ø18,Boutons,260,,,,non,,15,true,,99999,False,,,,,
BD.025,Bouton Blanc 10 Cm -,Boutons,50,,,,non,,21,true,,2532,False,,,,,
BD.001,Bouton Blanc Nacre 10 Mm - 4 Trous - Distrifil,Boutons,70,,,001 - BLANC,non,001 - BLANC:28,28,true,BD.001.jpg,2543,False,,,,,
BD.596,Bouton Bleu Marine - 4 Tr - Ø14,Boutons,80,,,,non,,30,true,,99999,False,,,,,
BD.594,Bouton Bleu Marine 4 Tr - Ø10,Boutons,70,,,,non,,29,true,,2583,False,,,,,
BD.13117.22,Bouton Bois - 4 Tours - Ø22Mm - Distrifil,Boutons,140,,,,non,,37,true,BD.13117.22.jpg,1382,False,,,,,
M60882.13,Bouton Bois - 4 Tr - Rebord -13 Mm - S&M,Boutons,60,,,,non,,29,true,,2372,False,,,,,
BD.13117.15,Bouton Bois - 4 Trous - Ø15Mm - Distrifil,Boutons,120,,,,non,,57,true,BD.13117.15.jpg,2373,False,,,,,
BD.13117.18,Bouton Bois - 4 Trous - Ø18Mm - Distrifil,Boutons,130,,,,non,,53,true,BD.13117.18.jpg,99999,False,,,,,
BD.13117.27,Bouton Bois - 4 Trous - Ø27Mm - Distrifil,Boutons,170,,,,non,,10,true,BD.13117.27.jpg,1459,False,,,,,
BD.13117.30,Bouton Bois - 4 Trous - Ø30Mm - Distrifil,Boutons,220,,,,non,,12,true,BD.13117.30.jpg,1775,False,,,,,
M60833.13,Bouton Bois 2 Tr - 13Mm - S&M,Boutons,60,,,,non,,28,true,,99999,False,,,,,
M60833.15,Bouton Bois 2 Tr - 15Mm - S&M,Boutons,70,,,,non,,17,true,,99999,False,,,,,
M60833.18,Bouton Bois 2 Tr - 18Mm - S&M,Boutons,80,,,,non,,27,true,,99999,False,,,,,
BD.13117.12,Bouton Bois 4 Trous - 12Mm -Distrifil,Boutons,90,,,,non,,3,true,BD.13117.12.jpg,99999,False,,,,,
M60018_12,Bouton Bois A Queue Ø12 - S&M,Boutons,140,,,,non,,12,true,,2550,False,,,,,
M60018_15,Bouton Bois A Queue Ø15 - S&M,Boutons,160,,,,non,,13,true,,99999,False,,,,,
M60018_18,Bouton Bois A Queue Ø18 - S&M,Boutons,180,,,,non,,20,true,,99999,False,,,,,
M60018_22,Bouton Bois A Queue Ø22- S&M,Boutons,220,,,,non,,15,true,,2485,False,,,,,
BD.354,Bouton Bois Fleur - 32Mm,Boutons,430,,,,non,,2,true,,888,False,,,,,
M60888,Bouton Bois Forme - S&M,Boutons,90,,,,non,,63,true,,1651,False,,,,,
M60834,Bouton Bois Motif Enfant - S&M,Boutons,250,,,,non,,82,true,,99999,False,,,,,
BD.357,Bouton Bois Ourson - 15Mm,Boutons,150,,,,non,,12,true,,99999,False,,,,,
120003,Bouton Boule,Boutons,120,,,,non,,188,true,,1624,False,,,,,
BD.119.18,Bouton Boule Bronze A Pied Ø 18Mm - Distrifil,Boutons,170,,,,non,,59,true,BD.119.18.jpg,99999,False,,,,,
BD.119.12,Bouton Boule Bronze A Pied Ø12Mm - Distrifil,Boutons,100,,,,non,,90,true,,99999,False,,,,,
120056,Bouton Boule Nacre,Boutons,180,,,,non,,17,true,,99999,False,,,,,
M60814,Bouton Buchette Bois 30Mm - S&M,Boutons,190,,,,non,,8,true,,1441,False,,,,,
120360,Bouton Cerclage Dore 18,Boutons,350,,,,non,,8,true,,2052,False,,,,,
120068,Bouton Cerclage Dore 32,Boutons,480,,,,non,,21,true,,99999,False,,,,,
120046,Bouton Cercle Dore,Boutons,120,,,,non,,207,true,,99999,False,,,,,
120045,Bouton Cercle Dore,Boutons,110,,,,non,,313,true,,2213,False,,,,,
120047,Bouton Cercle Dore,Boutons,130,,,,non,,134,true,,1088,False,,,,,
120753,Bouton Chemise 12Mm,Boutons,100,,,,non,,5,true,,99999,False,,,,,
120755,Bouton Chemise 9Mm,Boutons,40,,,,non,,8,true,,2476,False,,,,,
M60827.19,Bouton Classique 4 Tr - 19 Mm - S&M,Boutons,70,,,,non,,23,true,,2546,False,,,,,
M60827.15,Bouton Classique 4Tr - 15 Mm -S&M,Boutons,60,,,,non,,17,true,,2474,False,,,,,
120752,Bouton Coccinelle,Boutons,260,,,,non,,9,true,,99999,False,,,,,
BD.406,Bouton Coccinelle - 6 Mm,Boutons,110,,,,non,,17,true,,2217,False,,,,,
BD.338.12,Bouton Coco - 12 Mm - 2 Trous,Boutons,70,,,,non,,101,true,,2019,False,,,,,
M60010.23,Bouton Coco - 23 Mm - S&M,Boutons,200,,,,non,,53,true,,2351,False,,,,,
BD.338.27,Bouton Coco - 27 Mm,Boutons,130,,,,non,,26,true,,1631,False,,,,,
BD.338.30,Bouton Coco - 30 Mm,Boutons,150,,,,non,,42,true,,2404,False,,,,,
M60010.13,Bouton Coco 13Mm - S&M,Boutons,100,,,,non,,17,true,,1167,False,,,,,
M60010.18,Bouton Coco 18Mm - S&M,Boutons,170,,,,non,,20,true,,2237,False,,,,,
M60687,Bouton Coco Couleur Ø18 - S&M,Boutons,300,,,,non,,77,true,M60687.jpg,451,False,,,,,
M60687_30,Bouton Coco Couleur Ø30 - S&M,Boutons,470,,,,non,,31,true,,690,False,,,,,
BD.338.15,Bouton Coco Ø15,Boutons,80,,,,non,,36,true,,1854,False,,,,,
BD.338.18,Bouton Coco Ø18,Boutons,100,,,,non,,48,true,,1678,False,,,,,
BD.1405.30,Bouton Coco Ø20 Mm - Distrifil,Boutons,350,,,,non,,20,true,BD.1405.30.jpg,99999,False,,,,,
BD.338.22,Bouton Coco Ø22,Boutons,100,,,,non,,41,true,,2570,False,,,,,
BD.1405.40,Bouton Coco Ø40Mm - Distrifil,Boutons,510,,,,non,,8,true,BD.1405.40.jpg,99999,False,,,,,
M50323.12,Bouton Coeur Aliage - 12Mm - S&M,Boutons,130,,,,non,,27,true,,99999,False,,,,,
M60860.13,Bouton Coeur Glitter - 13 Mm - S&M,Boutons,70,,,,non,,170,true,,1635,False,,,,,
M60860.18,Bouton Coeur Glitter - 18 Mm - S&M,Boutons,100,,,,non,,98,true,M60860.18.jpg,1258,False,,,,,
BD.413,Bouton Coeur Rouge 12Mm,Boutons,100,,,,non,,12,true,,99999,False,,,,,
120171,Bouton Costume - Ø15,Boutons,350,,,,non,,46,true,,1207,False,,,,,
120172,Bouton Costume - Ø18,Boutons,200,,,,non,,29,true,,950,False,,,,,
120103,Bouton Costume - Ø18,Boutons,80,,,,non,,22,true,,99999,False,,,,,
120173,Bouton Costume - Ø20,Boutons,350,,,,non,,19,true,,2374,False,,,,,
120100,Bouton Costume - Ø21,Boutons,110,,,,non,,24,true,,99999,False,,,,,
120165,Bouton Costume - Ø24,Boutons,70,,,,non,,202,true,,1560,False,,,,,
BD.23794.12,Bouton Cuvette - 2 Trous - Nacre Ø13,Boutons,90,,,,non,,10,true,,937,False,,,,,
BD23794.15,Bouton Cuvette - 2 Trous - Nacre Ø15,Boutons,100,,,,non,,10,true,,2399,False,,,,,
BD.23794.15,Bouton Cuvette - 2 Trous - Nacré Ø15,Boutons,90,,,01 - BLANC,non,01 - BLANC:22,22,true,,2043,False,,,,,
BD.96.15,Bouton Cuvette - 4 Trous - Ø15,Boutons,80,,,02 - NOIR,non,02 - NOIR:30,30,true,,99999,False,,,,,
BD.96.22,Bouton Cuvette - 4 Trous - Ø22,Boutons,90,,,01 - BLANC | 02 - NOIR,non,01 - BLANC:26|02 - NOIR:27,53,true,,2114,False,,,,,
BD.23794.2,Bouton Cuvette - Nacre Ø11,Boutons,80,,,,non,,31,true,,675,False,,,,,
120146,Bouton Cœur,Boutons,120,,,,non,,29,true,,2558,False,,,,,
M60773.10,Bouton Demi Perle - 10 Mm - S&M,Boutons,100,,,,non,,15,true,,1320,False,,,,,
M60773.15,Bouton Demi Perle - 15 Mm - S&M,Boutons,250,,,,non,,10,true,,2521,False,,,,,
M60207.09,Bouton Demi Sphere - Blanc - 9Mm,Boutons,100,,,,non,,47,true,,99999,False,,,,,
M60738.08,Bouton Demi Sphere Strass (Mariage) - S&M,Boutons,120,,,,non,,15,true,,2559,False,,,,,
71630,Bouton Dragon,Boutons,2450,,,,non,,6,true,,1181,False,,,,,
KN018,Bouton Duffle Coat - Cuir Noir,Boutons,850,,,,non,,4,true,,99999,False,,,,,
BD.213,Bouton Ecusson Dore A Pied - Ø20,Boutons,135,,,,non,,4,true,,99999,False,,,,,
BD.377,Bouton Enfant Ourson Beige - 14 Mm,Boutons,85,,,,non,,29,true,,99999,False,,,,,
BD.394,Bouton Enfant Ourson Bleu - 14 Mm,Boutons,85,,,,non,,10,true,,2464,False,,,,,
120008,Bouton Etoile,Boutons,200,,,,non,,6,true,,99999,False,,,,,
M60714.11,Bouton Etoile Paillette - 11Mm - S&M,Boutons,60,,,,non,,150,true,M60714.11.jpg,1282,False,,,,,
M60714.18,Bouton Etoile Paillette - 18Mm - S&M,Boutons,80,,,,non,,78,true,M60714.18.jpg,1415,False,,,,,
M60714.23,Bouton Etoile Paillette - 23Mm - S&M,Boutons,180,,,,non,,75,true,M60714.23.jpg,646,False,,,,,
M60823.13,Bouton Fantaisie Enfant - 13Mm - S&M,Boutons,70,,,,non,,56,true,,2277,False,,,,,
M60823.15,Bouton Fantaisie Enfant - 15Mm - S&M,Boutons,80,,,,non,,97,true,,2333,False,,,,,
120022,Bouton Fleur,Boutons,150,,,,non,,96,true,,970,False,,,,,
M60830.10,Bouton Fleur Epoxy - 10Mm,Boutons,70,,,,non,,50,true,,1892,False,,,,,
M60525,Bouton Fleur Hibiscus Relief - S&M,Boutons,320,,,,non,,7,true,,1485,False,,,,,
120027,Bouton Forme Ceinture - Ø28,Boutons,190,,,,non,,11,true,,99999,False,,,,,
120028,Bouton Forme Ceinture - Ø32,Boutons,210,,,,non,,11,true,,99999,False,,,,,
120029,Bouton Forme Ceinture - Ø36,Boutons,240,,,,non,,15,true,,99999,False,,,,,
ERF.289335,Bouton Griffe Argent Ø11Mm - X6 + Jeu Pose,Boutons,790,,,,non,,8,true,,99999,False,,,,,
ERF.275482,Bouton Griffe Nacre Ø11 X6,Boutons,600,,,,non,,12,true,,99999,False,,,,,
ERF.289328,Bouton Griffe Nacre Ø11Mm - X6 + Jeu Pose,Boutons,790,,,,non,,5,true,,99999,False,,,,,
ERF.289304,Bouton Griffe Noir + Jeu Pose,Boutons,790,,,,non,,3,true,,99999,False,,,,,
ERF.289311,Bouton Griffe Or Ø11 - X6 + Jeu Pose,Boutons,790,,,,non,,11,true,,99999,False,,,,,
120135,Bouton Imitation Os - Ø18,Boutons,60,,,,non,,26,true,,2142,False,,,,,
BD.201,Bouton Laiton 2 Tr - Ø22Mm,Boutons,140,,,,non,,26,true,,99999,False,,,,,
BD.1176,Bouton Leopard Ø40Mm - Distrifil,Boutons,510,,,,non,,7,true,BD.1176.jpg,1153,False,,,,,
CC3010.18,Bouton Magnetique A Clipser - 18 Mm - Care&Create,Boutons,200,,,OR - GD | ARGENT - NK | BRONZE - BS | NOIR - BK,oui,OR - GD:8|ARGENT - NK:11|BRONZE - BS:23|NOIR - BK:25,67,true,CC3010.18.jpg,600,False,,,,,
M.291,Bouton Magnetique A Clipser X2 - S&M,Boutons,620,,,OR - 100 | ARGENT -120 | BRONZE - 008,non,OR - 100:25|ARGENT -120:25|BRONZE - 008:25,75,true,,99999,False,,,,,
CC3008.18,Bouton Magnetique A Coudre - X3 - Care&Create,Boutons,860,,,ARGENT - NK | BRONZE - BS,non,ARGENT - NK:9|BRONZE - BS:7,16,true,CC3008.18.jpg,478,False,,,,,
120011,Bouton Marin,Boutons,260,,,,non,,6,true,,99999,False,,,,,
120075,Bouton Metal,Boutons,230,,,,non,,2,true,,99999,False,,,,,
120153,Bouton Metal,Boutons,190,,,,non,,2,true,,99999,False,,,,,
120069,Bouton Metal,Boutons,50,,,,non,,18,true,,99999,False,,,,,
120158,Bouton Metal,Boutons,100,,,,non,,21,true,,1999,False,,,,,
120163,Bouton Metal,Boutons,290,,,,non,,16,true,,1420,False,,,,,
120155,Bouton Metal,Boutons,200,,,,non,,22,true,,99999,False,,,,,
120161,Bouton Metal,Boutons,210,,,,non,,22,true,,99999,False,,,,,
120164,Bouton Metal,Boutons,280,,,,non,,45,true,,2444,False,,,,,
120156,Bouton Metal,Boutons,180,,,,non,,42,true,,99999,False,,,,,
120081,Bouton Metal,Boutons,260,,,,non,,32,true,,99999,False,,,,,
120157,Bouton Metal,Boutons,170,,,,non,,50,true,,2388,False,,,,,
120750,Bouton Metal 20Mm,Boutons,280,,,,non,,4,true,,1966,False,,,,,
BD.175,Bouton Metal 4 Trous - Ø22Mm,Boutons,210,,,,non,,1,true,,1163,False,,,,,
BD.174,Bouton Metal 4 Trous Ø18Mm,Boutons,150,,,,non,,29,true,,99999,False,,,,,
M50346.15,Bouton Metal Ancre - 15Mm - S&M,Boutons,140,,,,non,,40,true,,1573,False,,,,,
M50346.23,Bouton Metal Ancre - 23Mm - S&M,Boutons,200,,,,non,,19,true,M50346.23.jpg,824,False,,,,,
120110,Bouton Metal Carre,Boutons,400,,,,non,,9,true,,1994,False,,,,,
M490.15,Bouton Metal Or Plat Capuchon - Ø15 - S&M,Boutons,110,,,,non,,82,true,,1921,False,,,,,
M490.18,Bouton Metal Or Plat Capuchon - Ø18 - S&M,Boutons,150,,,,non,,55,true,M490.18.jpg,536,False,,,,,
M490.22,Bouton Metal Or Plat Capuchon - Ø22 - S&M,Boutons,180,,,,non,,82,true,M490.22.jpg,1103,False,,,,,
M490.13,Bouton Metal Or Plat Capuchon S&M Ø13,Boutons,110,,,,non,,110,true,,1674,False,,,,,
120000,Bouton Motif Enfant,Boutons,130,,,,non,,60,true,,99999,False,,,,,
120194,Bouton Motif Enfant,Boutons,140,,,,non,,3,true,,99999,False,,,,,
120092,Bouton Motif Enfant,Boutons,150,,,,non,,3,true,,99999,False,,,,,
M60011.11,Bouton Nacre - 11Mm - S&M,Boutons,65,,,,non,,71,true,,1477,False,,,,,
M60011.13,Bouton Nacre - 13 Mm - S&M,Boutons,75,,,,non,,72,true,,1391,False,,,,,
BD.051,Bouton Nacre - 18 Mm - 2 Trous - Distrifil,Boutons,85,,,,non,,18,true,BD.051.jpg,1808,False,,,,,
M60011.18,Bouton Nacre - 18 Mm - S&M,Boutons,100,,,,non,,41,true,,2401,False,,,,,
M60549.22,Bouton Nacre - 2 Trous - Couleurs - S&M,Boutons,230,,,,non,,55,true,,1014,False,,,,,
BD.42821.27,Bouton Nacre - 2 Trous - Ø27,Boutons,230,,,NAT,non,NAT:20,20,true,,99999,False,,,,,
M60011.20,Bouton Nacre - 20 Mm - S&M,Boutons,130,,,,non,,2,true,,1047,False,,,,,
M60011.22,Bouton Nacre - 22 Mm - S&M,Boutons,150,,,,non,,15,true,M60011.22.jpg,964,False,,,,,
M60011.25,Bouton Nacre - 25 Mm - S&M,Boutons,160,,,,non,,38,true,,1640,False,,,,,
BD.053,Bouton Nacre - 27 Mm,Boutons,120,,,,non,,6,true,,2044,False,,,,,
120138,Bouton Nacre - Ø18,Boutons,180,,,,non,,17,true,,1398,False,,,,,
M60847,Bouton Nacre 9 Mm - 4 Tr,Boutons,30,,,,non,,12,true,,1974,False,,,,,
BD.058,Bouton Nacre Carre - 14 Mm - 2 Trous - Distrifil,Boutons,140,,,,non,,20,true,BD.058.jpg,99999,False,,,,,
BD.057,Bouton Nacre Carre 12Mm - 2 Trous - Distrifil,Boutons,130,,,,non,,26,true,BD.057.jpg,2234,False,,,,,
BD.42821.12,Bouton Nacre Color - 12Mm - 2 Trous - Distrifil,Boutons,90,,,21 - GRIS,non,21 - GRIS:73,73,true,BD.42821.12.jpg,246,False,,,,,
BD.009,Bouton Nacre Ø14Mm - Distrifil,Boutons,100,,,,non,,44,true,,1829,False,,,,,
BD.42821.15,Bouton Nacre Ø15,Boutons,100,,,,non,,40,true,,847,False,,,,,
BD.42821.18,Bouton Nacre Ø18,Boutons,140,,,,non,,22,true,,1381,False,,,,,
BD.42821.22,Bouton Nacre Ø22,Boutons,160,,,,non,,70,true,,1043,False,,,,,
BD.113,Bouton Noir - 4 Trous - 10Mm,Boutons,50,,,,non,,27,true,,99999,False,,,,,
BD.081,Bouton Noir - 4 Trous - 10Mm,Boutons,50,,,,non,,17,true,,2103,False,,,,,
BD.114,Bouton Noir - 4 Trous - 12Mm,Boutons,60,,,,non,,39,true,,2584,False,,,,,
BD.082,Bouton Noir - 4 Trous - 12Mm,Boutons,60,,,,non,,6,true,,1646,False,,,,,
BD.121,Bouton Noir 2 Trous -Ø15 Mm - Distrifil,Boutons,70,,,,non,,24,true,BD.121.jpg,2323,False,,,,,
BD.122,Bouton Noir 2 Trous -Ø18Mm - Distrifil,Boutons,80,,,,non,,30,true,,99999,False,,,,,
BD.111,Bouton Noir 2 Trous -Ø22Mm,Boutons,80,,,,non,,26,true,,2335,False,,,,,
BD.123,Bouton Noir 2 Trous -Ø22Mm - Distrifil,Boutons,95,,,,non,,30,true,,99999,False,,,,,
BD.118,Bouton Noir 4 Trous -Ø18 Mm - Distrifil,Boutons,80,,,,non,,18,true,,1890,False,,,,,
BD.119,Bouton Noir 4 Trous -Ø22Mm - Distrifil,Boutons,115,,,,non,,23,true,,1988,False,,,,,
BD.120,Bouton Noir 4 Trous -Ø27 Mm - Distrifil,Boutons,115,,,,non,,15,true,BD.120.jpg,2292,False,,,,,
BD.129,Bouton Noir A Pied Ø15Mm - Distrifil,Boutons,75,,,,non,,25,true,BD.129.jpg,2582,False,,,,,
BD.143,Bouton Noir A Pied Ø22 Mm -Distrifil,Boutons,250,,,,non,,14,true,BD.143.jpg,1825,False,,,,,
BD.141,Bouton Noir Facettes Pied -Ø12Mm,Boutons,70,,,,non,,30,true,,99999,False,,,,,
BD.140,Bouton Noir Sur Pied -Ø10Mm,Boutons,105,,,,non,,30,true,,99999,False,,,,,
BD.109,Bouton Noir Ø15Mm,Boutons,60,,,,non,,30,true,,99999,False,,,,,
M60791.12,Bouton Perle - 12Mm - S&M,Boutons,300,,,,non,,27,true,,99999,False,,,,,
M60791.20,Bouton Perle - 20Mm - S&M,Boutons,500,,,,non,,16,true,,1869,False,,,,,
M.60774_10,Bouton Perle Ovale Sur Pied - 10Mm - S&M,Boutons,250,,,573 - BEIGE | 841 - IVOIR,non,573 - BEIGE:13|841 - IVOIR:18,31,true,M.60774_10.jpg,1659,False,,,,,
M60865.13,Bouton Pierre - 13 Mm - S&M,Boutons,50,,,,non,,51,true,,2567,False,,,,,
M60865.15,Bouton Pierre - 15 Mm - S&M,Boutons,60,,,,non,,70,true,,99999,False,,,,,
M60865.20,Bouton Pierre - 20 Mm - S&M,Boutons,70,,,,non,,60,true,,99999,False,,,,,
120117,Bouton Pierre - Ø12,Boutons,130,,,,non,,34,true,,99999,False,,,,,
120116,Bouton Pierre - Ø18,Boutons,220,,,,non,,8,true,,99999,False,,,,,
120115,Bouton Pierre - Ø20,Boutons,240,,,,non,,6,true,,99999,False,,,,,
BD.23794,Bouton Plastique 2Tr - Ø9Mm,Boutons,80,,,,non,,56,true,,2580,False,,,,,
393080,Bouton Plastique Love Prym Etoile Rouge,Boutons,840,"Bouton plastique enfant Prym Love, forme étoile, coloris rouge, à coudre",Prym,,non,,1,true,393080.jpg,99999,False,,,,,
120025,Bouton Porcelaine - Ø36,Boutons,895,,,,non,,3,true,,99999,False,,,,,
120026,Bouton Porcelaine - Ø44,Boutons,980,,,,non,,13,true,,808,False,,,,,
71633,Bouton Pression - 14 Mm - Dore X 8 - Tis Lourd - Bohin,Boutons,2430,,Bohin,,non,,5,true,71633.jpg,99999,False,,,,,
71533,Bouton Pression 14 Mm - Dore X10 - Bohin,Boutons,1420,,Bohin,,non,,6,true,71533.webp,1559,False,,,,,
79116,Bouton Pression A Coudre - Nickel - N°7 - Unite,Boutons,90,,,,non,,167,true,,2487,False,,,,,
79306,Bouton Pression A Coudre - Noir - N°1 - Unite - Bohin,Boutons,30,,Bohin,,non,,182,true,,2586,False,,,,,
79304,Bouton Pression A Coudre - N°0 -Noir - Unite,Boutons,20,,,,non,,147,true,,2484,False,,,,,
79102,Bouton Pression A Coudre Nickel - 2/0 - Unite,Boutons,20,,,,non,,136,true,,2389,False,,,,,
79114,Bouton Pression A Coudre Nickel - Ø5 - Unite - Bohin,Boutons,65,,Bohin,,non,,137,true,,99999,False,,,,,
79110,Bouton Pression A Coudre Nickel Ø3 -Unite - Bohin,Boutons,45,,Bohin,,non,,72,true,,2482,False,,,,,
79316,Bouton Pression A Coudre Noir N°7 - Unite - Bohin,Boutons,90,,Bohin,,non,,169,true,,2577,False,,,,,
79314,Bouton Pression A Coudre N°5 - Unite - Bohin,Boutons,65,,Bohin,,non,,153,true,,2094,False,,,,,
71610,Bouton Pression Dragon 14Mm,Boutons,3280,,,,non,,1,true,,483,False,,,,,
ERF.289434,Bouton Pression Flox - 15Mm X 10 - Bronze,Boutons,1500,,,,non,,5,true,,99999,False,,,,,
ERF.289441,Bouton Pression Flox - 15Mm X 10 - Nickele,Boutons,1500,,,,non,,5,true,,99999,False,,,,,
71253,Bouton Pression Griffes - 12 Mm - Dore - X8 - Bohin,Boutons,1340,,Bohin,,non,,3,true,,1615,False,,,,,
71252,Bouton Pression Griffes - 12 Mm Bronze/ Noir - X8 - Bohin,Boutons,1340,,Bohin,,non,,4,true,,99999,False,,,,,
393030,Bouton Pression Love Coeur,Boutons,840,,,,non,,1,true,,2020,False,,,,,
71795,"Bouton Pression Magique ""Chemise"" - 10Mm - X12 - Bohin",Boutons,890,,Bohin,,non,,10,true,,99999,False,,,,,
71706,Bouton Pression Magique - 9Mm - Jaune X 8,Boutons,620,,,,non,,5,true,,99999,False,,,,,
71705,Bouton Pression Magique - 9Mm - Mauve X 8,Boutons,620,,,,non,,5,true,,99999,False,,,,,
71704,Bouton Pression Magique - 9Mm -Rose X8,Boutons,620,,,,non,,5,true,,99999,False,,,,,
71759,Bouton Pression Magique 13 Mm Beige X 8,Boutons,680,,,,non,,3,true,,99999,False,,,,,
71751,Bouton Pression Magique 13 Mm Blanc,Boutons,680,,,,non,,14,true,,771,False,,,,,
71762,Bouton Pression Magique 13 Mm Bleu Roi X 8,Boutons,680,,,,non,,5,true,,2080,False,,,,,
71753,Bouton Pression Magique 13 Mm Ciel X 8,Boutons,680,,,,non,,6,true,,99999,False,,,,,
71766,Bouton Pression Magique 13 Mm Gris X 8,Boutons,680,,,,non,,2,true,,1596,False,,,,,
71756,Bouton Pression Magique 13 Mm Jaune X 8,Boutons,680,,,,non,,4,true,,99999,False,,,,,
71760,Bouton Pression Magique 13 Mm Marron X 8,Boutons,680,,,,non,,6,true,,99999,False,,,,,
71755,Bouton Pression Magique 13 Mm Mauve X 8,Boutons,680,,,,non,,5,true,,99999,False,,,,,
71752,Bouton Pression Magique 13 Mm Noir,Boutons,680,,,,non,,10,true,,1091,False,,,,,
71761,Bouton Pression Magique 13 Mm Orange X 8,Boutons,680,,,,non,,5,true,,99999,False,,,,,
71754,Bouton Pression Magique 13 Mm Rose Pale X 8,Boutons,680,,,,non,,4,true,,99999,False,,,,,
71757,Bouton Pression Magique 13 Mm Rouge X 8,Boutons,680,,,,non,,6,true,,99999,False,,,,,
71763,Bouton Pression Magique 13 Mm Violet X 8,Boutons,680,,,,non,,4,true,,99999,False,,,,,
71703,Bouton Pression Magique 9 Mm - Ciel X 8,Boutons,620,,,,non,,5,true,,99999,False,,,,,
71701,Bouton Pression Magique 9Mm Blanc,Boutons,620,,,,non,,14,true,,1177,False,,,,,
71702,Bouton Pression Magique 9Mm Noir,Boutons,620,,,,non,,12,true,,99999,False,,,,,
71758,Bouton Pression Magique X8 - 13 Mm - Bleu Marine - Bohin,Boutons,680,,Bohin,,non,,9,true,,99999,False,,,,,
71764,Bouton Pression Magique X8 - 13 Mm - Rose - Bohin,Boutons,680,,Bohin,,non,,5,true,,99999,False,,,,,
71765,Bouton Pression Magique X8 - 13 Mm - Vert Menthe - Bohin,Boutons,680,,Bohin,,non,,5,true,,99999,False,,,,,
M263,Bouton Pression Plastique Ø12 X30,Boutons,600,,,,non,,5,true,,1455,False,,,,,
ERF.275369,Bouton Pression Transparant 7Mm - X12,Boutons,310,,,,non,,8,true,,1889,False,,,,,
120088,Bouton Rayure - Ø15,Boutons,90,,,,non,,104,true,,1987,False,,,,,
120087,Bouton Rayure - Ø18,Boutons,140,,,,non,,137,true,,2445,False,,,,,
120086,Bouton Rayure - Ø23,Boutons,170,,,,non,,23,true,,899,False,,,,,
M60861.10,Bouton Rond Glitter - 10Mm - S&M,Boutons,60,,,,non,,101,true,,99999,False,,,,,
M60861.13,Bouton Rond Glitter - 13 Mm - S&M,Boutons,80,,,,non,,52,true,,2284,False,,,,,
120010,Bouton Smiley,Boutons,150,,,,non,,76,true,,1895,False,,,,,
M60744,Bouton Strass Swaroski - S&M,Boutons,170,,,,non,,90,true,,1961,False,,,,,
M60889_15,Bouton Transparant - 2Tr - 15Mm -S&M,Boutons,70,,,,non,,41,true,,2203,False,,,,,
BD.027,Bouton Transparant 14 Mm - 4 Trous,Boutons,70,,,,non,,18,true,,2447,False,,,,,
M60889_10,Bouton Transparant 2 Tr 10Mm - S&M,Boutons,50,,,,non,,35,true,,2036,False,,,,,
120109,Bouton Veste,Boutons,120,,,,non,,24,true,,99999,False,,,,,
BD.1179,Bouton Zebre Ø40Mm - Distrifil,Boutons,510,,,,non,,11,true,BD.1179.jpg,1810,False,,,,,
BD.115,Boutons 14Mm,Boutons,60,,,,non,,32,true,,2046,False,,,,,
120746,Boutons 15Mm,Boutons,30,,,,non,,32,true,,2589,False,,,,,
120747,Boutons 18Mm,Boutons,50,,,,non,,36,true,,99999,False,,,,,
M60891,Boutons Animaux - S&M,Boutons,75,,,,non,,33,true,,1846,False,,,,,
ERF.275529,Boutons Griffe Blanc Ø11Mm - X6,Boutons,400,,,,non,,8,true,,1996,False,,,,,
ERF.275512,Boutons Griffe Ø11Mm - X6,Boutons,400,,,,non,,13,true,,2342,False,,,,,
M283,Boutons Jeans 20 Mm- S&M,Boutons,310,,,,non,,65,true,M283.jpg,226,False,,,,,
ERF.289427,Boutons Pression 15Mm Nickele + Outillage,Boutons,2220,,,,non,,8,true,,99999,False,,,,,
ERF.289380,Boutons Pression Bronze +Outillage,Boutons,1530,,,,non,,1,true,,1514,False,,,,,
393060,Boutons Pression Love Etoile,Boutons,840,,,,non,,2,true,,99999,False,,,,,
393081,Boutons Pression Love Fleur,Boutons,840,,,,non,,2,true,,99999,False,,,,,
ERF.289366,Boutons Pression Nickeles 15Mm,Boutons,1080,,,,non,,5,true,,99999,False,,,,,
90108,Boutons Pressions X 12 - N°2 - Nickel,Boutons,580,,,,non,,2,true,,1032,False,,,,,
ERF.289410,Boutons P¨Ression 15Mm Bronze+ Outillage,Boutons,2220,,,,non,,8,true,,99999,False,,,,,
M.50345,Brandebourg - Textile Strass - S&M,Boutons,1050,,,573 - ARGENT | 506 - OR,non,573 - ARGENT:5|506 - OR:5,10,true,,99999,False,,,,,
M.50344,Brandebourg Textile Couleur - 7.5Cm - S&M,Boutons,350,,,568 - BRONZE | 506 - DORE | 559 - MAUVE,non,568 - BRONZE:4|506 - DORE:1|559 - MAUVE:2,7,true,M.50344.jpg,1070,False,,,,,
PRY390700,Pack Love Pression Jersey 8Mm - X21 - Layette,Boutons,2300,,,,non,,1,true,,99999,False,,,,,
71792,Pression Magique 14Mm - Argent X4,Boutons,1100,,,,non,,5,true,,99999,False,,,,,
71793,Pression Magique 14Mm - Canon De Fusil X4,Boutons,1100,,,,non,,4,true,,1741,False,,,,,
71791,Pression Magique 14Mm - Or X 4,Boutons,1100,,,,non,,3,true,,1747,False,,,,,
71632,Pressions Bronze 14Mm,Boutons,2370,,,,non,,2,true,,686,False,,,,,
71532,Recharge Bouton Pression Flox - 14Mm - Bronze - X10,Boutons,1420,,,,non,,5,true,,1558,False,,,,,
71260,Recharge Bouton Pression Jersey - 12 Mm - Argent - Bohin,Boutons,1340,,Bohin,,non,,5,true,,99999,False,,,,,
71160,Recharge Pressions Griffes - Jersey - X10 - 10Mm - Nickel - Bohin,Boutons,1300,,Bohin,,non,,6,true,,1630,False,,,,,
PRY393004,Sachet Assortiment Boutons Pression Plastique -Jaune - X 30 - 12.4Mm,Boutons,840,,,,non,,2,true,,99999,False,,,,,
PRY393031,Sachet Boutons Pression Plastique -Rouge Coeur - X 30 - 12.4Mm,Boutons,840,,,,non,,2,true,,99999,False,,,,,
120290,Sachet De Bouton,Boutons,100,,,,non,,245,true,,2246,False,,,,,
1763_1,Aiguille Plast Canevas - X2 - Dmc,Broderie,250,"Lot de 2 aiguilles plastique à bout rond pour canevas DMC, adaptées aux enfants et débutants",DMC,,non,,1,true,,1662,False,,,,,
9203.49,Animaux De La Ferme,Broderie,2600,,,,non,,4,true,,99999,False,,,,,
GC001,Archet X10 - Dmc - Range Fils A Broder,Broderie,730,"Lot de 10 archets (range-fils) DMC, pour organiser les échevettes de fil à broder par coloris",DMC,,non,,7,true,,99999,False,,,,,
MA9443,Avalon Fixe - 1M - Hydrosoluble - Collant - Non Tissé - Madeira,Broderie,2970,,,,non,,2,true,,1015,False,,,,,
MA9442,Avalon Plus - Rouleau De 3M - Hydrosoluble - Non Tissé - Madeira,Broderie,2970,,,,non,,2,true,,1018,False,,,,,
MA9441,Avalon Ultra - Rouleau 3M - Hydrosoluble Transparant - Madeira,Broderie,2970,,,,non,,2,true,,99999,False,,,,,
5500,Bande Aida 3Cm,Broderie,330,,,,non,,10,true,,1840,False,,,,,
BRO_17,Bande Toile Aida,Broderie,850,,,,non,,9,true,,1806,False,,,,,
BRO_11,Bande Toile Aida,Broderie,0,,,,non,,6,true,,99999,False,,,,,
BRO_16,Bande Toile Aida,Broderie,600,,,,non,,39,true,,99999,False,,,,,
BRO_15,Bande Toile Aida,Broderie,800,,,,non,,38,true,,2332,False,,,,,
BRO_13,Bande Toile Aida,Broderie,600,,,,non,,44,true,,99999,False,,,,,
BRO_10,Bande Toile Aida,Broderie,1800,,,,non,,21,true,,851,False,,,,,
BRO_18,Bande Toile Aida,Broderie,1800,,,,non,,15,true,,99999,False,,,,,
BRO_14,Bande Toile Aida,Broderie,500,,,,non,,15,true,,99999,False,,,,,
BRO_20,Bande Toile Aida,Broderie,990,,,,non,,14,true,,1701,False,,,,,
BRO_12,Bande Toile Aida,Broderie,650,,,,non,,20,true,,99999,False,,,,,
LB_203,Bavoir A Broder - 33X25 Cm,Broderie,950,,,101 - BLANC | 105 - CORAIL | 110 - ROSE | 130 -VERT | 140 - CIEL | 147 - MARINE | 154 - ECRU,non,101 - BLANC:2|105 - CORAIL:1|110 - ROSE:1|130 -VERT:1|140 - CIEL:1|147 - MARINE:1|154 - ECRU:1,8,true,,1863,False,,,,,
LB_205,Bavoir Eponge A Broder - 22Cm,Broderie,900,,,100 - JAUNE | 101 - BLANC | 105 - CORAIL | 110 - ROSE | 130 - VERT | 140 - CIEL | 147 - MARINE | 154 -ECRU | 155 -LIN | 170 - GRIS,non,100 - JAUNE:1|101 - BLANC:1|105 - CORAIL:1|110 - ROSE:1|130 - VERT:1|140 - CIEL:1|147 - MARINE:1|154 -ECRU:1|155 -LIN:1|170 - GRIS:1,10,true,,99999,False,,,,,
GIZA86,Bobine Coton A Repriser 10 Gr,Broderie,450,,,,non,,26,true,,1606,False,,,,,
PERLE_5B_DMC,Bobine Coton Perlé - N°5 - Dmc,Broderie,540,"Coton perlé DMC N°5, pelote - Fil 100% coton mercerisé non divisible, aspect torsadé brillant, pour broderie décorative et Hardanger",DMC,208 | 209 | 211 | 319 | 320 | 321 | 335 | 336 | 350 | 353 | 355 | 367 | 368 | 3823 | 415 | 433 | 434 | 444 | 445 | 437 | 498 | 519 | 550 | 552 | 553 | 554 | 602 | 605 | 644 | 666 | 712 | 725 | 726 | 738 | 739 | 740 | 743 | 744 | 745 | 754 | 762 | 783 | 797 | 798 | 799 | 800 | 809 | 815 | 818 | 820 | 823 | 827 | 842 | 902 | 904 | 906 | 909 | 913 | 922 | 930 | 931 | 937 | 946 | 954 | 973 | 996 | 3325 | 3326 | 3348 | 3345 | 3354 | 3689 | 3743 | BLANC | B5200 | ECRU | 972 | 947 | 703 | 310 - NOIR | 3688 | 414 | 604 | 822 | 3347 | 938,non,208:8|209:10|211:17|319:12|320:14|321:7|335:14|336:11|350:8|353:9|355:4|367:14|368:11|3823:12|415:26|433:11|434:14|444:20|445:11|437:2|498:16|519:17|550:17|552:11|553:15|554:5|602:9|605:4|644:12|666:28|712:13|725:11|726:14|738:18|739:11|740:12|743:33|744:23|745:28|754:13|762:16|783:8|797:12|798:11|799:4|800:8|809:14|815:13|818:23|820:16|823:4|827:20|842:12|902:12|904:17|906:13|909:6|913:3|922:7|930:14|931:7|937:16|946:20|954:7|973:13|996:13|3325:19|3326:16|3348:13|3345:16|3354:4|3689:30|3743:12|BLANC:33|B5200:42|ECRU:10|972:14|947:12|703:13|310 - NOIR:46|3688:10|414:10|604:10|822:10|3347:10|938:10,1194,true,PERLE_5B_DMC.webp,95,False,,,,,
PERLE_12B_DMC,Bobine Fil Coton Perle -N°12 - Dmc,Broderie,540,"Coton perlé DMC N°12, pelote - Fil 100% coton mercerisé non divisible, plus fin que le N°5, pour broderie fine et monogrammes",DMC,B5200 | ECRU | 310 - NOIR,non,B5200:11|ECRU:9|310 - NOIR:10,30,true,,1101,False,,,,,
U2365,Cadre Bois Aimante Pour Broderie - 30Cm - Dmc,Broderie,1850,,DMC,,non,,1,true,,99999,False,,,,,
100201,Cadre Broderie Deco - Forme Maison - 3 Tailles,Broderie,4150,,,,non,,2,true,,99999,False,,,,,
100211,Cadre Carre Bois Deco - Broderie 11X11 Cm,Broderie,1520,,,,non,,4,true,100211.jpg,1518,False,,,,,
100212,Cadre Carre Bois Deco - Broderie 14.5X14.5 Cm,Broderie,1710,,,,non,,2,true,100212.jpg,99999,False,,,,,
100210,Cadre Carre Bois Deco - Broderie 7X7Cm,Broderie,1200,,,,non,,2,true,100210.jpg,99999,False,,,,,
133.3598,Caenvas - A L'Oree Du Bois - 50X65Cm - Ed.Margot,Broderie,8500,,,,non,,1,true,133.3598.jpg,99999,False,,,,,
OR2183D,Caneva 15 X 15 - Maison Et Pont - Orchide,Broderie,1000,,,,non,,1,true,,99999,False,,,,,
SE928.376,Caneva Chirurgien Bleu - 30 X 40 Cm - Seg,Broderie,4800,,,,non,,1,true,,99999,False,,,,,
C2311,Caneva Toile - Hellebores - 30X35Cm - Dmc,Broderie,6200,,DMC,,non,,1,true,,99999,False,,,,,
C2209,Caneva Toile - Phare 40X50 Cm - Dmc,Broderie,4250,,DMC,,non,,1,true,,99999,False,,,,,
C2212,Caneva Toile - Toscane - 40X50Cm - Dmc,Broderie,4250,,DMC,,non,,1,true,,99999,False,,,,,
C2303,Caneva Toile - Vase Abstrait 21X30Cm - Dmc,Broderie,3580,,DMC,,non,,1,true,,99999,False,,,,,
MRC1531441,Canevas - 40X50 Cm - Des Dessins Du Tigre,Broderie,6900,,,,non,,1,true,MRC1531441.webp,99999,False,,,,,
134.5183,Canevas - Au Bout Du Monde - 60X70 - Ed.Margot,Broderie,9000,,,,non,,1,true,134.5183.jpg,99999,False,,,,,
153.1452,Canevas - Canotier - Margot - 40X50Cm,Broderie,7300,,,,non,,1,true,153.1452.jpg,99999,False,,,,,
153.1450,Canevas - Haut De Forme - Margot - 40X50Cm,Broderie,7300,,,,non,,1,true,153.1450.jpg,99999,False,,,,,
153.1478,Canevas - Multicolor Paon - 40X50Cm - Ed.Margot,Broderie,6900,,,,non,,1,true,153.1478.jpg,99999,False,,,,,
C2502,Canevas Carpe Koï - 16X22 Cm - Dmc,Broderie,2750,"Canevas DMC ""Carpe Koï"", 16x22cm - Toile imprimée prête à broder",DMC,,non,,2,true,,99999,False,,,,,
622.75,Canevas Chat - 25X60Cm - Margot,Broderie,5100,,,,non,,1,true,,99999,False,,,,,
SE928.392,Canevas Colibri -N21 - 30X40Cm - Seg,Broderie,4800,,,,non,,1,true,,99999,False,,,,,
C2503,Canevas Lepoard - 24X30 Cm - Ss Fils - Dmc,Broderie,2850,"Canevas DMC ""Léopard"", 24x30cm, sans fils - Toile imprimée prête à broder (fils non inclus)",DMC,,non,,1,true,,1049,False,,,,,
C2205,Canevas New York - Ss Fils - 30 X 42Cm - Dmc,Broderie,5420,"Canevas DMC ""New York"", 30x42cm, sans fils - Toile imprimée prête à broder (fils non inclus)",DMC,,non,,1,true,,99999,False,,,,,
C2508,Canevas Paris - Ss Fils - 30X 41.3 Cm - Dmc,Broderie,5420,"Canevas DMC ""Paris"", 30x41,3cm, sans fils - Toile imprimée prête à broder (fils non inclus)",DMC,,non,,2,true,,99999,False,,,,,
C2501,Canevas Perroquet - 16 X 21.5Cm - Dmc,Broderie,2750,"Canevas DMC ""Perroquet"", 16x21,5cm - Toile imprimée prête à broder",DMC,,non,,1,true,,1081,False,,,,,
133.3592,Canevas Pop Dog - 50X650Cm - Ed.Margot,Broderie,8500,,,,non,,1,true,133.3592.jpg,99999,False,,,,,
C2208,Canevas Rio - Ss Fils - 30 X 42 Cm - Dmc,Broderie,5420,"Canevas DMC ""Rio"", 30x42cm, sans fils - Toile imprimée prête à broder (fils non inclus)",DMC,,non,,1,true,,99999,False,,,,,
SE929.570,Canevas Silouhette De Klimt - 45 X60 Cm - Seg,Broderie,8500,,,,non,,1,true,SE929.570.jpg,99999,False,,,,,
6101_12,Cartonettes Pour Fils A Broder X56 - Dmc,Broderie,550,Lot de 56 cartonnettes DMC pour ranger et identifier les fils à broder par numéro de coloris,DMC,,non,,12,true,,99999,False,,,,,
C2305,Cavena Toile - Vegetal Abstrait - 21X30Cm - Dmc,Broderie,3580,,DMC,,non,,1,true,,99999,False,,,,,
98651,Cercle/Tambour Broderie 16Cm,Broderie,1050,,,,non,,2,true,,254,False,,,,,
2171129,"Cercles A Broder X 3 + Pied - Milward - (15,2, 20,3 Et 25,4 Cm),",Broderie,8020,"Lot de 3 tambours à broder Milward + pied support, 15,2/20,3/25,4cm - Marque britannique de mercerie depuis 1730",,,non,,1,true,,99999,False,,,,,
TTR_TRIMITS,Chemin De Table A Broder - Trimits 40 X 100Cm,Broderie,3850,,,TTR003 - ROSE | TTR006 - FRAISE,non,TTR003 - ROSE:1|TTR006 - FRAISE:1,2,true,TTR_TRIMITS.webp,816,False,,,,,
H2096,Coupon Sashiko - Bleu - Mt Fuji - 33X33 Cm,Broderie,1750,,,,non,,3,true,,99999,False,,,,,
H1094,Coupons - Sashiko - 34 X34Cm - Blanc Vague,Broderie,1350,,,,non,,2,true,,1603,False,,,,,
BRO_53,Creative Magie,Broderie,0,,,,non,,5,true,,99999,False,,,,,
BRO_40,Doudou Otarie,Broderie,2000,,,,non,,1,true,,99999,False,,,,,
BRO_38,Doudou Poisson,Broderie,2000,,,,non,,1,true,,99999,False,,,,,
510107,Doudou Range Pyjamas,Broderie,2500,,,,non,,2,true,,99999,False,,,,,
MOULINE_METAL_DMC,Echeveau Fil Mouliné Metalisé/ Irise - 8 M Dmc,Broderie,520,"Fil mouliné métallisé/irisé DMC, échevette 8m, effet scintillant pour rehauts brillants en broderie",DMC,E310 - NOIR | E168 -ARGENT CLAIR | E898 - BRONZE | E5200 -BLANC | E3747 - BLEU IRISE | E211 - MAUVE IRSIE | E966 - VERT IRISE | E980 -FLUO JAUNE | E990 -FLUO VERT | E940 - BLANC | E3821 - OR | E3849 - EMERAUDE | E3852 - OR | E321 - ROUGE | E677 - DORE CLAIR | E747 - AZUR | E825 - BLEU,oui,E310 - NOIR:5|E168 -ARGENT CLAIR:6|E898 - BRONZE:5|E5200 -BLANC:2|E3747 - BLEU IRISE:5|E211 - MAUVE IRSIE:4|E966 - VERT IRISE:4|E980 -FLUO JAUNE:4|E990 -FLUO VERT:4|E940 - BLANC:8|E3821 - OR:3|E3849 - EMERAUDE:1|E3852 - OR:4|E321 - ROUGE:3|E677 - DORE CLAIR:3|E747 - AZUR:6|E825 - BLEU:4,71,true,MOULINE_METAL_DMC.jpg,196,False,,,,,
MOULINE_ETOILE_DMC,Echevette Mouline Etoile - 8M - Dmc,Broderie,550,"Fil mouliné Étoile DMC : 73% coton / 27% polyamide métallique, échevette 8m, 6 brins séparables, effet scintillant discret",DMC,BLEU - C820 | JAUNE  - C444 | NOIR  - C310 | CUIVRE - C436 | GRIS  - C3799 | ROUGE - C666 | MOUTARDE - C725 | OR - C738 | NUIT  - C823 | BLANC | ECRU,non,BLEU - C820:6|JAUNE  - C444:5|NOIR  - C310:5|CUIVRE - C436:6|GRIS  - C3799:5|ROUGE - C666:5|MOUTARDE - C725:6|OR - C738:3|NUIT  - C823:6|BLANC:2|ECRU:4,53,true,,99999,False,,,,,
HN121,Entoilage Broderie Soluble A Coudre - 40G/M² - 90 Cm,Broderie,700,,,,non,,25,true,,99999,False,,,,,
FC0003,Feuille Cbm Magic Paper A4,Broderie,1520,,,,non,,5,true,,99999,False,,,,,
PERLE_5E_DMC,Fil Coton Perlé Dmc - Echeveaux - N°5,Broderie,350,"Coton perlé DMC N°5, échevette 25m (5g) - Fil 100% coton mercerisé non divisible, torsadé et brillant, idéal broderie décorative/Hardanger",DMC,048 | 051 | 052 | 053 | 061 | 090 | 091 | 092 | 093 | 099 | 107 | 114 | 115 | 121 | 122 | 221 | 223 | 224 | 225 | 300 | 301 | 304 | 307 | 309 | 316 | 320 | 315 | 321 | 327 | 333 | 336 | 340 | 341 | 349 | 351 | 352 | 353 | 355 | 356 | 367 | 369 | 400 | 402 | 407 | 414 | 415 | 420 | 422 | 435 | 436 | 451 | 453 | 470 | 472 | 471 | 498 | 500 | 501 | 502 | 503 | 518 | 519 | 524 | 543 | 554 | 598 | 597 | 600 | 601 | 603 | 606 | 608 | 610 | 613 | 612 | 645 | 647 | 646 | 666 | 676 | 677 | 680 | 700 | 702 | 704 | 712 | 718 | 725 | 726 | 729 | 731 | 732 | 733 | 734 | 738 | 739 | 740 | 741 | 648 | 742 | 746 | 758 | 760 | 762 | 778 | 780 | 782 | 791 | 792 | 793 | 794 | 797 | 799 | 807 | 809 | 813 | 814 | 815 | 816 | 817 | 818 | 820 | 822 | 823 | 824 | 825 | 826 | 827 | 828 | 829 | 830 | 831 | 832 | 833 | 834 | 841 | 842 | 869 | 890 | 891 | 894 | 895 | 900 | 905 | 909 | 910 | 912 | 920 | 921 | 924 | 927 | 928 | 930 | 931 | 932 | 934 | 935 | 936 | 938 | 939 | 943 | 945 | 950 | 951 | 955 | 956 | 971 | 972 | 973 | 975 | 986 | 989 | 991 | 992 | 993 | 995 | 996 | 3011 | 3012 | 3013 | 3021 | 3024 | 3033 | 3041 | 3042 | 3045 | 3046 | 3047 | 3051 | 3052 | 3053 | 3078 | 3348 | 3371 | 3687 | 3688 | 3689 | 3731 | 3801 | 3814 | 3823 | ECRU | B5200 | BLANC | 310 - NOIR | 3325 | 3326 | 3328 | 3345 | 3346 | 3347 | 730 | 437 | 913 | 3354,oui,048:16|051:31|052:29|053:12|061:13|090:32|091:1|092:18|093:15|099:12|107:10|114:11|115:26|121:15|122:5|221:20|223:14|224:4|225:17|300:10|301:19|304:12|307:8|309:15|316:32|320:12|315:14|321:1|327:11|333:12|336:10|340:118|341:10|349:9|351:21|352:13|353:32|355:18|356:17|367:80|369:19|400:22|402:13|407:18|414:7|415:2|420:19|422:6|435:7|436:19|451:12|453:11|470:20|472:22|471:22|498:32|500:13|501:6|502:16|503:11|518:20|519:11|524:28|543:11|554:14|598:19|597:3|600:11|601:22|603:11|606:13|608:19|610:18|613:15|612:19|645:13|647:18|646:30|666:8|676:20|677:13|680:19|700:6|702:10|704:13|712:4|718:5|725:12|726:8|729:18|731:3|732:9|733:10|734:15|738:3|739:1|740:12|741:12|648:14|742:4|746:14|758:18|760:14|762:9|778:20|780:17|782:5|791:12|792:24|793:15|794:37|797:9|799:17|807:7|809:18|813:24|814:19|815:16|816:9|817:15|818:11|820:28|822:7|823:19|824:13|825:24|826:13|827:2|828:20|829:15|830:40|831:30|832:22|833:23|834:30|841:12|842:6|869:12|890:11|891:9|894:14|895:78|900:19|905:18|909:1|910:20|912:17|920:13|921:13|924:18|927:17|928:10|930:15|931:16|932:12|934:20|935:14|936:21|938:5|939:16|943:14|945:13|950:14|951:14|955:9|956:16|971:24|972:3|973:14|975:11|986:16|989:10|991:6|992:11|993:18|995:3|996:7|3011:19|3012:17|3013:21|3021:4|3024:17|3033:17|3041:7|3042:8|3045:19|3046:9|3047:18|3051:20|3052:18|3053:22|3078:19|3348:16|3371:10|3687:10|3688:3|3689:4|3731:17|3801:11|3814:14|3823:15|ECRU:27|B5200:13|BLANC:25|310 - NOIR:30|3325:16|3326:9|3328:10|3345:7|3346:22|3347:8|730:13|437:12|913:12|3354:12,3363,true,PERLE_5E_DMC.jpg,67,False,,,,,
PERLE_METALISE_DMC,Fil Coton Perlé Métal Dmc - Echeveaux - N°5,Broderie,880,"Coton perlé métallisé DMC N°5, échevette 25m - Fil métallisé polyester/viscose non divisible, chatoyant",DMC,Argent - 5283 | OR -5282,oui,Argent - 5283:6|OR -5282:9,15,true,PERLE_METALISE_DMC.jpg,386,False,,,,,
MOULINE_DMC,Fil Mouline - Dmc,Broderie,200,"Fil mouliné Spécial DMC : 100% coton longues fibres, échevette 8m, 6 brins séparables, double mercerisé, grand teint - Référence mondiale du point de croix",DMC,01 | 03 | 05 | 06 | 3866 | BLANC | B5200 | ECRU | 310 - NOIR | 48 | 92 | 99 | 105 | 107 | 111 | 114 | 115 | 116 | 121 | 124 | 125 | 53 | 3865 | 150 | 151 | 152 | 153 | 154 | 155 | 156 | 157 | 10 | 11 | 15 | 23 | 24 | 27 | 52 | 158 | 159 | 160 | 161 | 162 | 163 | 164 | 165 | 166 | 168 | 169 | 167 | 208 | 209 | 210 | 211 | 223 | 221 | 224 | 225 | 300 | 301 | 304 | 307 | 309 | 311 | 312 | 315 | 316 | 317 | 318 | 320 | 321 | 322 | 326 | 327 | 333 | 334 | 335 | 336 | 340 | 341 | 347 | 349 | 350 | 351 | 352 | 353 | 355 | 356 | 367 | 368 | 369 | 370 | 371 | 372 | 400 | 402 | 407 | 413 | 414 | 415 | 420 | 422 | 433 | 435 | 434 | 436 | 437 | 444 | 445 | 451 | 452 | 453 | 469 | 470 | 471 | 472 | 498 | 500 | 501 | 502 | 503 | 505 | 517 | 518 | 519 | 520 | 522 | 523 | 524 | 535 | 543 | 550 | 552 | 553 | 554 | 561 | 562 | 563 | 564 | 580 | 581 | 597 | 598 | 600 | 601 | 602 | 603 | 604 | 605 | 606 | 608 | 610 | 611 | 612 | 613 | 632 | 640 | 642 | 644 | 645 | 646 | 647 | 648 | 666 | 676 | 677 | 680 | 700 | 701 | 702 | 703 | 704 | 712 | 718 | 720 | 721 | 722 | 725 | 726 | 727 | 728 | 729 | 730 | 733 | 734 | 738 | 739 | 740 | 741 | 742 | 743 | 744 | 745 | 746 | 747 | 754 | 758 | 760 | 761 | 762 | 772 | 775 | 776 | 815 | 778 | 777 | 779 | 780 | 781 | 782 | 783 | 791 | 792 | 793 | 794 | 796 | 797 | 798 | 799 | 800 | 801 | 803 | 807 | 809 | 813 | 814 | 818 | 820 | 822 | 823 | 824 | 825 | 826 | 827 | 828 | 829 | 832 | 833 | 834 | 838 | 839 | 841 | 842 | 844 | 869 | 890 | 891 | 892 | 893 | 894 | 895 | 898 | 900 | 899 | 902 | 904 | 905 | 906 | 907 | 909 | 910 | 911 | 913 | 915 | 917 | 918 | 919 | 920 | 921 | 922 | 926 | 927 | 928 | 930 | 931 | 932 | 934 | 935 | 936 | 939 | 943 | 945 | 946 | 947 | 948 | 950 | 954 | 951 | 955 | 956 | 957 | 958 | 959 | 961 | 962 | 963 | 964 | 966 | 967 | 970 | 972 | 973 | 975 | 976 | 977 | 986 | 987 | 989 | 988 | 991 | 992 | 993 | 995 | 996 | 3011 | 3012 | 3013 | 3021 | 3022 | 3023 | 3024 | 3031 | 3032 | 3033 | 3041 | 3042 | 3045 | 3046 | 3047 | 3051 | 3052 | 3053 | 3072 | 3078 | 3325 | 3326 | 3328 | 3340 | 3341 | 3345 | 3346 | 3347 | 3348 | 3350 | 3354 | 3362 | 3363 | 3364 | 3371 | 3607 | 3608 | 3609 | 3685 | 3687 | 3688 | 3689 | 3705 | 3706 | 3708 | 3712 | 3713 | 3716 | 3721 | 3722 | 3726 | 3727 | 3731 | 3733 | 3740 | 3743 | 3746 | 3747 | 3750 | 3752 | 3753 | 3755 | 3756 | 3760 | 3761 | 3765 | 3766 | 3768 | 3770 | 3771 | 3772 | 3773 | 3774 | 3776 | 3777 | 3778 | 3779 | 3781 | 3782 | 3787 | 3790 | 3799 | 3801 | 3802 | 3803 | 3804 | 3806 | 3805 | 3807 | 3808 | 3809 | 3810 | 3811 | 3812 | 3813 | 3814 | 3815 | 3816 | 3817 | 3819 | 3820 | 3821 | 3822 | 3823 | 3824 | 3825 | 3826 | 3827 | 3828 | 3829 | 3830 | 3831 | 3832 | 3833 | 3834 | 3835 | 3836 | 3838 | 3839 | 3840 | 3818 | 3843 | 3844 | 3841 | 3842 | 3845 | 3846 | 3847 | 3848 | 3849 | 3850 | 3851 | 3852 | 3853 | 3854 | 3855 | 3856 | 3857 | 3858 | 3859 | 3860 | 3861 | 3862 | 3863 | 3864,non,01:23|03:23|05:24|06:23|3866:13|BLANC:39|B5200:20|ECRU:57|310 - NOIR:39|48:5|92:9|99:11|105:55|107:1|111:21|114:13|115:8|116:6|121:9|124:8|125:2|53:22|3865:12|150:6|151:13|152:14|153:13|154:21|155:13|156:15|157:20|10:11|11:12|15:12|23:12|24:12|27:11|52:7|158:9|159:16|160:33|161:26|162:11|163:8|164:15|165:17|166:19|168:12|169:15|167:14|208:6|209:19|210:44|211:38|223:6|221:9|224:7|225:11|300:2|301:21|304:22|307:12|309:11|311:32|312:14|315:8|316:5|317:13|318:14|320:20|321:2|322:19|326:25|327:14|333:14|334:34|335:19|336:14|340:10|341:18|347:7|349:6|350:7|351:9|352:64|353:26|355:18|356:13|367:34|368:23|369:14|370:31|371:12|372:35|400:9|402:15|407:13|413:35|414:5|415:16|420:16|422:32|433:10|435:7|434:15|436:6|437:33|444:11|445:11|451:8|452:14|453:41|469:11|470:10|471:5|472:8|498:12|500:11|501:13|502:12|503:15|505:7|517:18|518:9|519:24|520:46|522:34|523:29|524:27|535:12|543:6|550:8|552:6|553:10|554:31|561:9|562:12|563:34|564:22|580:9|581:6|597:6|598:6|600:16|601:12|602:27|603:15|604:5|605:63|606:9|608:26|610:7|611:16|612:24|613:16|632:9|640:17|642:13|644:22|645:17|646:16|647:10|648:70|666:323|676:14|677:1|680:5|700:8|701:95|702:59|703:23|704:21|712:12|718:40|720:15|721:11|722:11|725:13|726:5|727:9|728:5|729:9|730:9|733:10|734:42|738:11|739:13|740:25|741:7|742:15|743:60|744:43|745:18|746:8|747:17|754:32|758:7|760:8|761:17|762:8|772:12|775:8|776:53|815:5|778:20|777:10|779:16|780:44|781:42|782:13|783:12|791:9|792:12|793:7|794:6|796:5|797:16|798:50|799:33|800:6|801:13|803:10|807:13|809:12|813:5|814:5|818:6|820:16|822:22|823:19|824:45|825:18|826:17|827:8|828:43|829:36|832:14|833:8|834:8|838:11|839:13|841:9|842:23|844:14|869:35|890:36|891:4|892:5|893:24|894:12|895:7|898:11|900:27|899:13|902:7|904:5|905:14|906:16|907:17|909:6|910:27|911:52|913:7|915:9|917:14|918:4|919:20|920:28|921:29|922:24|926:20|927:23|928:16|930:13|931:8|932:7|934:12|935:6|936:27|939:18|943:20|945:22|946:26|947:8|948:7|950:14|954:14|951:1|955:30|956:8|957:10|958:10|959:7|961:17|962:22|963:13|964:7|966:30|967:13|970:41|972:15|973:10|975:6|976:10|977:17|986:16|987:6|989:31|988:1|991:7|992:27|993:41|995:19|996:55|3011:17|3012:18|3013:14|3021:13|3022:17|3023:17|3024:9|3031:17|3032:11|3033:12|3041:18|3042:17|3045:14|3046:31|3047:25|3051:6|3052:14|3053:17|3072:18|3078:13|3325:13|3326:32|3328:10|3340:10|3341:15|3345:10|3346:10|3347:8|3348:5|3350:15|3354:31|3362:12|3363:16|3364:14|3371:14|3607:10|3608:21|3609:10|3685:6|3687:7|3688:25|3689:16|3705:18|3706:8|3708:9|3712:11|3713:11|3716:16|3721:15|3722:24|3726:12|3727:7|3731:19|3733:17|3740:16|3743:14|3746:9|3747:7|3750:18|3752:12|3753:16|3755:10|3756:11|3760:37|3761:2|3765:9|3766:9|3768:14|3770:16|3771:33|3772:17|3773:38|3774:10|3776:22|3777:7|3778:12|3779:39|3781:16|3782:4|3787:20|3790:10|3799:12|3801:7|3802:17|3803:12|3804:10|3806:16|3805:27|3807:19|3808:16|3809:10|3810:19|3811:32|3812:9|3813:14|3814:19|3815:25|3816:29|3817:33|3819:15|3820:7|3821:13|3822:10|3823:23|3824:18|3825:15|3826:5|3827:18|3828:20|3829:19|3830:13|3831:8|3832:16|3833:20|3834:14|3835:20|3836:20|3838:19|3839:13|3840:12|3818:14|3843:15|3844:17|3841:12|3842:6|3845:6|3846:14|3847:9|3848:14|3849:11|3850:9|3851:28|3852:10|3853:13|3854:12|3855:11|3856:25|3857:33|3858:34|3859:18|3860:17|3861:25|3862:17|3863:6|3864:12,8022,true,MOULINE_DMC.webp,23,False,,,,,
MOULINE_COLORI_DMC,Fil Mouline Coloris - Dmc,Broderie,480,"Fil mouliné Spécial DMC coloris (dégradé multicolore sur une même échevette), 100% coton, 8m, 6 brins séparables",DMC,4517 | 4506 | 4520 | 4507 | 4508,non,4517:4|4506:3|4520:1|4507:1|4508:4,13,true,,469,False,,,,,
MOULINE_VARIATION,Fil Mouliné Variation - Dmc,Broderie,310,"Fil mouliné DMC Color Variations : 100% coton, 8m, 6 brins séparables, dégradé progressif sur l'échevette pour effets d'ombré",DMC,4010 | 4015 | 4025 | 4045 | 4050 | 4060 | 4065 | 4070 | 4080 | 4090 | 4126 | 4130 | 4140 | 4145 | 4170 | 4190 | 4230,non,4010:1|4015:4|4025:4|4045:5|4050:5|4060:8|4065:6|4070:5|4080:1|4090:1|4126:1|4130:1|4140:3|4145:6|4170:1|4190:1|4230:8,61,true,,626,False,,,,,
RETORS_DMC,Fil Retors Mat - Dmc,Broderie,200,"Fil Retors Mat DMC : fil retors 100% coton à finition mate (non mercerisé), pour broderie traditionnelle et point de croix sur lin",DMC,2012 | 2013 | 2051 | 2101 | 2102 | 2104 | 2105 | 2106 | 2107 | 2108 | 2109 | 2110 | 2111 | 2112 | 2113 | 2114 | 2115 | 2116 | 2117 | 2118 | 2119 | 2120 | 2122 | 2123 | 2124 | 2125 | 2126 | 2127 | 2128 | 2129 | 2130 | 2131 | 2132 | 2133 | 2134 | 2135 | 2136 | 2137 | 2138 | 2139 | 2140 | 2142 | 2143 | 2144 | 2145 | 2146 | 2147 | 2148 | 2149 | 2150 | 2151 | 2152 | 2153 | 2154 | 2155 | 2156 | 2157 | 2158 | 2159 | 2160 | 2161 | 2162 | 2163 | 2164 | 2165 | 2166 | 2167 | 2168 | 2169 | 2170 | 2171 | 2172 | 2209 | 2211 | 2218 | 2221 | 2222 | 2223 | 2227 | 2229 | 2231 | 2233 | 2237 | 2238 | 2241 | 2299 | 2302 | 2303 | 2304 | 2306 | 2307 | 2309 | 2315 | 2316 | 2318 | 2319 | 2320 | 2326 | 2327 | 2328 | 2329 | 2336 | 2346 | 2347 | 2349 | 2350 | 2351 | 2352 | 2353 | 2354 | 2356 | 2357 | 2360 | 2369 | 2371 | 2373 | 2375 | 2392 | 2393 | 2394 | 2395 | 2396 | 2398 | 2400 | 2405 | 2407 | 2413 | 2414 | 2415 | 2421 | 2424 | 2433 | 2434 | 2436 | 2444 | 2446 | 2468 | 2469 | 2471 | 2472 | 2495 | 2497 | 2499 | 2500 | 2502 | 2504 | 2511 | 2522 | 2524 | 2531 | 2532 | 2543 | 2561 | 2562 | 2563 | 2564 | 2570 | 2572 | 2574 | 2575 | 2579 | 2580 | 2590 | 2592 | 2594 | 2595 | 2597 | 2599 | 2609 | 2610 | 2611 | 2613 | 2632 | 2640 | 2642 | 2644 | 2647 | 2648 | 2666 | 2673 | 2715 | 2718 | 2719 | 2725 | 2727 | 2730 | 2732 | 2734 | 2738 | 2739 | 2740 | 2741 | 2742 | 2743 | 2746 | 2753 | 2758 | 2759 | 2760 | 2765 | 2766 | 2767 | 2776 | 2778 | 2782 | 2783 | 2788 | 2791 | 2798 | 2799 | 2800 | 2801 | 2807 | 2815 | 2818 | 2820 | 2823 | 2824 | 2825 | 2826 | 2827 | 2828 | 2829 | 2830 | 2831 | 2832 | 2833 | 2836 | 2840 | 2841 | 2842 | 2856 | 2885 | 2890 | 2892 | 2898 | 2899 | 2900 | 2902 | 2905 | 2906 | 2907 | 2909 | 2911 | 2912 | 2916 | 2918 | 2919 | 2921 | 2922 | 2923 | 2924 | 2928 | 2926 | 2930 | 2931 | 2932 | 2933 | 2936 | 2937 | 2938 | 2946 | 2947 | 2948 | 2950 | 2952 | 2954 | 2956 | 2957 | 2986 | 2987 | 2995 | 2996 | 2020 | 2030 | blanc | ecru | noir - 2310 | 2025 | 2121 | 2039 | 2040 | 2103 | 2726 | 2745 | 2929 | 2021 | 2022 | 2023 | 2024 | 2026 | 2027 | 2028 | 2029 | 2031 | 2032 | 2033 | 2034 | 2035 | 2036 | 2037 | 2038 | 2041 | 2042 | 2141 | 2839,non,2012:39|2013:13|2051:34|2101:32|2102:28|2104:8|2105:11|2106:18|2107:13|2108:18|2109:11|2110:15|2111:24|2112:6|2113:26|2114:8|2115:8|2116:16|2117:14|2118:16|2119:14|2120:39|2122:12|2123:15|2124:39|2125:17|2126:20|2127:20|2128:9|2129:19|2130:16|2131:11|2132:16|2133:14|2134:21|2135:27|2136:23|2137:38|2138:56|2139:16|2140:35|2142:23|2143:31|2144:16|2145:23|2146:86|2147:81|2148:45|2149:43|2150:19|2151:13|2152:22|2153:13|2154:15|2155:13|2156:15|2157:12|2158:16|2159:10|2160:38|2161:47|2162:34|2163:50|2164:18|2165:20|2166:12|2167:9|2168:33|2169:15|2170:28|2171:1|2172:17|2209:9|2211:8|2218:13|2221:28|2222:24|2223:21|2227:20|2229:11|2231:35|2233:17|2237:20|2238:19|2241:23|2299:24|2302:25|2303:27|2304:14|2306:14|2307:10|2309:19|2315:41|2316:58|2318:10|2319:9|2320:21|2326:37|2327:11|2328:12|2329:32|2336:10|2346:10|2347:37|2349:8|2350:25|2351:21|2352:47|2353:17|2354:20|2356:23|2357:26|2360:17|2369:11|2371:5|2373:9|2375:28|2392:41|2393:39|2394:18|2395:21|2396:20|2398:30|2400:18|2405:22|2407:14|2413:25|2414:7|2415:14|2421:24|2424:51|2433:11|2434:14|2436:7|2444:27|2446:10|2468:13|2469:20|2471:16|2472:12|2495:42|2497:29|2499:17|2500:4|2502:19|2504:12|2511:7|2522:19|2524:17|2531:22|2532:17|2543:18|2561:26|2562:23|2563:56|2564:19|2570:16|2572:6|2574:20|2575:20|2579:11|2580:30|2590:12|2592:14|2594:18|2595:17|2597:19|2599:11|2609:27|2610:18|2611:11|2613:12|2632:21|2640:9|2642:11|2644:16|2647:11|2648:14|2666:21|2673:26|2715:14|2718:11|2719:18|2725:18|2727:4|2730:20|2732:37|2734:19|2738:12|2739:27|2740:9|2741:14|2742:14|2743:10|2746:18|2753:11|2758:16|2759:20|2760:35|2765:13|2766:13|2767:19|2776:8|2778:13|2782:10|2783:19|2788:14|2791:20|2798:15|2799:11|2800:24|2801:11|2807:10|2815:19|2818:11|2820:14|2823:16|2824:27|2825:11|2826:8|2827:11|2828:7|2829:25|2830:26|2831:33|2832:11|2833:12|2836:9|2840:12|2841:16|2842:42|2856:20|2885:96|2890:15|2892:31|2898:10|2899:14|2900:18|2902:2|2905:10|2906:20|2907:9|2909:11|2911:12|2912:42|2916:40|2918:25|2919:20|2921:16|2922:9|2923:13|2924:14|2928:8|2926:12|2930:17|2931:17|2932:16|2933:15|2936:20|2937:20|2938:17|2946:15|2947:16|2948:8|2950:13|2952:17|2954:19|2956:11|2957:10|2986:12|2987:24|2995:15|2996:17|2020:24|2030:11|blanc:25|ecru:37|noir - 2310:29|2025:22|2121:18|2039:10|2040:10|2103:2|2726:11|2745:3|2929:11|2021:11|2022:9|2023:12|2024:12|2026:11|2027:12|2028:12|2029:12|2031:12|2032:8|2033:12|2034:12|2035:11|2036:12|2037:11|2038:11|2041:11|2042:11|2141:11|2839:2,5822,true,RETORS_DMC.webp,36,False,,,,,
SASH40L,Fil Sashiko Lame - 40M - 4% Polyester,Broderie,800,,,SL2 - OR | SL1 - BLANC ARGENT | SL11 - BLANC OPTIQUE | SL3 - ARGENT,non,SL2 - OR:4|SL1 - BLANC ARGENT:6|SL11 - BLANC OPTIQUE:5|SL3 - ARGENT:6,21,true,,1199,False,,,,,
SASH100M,Fil Sashiko Multicolor - 100M,Broderie,1600,,,,non,,5,true,,1491,False,,,,,
SASH20M,Fil Sashiko Multicolor - 20M,Broderie,520,,,,non,,10,true,,2231,False,,,,,
SASH20,Fil Sashiko Uni - 20 M,Broderie,430,,,,non,,59,true,,1143,False,,,,,
SASH100,Fil Sashiko Uni 100M,Broderie,1300,,,,non,,7,true,,812,False,,,,,
TH.BH30,Film Hydrosoluble Broderie Machine 80 X 100Cm - Distrifil,Broderie,1640,,,,non,,5,true,,99999,False,,,,,
K_0079,Frech Kit - Broderie - Radio,Broderie,2700,,,,non,,1,true,,99999,False,,,,,
K_0073,French Kit - Broderie - Arc En Ciel,Broderie,2700,,,,non,,1,true,,99999,False,,,,,
K_0060,French Kit - Broderie Deco - La Mere,Broderie,2700,,,,non,,1,true,,99999,False,,,,,
K_0056,French Kit - Broderie Deco -Fashion Victime,Broderie,2700,,,,non,,1,true,,99999,False,,,,,
ERS.006,"Gabarit ""Sashiko "" - 10.2X10.2 Cm - Asa No Ha X6",Broderie,2150,,,,non,,2,true,,99999,False,,,,,
ERS.007,Gabarit Sashiko - Regle De Bordure,Broderie,2080,,,,non,,1,true,,1283,False,,,,,
BK1843,Kit 1/2 Point - Dragon - Dmc,Broderie,1580,,DMC,,non,,2,true,,1499,False,,,,,
BK1896,Kit 1/2 Point - Perroquet - Ac Tambour - Enfant - Dmc,Broderie,1600,"Kit d'initiation à la broderie 1/2 point DMC ""Perroquet"" avec tambour, spécial enfant - contient tambour, toile, fils et grille explicative simplifiée",DMC,,non,,1,true,,1490,False,,,,,
KIT117_PRIM,Kit 12 Echevaux Mouline - Primaire - Dmc,Broderie,1500,"Assortiment de 12 échevettes de fil mouliné DMC, coloris ""Primaire"" (couleurs vives)",DMC,,non,,17,true,,381,False,,,,,
KIT117_PAST,Kit 12 Echevaux Mouline -Pastel - Dmc,Broderie,1500,"Assortiment de 12 échevettes de fil mouliné DMC, coloris ""Pastel""",DMC,,non,,12,true,,380,False,,,,,
TB248,Kit à Broder - Tulipes Romantiques - Ac Tambour - Dmc,Broderie,3050,"Kit à broder avec tambour 
Le kit comporte fils, aiguilles, tambour, toile avec le dessin et les instructions. 
taille fini : 15 x 13.5 cm 
niveau difficulté 2/4 ",DMC,,non,,2,true,TB248.jpg,99999,False,,,,,
KSW,Kit A Broder Sashiko - 14X 20Cm - Tulip,Broderie,3520,,,,non,,4,true,,443,False,,,,,
KSW_FR,Kit A Broder Sashiko - France - Tulip,Broderie,3150,,,,non,,2,true,,99999,False,,,,,
ANC108,Kit Abc Bananier,Broderie,5900,,,,non,,1,true,,99999,False,,,,,
ANC105,Kit Abc Danseurs,Broderie,4900,,,,non,,1,true,,99999,False,,,,,
ANC101,Kit Abc Des Villes,Broderie,4900,,,,non,,3,true,,99999,False,,,,,
FNC607,Kit Abc Hibiscus,Broderie,5500,,,,non,,1,true,,99999,False,,,,,
ANC106,Kit Abc Joueuses De Cricket,Broderie,4900,,,,non,,2,true,,99999,False,,,,,
ANC109,Kit Abc Lagon,Broderie,5900,,,,non,,1,true,,99999,False,,,,,
ANC107,Kit Abc Les Pecheurs,Broderie,4900,,,,non,,2,true,,99999,False,,,,,
7775,Kit Broderie - 20 X 20 Cn - Jardin Tropical,Broderie,5600,,,,non,,1,true,,99999,False,,,,,
TB252L,Kit Broderie - Ananas - Ac Tambour - Dmc,Broderie,1500,,DMC,,non,,6,true,,99999,False,,,,,
TB233,Kit Broderie - Brassee De Fleurs - Dmc - Ac Tambour 14.5Cm,Broderie,3050,,DMC,,non,,1,true,,995,False,,,,,
TB195,Kit Broderie - Champs Tournesols - Dmc,Broderie,2900,"Kit de broderie DMC ""Champs de tournesols"" - contient toile, fils mouliné, aiguille et modèle à broder",DMC,,non,,2,true,,99999,False,,,,,
TB251L,Kit Broderie - Citrons - Ac Tambour - Dmc,Broderie,1500,,DMC,,non,,6,true,,99999,False,,,,,
TB249,Kit de Broderie - Coquelicots Romantiques - Ac Tambour - DMC,Broderie,3050,"Kit à broder avec tambour 
Le kit comporte fils, aiguilles, tambour, toile avec le dessin et les instructions. 
taille fini : 15.8  x 13.8 cm 
niveau difficulté 2/4 ",DMC,,non,,2,true,TB249.jpg,99999,True,,,,,
TB198,Kit Broderie - Dahlias - Dmc - Ac Tambour 14.5 Cm,Broderie,2900,,DMC,,non,,1,true,,1033,False,,,,,
FC210,Kit Broderie - Etoiles - Magic Paper - Dmc,Broderie,1050,"Kit de broderie DMC ""Étoiles"" technique Magic Paper (papier soluble à broder) - contient papier Magic Paper, fils mouliné, aiguille et modèle",DMC,,non,,1,true,,99999,False,,,,,
TB253L,Kit Broderie - Grenade - Ac Tambour - Dmc,Broderie,1500,,DMC,,non,,4,true,,1009,False,,,,,
TB234,Kit Broderie - Jardin D'Hiver - Ac Tambour 14.5Cm - Dmc,Broderie,3050,,DMC,,non,,2,true,,99999,False,,,,,
TB250L,Kit Broderie - Oranges - Dmc,Broderie,1500,,DMC,,non,,6,true,,99999,False,,,,,
TB193,Kit Broderie - Paysage Hivernal - Ac Tambour - 18.5Cm,Broderie,3550,,,,non,,1,true,,99999,False,,,,,
TB192,Kit Broderie - Paysage Printemps - Ac Tambour - 18.5 Cm,Broderie,3550,,,,non,,1,true,,862,False,,,,,
TB194,Kit Broderie - Pluie Oceane - Dmc,Broderie,2900,"Kit de broderie DMC ""Pluie Océane"" - contient toile, fils mouliné, aiguille et modèle à broder",DMC,,non,,1,true,,99999,False,,,,,
TB202,Kit Broderie - Portrait Et Coquelicot - Dmc 17X28Cm,Broderie,2900,"Kit de broderie DMC ""Portrait et Coquelicot"", 17x28cm - contient toile, fils mouliné, aiguille et modèle à broder",DMC,,non,,1,true,,551,False,,,,,
TB201,Kit Broderie - Portrait Et Liseron - 18X 28 Cm,Broderie,2900,,,,non,,1,true,,99999,False,,,,,
TB200,Kit Broderie - Renoncules - Ac Tambour 14.5Cm,Broderie,3050,,,,non,,2,true,,99999,False,,,,,
TAM15,Kit Broderie - Tarma Ny - Ø21Cm,Broderie,3520,,,013 - LOVE STORY | 036 - WINTER QUEEN | 042 - LOVE BIRD | 065 - LITTLE SWIMMER | 066 - SAILING UPSTREAM,oui,013 - LOVE STORY:2|036 - WINTER QUEEN:1|042 - LOVE BIRD:1|065 - LITTLE SWIMMER:2|066 - SAILING UPSTREAM:2,8,true,TAM15.webp,864,False,,,,,
TB232,Kit Broderie Coiffure Florale - Ac Tambour -,Broderie,2950,,,,non,,2,true,,99999,False,,,,,
TB177,Kit Broderie Duo - Coquelicot - Dmc,Broderie,3400,"Kit de broderie duo DMC ""Coquelicot"" - 2 modèles, contient toile, fils mouliné, aiguilles et modèles à broder",DMC,,non,,2,true,,99999,False,,,,,
TB161,Kit Broderie Duo - Fleurs Aquatiques - Dmc,Broderie,2950,,DMC,,non,,2,true,,99999,False,,,,,
TB176,Kit Broderie Duo - Mimosa - Dmc,Broderie,3200,,DMC,,non,,2,true,,99999,False,,,,,
BRO_58,Kit Broderie Marie Soleil - Abc¨Pomme Liane,Broderie,5100,,,,non,,1,true,,99999,False,,,,,
TB150,Kit Broderie Perle - Fleurs D'Amour A4 - Dmc,Broderie,2600,,DMC,,non,,1,true,,1131,False,,,,,
TB148,Kit Broderie Perle - Ondes Positives - Dmc,Broderie,2810,"Kit de broderie perlée DMC ""Ondes Positives"" - contient toile, fils et perles, aiguille et modèle à broder",DMC,,non,,1,true,,1327,False,,,,,
7819,Kit Broderie Sans Cadre - 20 X 20 Cm - Dahlias,Broderie,3400,,,,non,,1,true,,99999,False,,,,,
7817,Kit Broderie Sans Cadre - 20 X 20Cm - Paquerettes,Broderie,3400,,,,non,,1,true,,99999,False,,,,,
SK315,Kit Broderie Sashiko - 5 Sous Verre Colors - Olympus,Broderie,3420,,,,non,,1,true,,99999,False,,,,,
20047-01,Kit Broderie Vetement - Avocat,Broderie,3200,,,,non,,1,true,,99999,False,,,,,
20055-01,Kit Broderie Vetement - Cactus,Broderie,3200,,,,non,,1,true,,99999,False,,,,,
20043-01,Kit Broderie Vetement - Pasteque,Broderie,3200,,,,non,,1,true,,99999,False,,,,,
20037-02,Kit Broderie Vetement - Sans Cercle - Fleur Multicolor,Broderie,1900,,,,non,,1,true,,99999,False,,,,,
20006-02,Kit Broderie Vetement - Sans Cercle - Nippon Daruma,Broderie,1900,,,,non,,1,true,,99999,False,,,,,
20007-02,Kit Broderie Vetement - Sans Cercle - Nippon Fugu,Broderie,1900,,,,non,,1,true,,99999,False,,,,,
20056-02,Kit Broderie Vetement - Sans Cercle - Noeud,Broderie,1900,,,,non,,1,true,,99999,False,,,,,
20034-02,Kit Broderie Vetement - Sans Cercle - Origami Grue,Broderie,1900,,,,non,,1,true,,99999,False,,,,,
20043-02,Kit Broderie Vetement - Sans Cercle - Pasteque,Broderie,1900,,,,non,,1,true,,99999,False,,,,,
20048-02,Kit Broderie Vetement - Sans Cercle - Sakura,Broderie,1900,,,,non,,1,true,,99999,False,,,,,
20035-02,Kit Broderie Vetement - Sans Cercle - Sushi,Broderie,1900,,,,non,,1,true,,99999,False,,,,,
20050-02,Kit Broderie Vetement - Sans Cercle - Timbre Leopard,Broderie,1900,,,,non,,1,true,,99999,False,,,,,
C06N66K,Kit Caneva - 13 X 18 Cm - La Kokeshi,Broderie,2400,,,,non,,2,true,,99999,False,,,,,
C09N218K,Kit Caneva - 15 X 15 Cm - La Chouette,Broderie,2400,,,,non,,2,true,,99999,False,,,,,
C126K,Kit Caneva - Cabane Plage - 12X15Cm - Dmc,Broderie,2650,,DMC,,non,,2,true,,99999,False,,,,,
C09N239K,Kit Caneva - Gros Trou - La Sirene - Dmc,Broderie,2400,,DMC,,non,,2,true,,1456,False,,,,,
C125K,Kit Caneva - Marguerites - 12X15Cm - Dmc,Broderie,2650,"Kit canevas DMC ""Marguerites"", 12x15cm - contient canevas imprimé, laine/fils et aiguille",DMC,,non,,2,true,,99999,False,,,,,
C142K,Kit Caneva - Ours Geo - 20X21 Cm - Dmc,Broderie,2650,"Kit canevas DMC ""Ours géométrique"", 20x21cm - contient canevas imprimé, laine/fils et aiguille",DMC,,non,,1,true,,99999,False,,,,,
C127K,Kit Caneva - Phare - 12X15Cm - Dmc,Broderie,2650,,DMC,,non,,2,true,,99999,False,,,,,
GCS166,Kit Caneva - Pochette - Leopard,Broderie,3500,,,,non,,1,true,,99999,False,,,,,
C06N88K,Kit Caneva - Poisson Clown - 13X18Cm -Dmc,Broderie,1950,,DMC,,non,,2,true,,99999,False,,,,,
C06N84K,Kit Caneva - Toucan - 13X18Cm - Dmc,Broderie,1900,,DMC,,non,,2,true,,971,False,,,,,
C129K,Kit Caneva - Vague Beth.J - 12X15Cm - Dmc,Broderie,2650,"Kit canevas DMC ""Vague"" (design Beth J.), 12x15cm - contient canevas imprimé, laine/fils et aiguille",DMC,,non,,1,true,,1115,False,,,,,
C128K,Kit Caneva - Van - Joanna H - 12X15Cm - Dmc,Broderie,2650,"Kit canevas DMC ""Van"" (design Joanna H.), 12x15cm - contient canevas imprimé, laine/fils et aiguille",DMC,,non,,1,true,,1114,False,,,,,
MRCK273877,Kit Caneva Coussin - Bleu - 50 X 50Cm,Broderie,8500,,,,non,,1,true,MRCK273877.jpg,99999,False,,,,,
C09N148K,Kit Caneva Enfant - Coccinelle 15X 15 Cm,Broderie,2400,,,,non,,1,true,,1203,False,,,,,
9213.30,Kit Caneva Seg De Paris - 20 X 25 Cm - Paysage,Broderie,3500,,,,non,,3,true,,99999,False,,,,,
GCS164,Kit Canevas - Etui A Lunette Leopard,Broderie,3050,,,,non,,1,true,,99999,False,,,,,
OR3618H,Kit Canevas - Forest Fairy -Orchidea,Broderie,2100,,,,non,,2,true,,99999,False,,,,,
DMC.235K,Kit Canevas - Licorne 15X15 Cm - Dmc,Broderie,2400,,DMC,,non,,1,true,,1209,False,,,,,
C06N83K,Kit Canevas - Mika Le Lama - 13X 18 Cm,Broderie,1900,,,,non,,2,true,,99999,False,,,,,
MRCU62282,Kit Canevas Arc En Ciel De Plume 25X60Cm,Broderie,5100,,,,non,,1,true,,99999,False,,,,,
OR97,Kit Canevas Enfant - 17X20.5Cm - Orchidea,Broderie,2200,,,02 - CANARD | 35 - CHOUETTE | 45 - ELEPHANT | 47 - PETIT CHAT | 55 - LE PIRATE | 57 -  SIRENE | 87 - PETIT ANGE | 88 - ASTRONAUTE | 92 - KOALA | 95 - CHEVALIER,non,02 - CANARD:1|35 - CHOUETTE:1|45 - ELEPHANT:1|47 - PETIT CHAT:1|55 - LE PIRATE:1|57 -  SIRENE:1|87 - PETIT ANGE:1|88 - ASTRONAUTE:1|92 - KOALA:1|95 - CHEVALIER:1,10,true,,99999,False,,,,,
BL0600.D,Kit Canevas Gros Trou 12X12 Cm - Distrifil,Broderie,2230,,,559 | 573 | 576 | 581 | 615 | 621 | 622 | 633 | 634 | 635 | 646 | 647 | 566 | 580 | 612 | 613 | 616 | 620 | 625,oui,559:2|573:1|576:1|581:1|615:1|621:1|622:1|633:1|634:1|635:2|646:2|647:1|566:1|580:1|612:1|613:1|616:1|620:1|625:1,22,true,BL0600.D.jpg,474,False,,,,,
C09N243K,Kit Canevas Gros Trous - Abeille,Broderie,2400,,,,non,,1,true,,1212,False,,,,,
BL0017,Kit Canevas Gros Trous 17X17 Cm,Broderie,1600,,,,non,,1,true,,958,False,,,,,
C06N81K,Kit Canevas Gros Trous- Flamant Rose 13X18Cm - Dmc,Broderie,2400,"Kit canevas gros trous DMC ""Flamant Rose"", 13x18cm - toile à larges mailles adaptée aux débutants et enfants",DMC,,non,,1,true,,1454,False,,,,,
MRC1531439,Kit Canevas Les Rayures Du Zebre 40X50Cm,Broderie,6900,,,,non,,1,true,,99999,False,,,,,
10027-02,Kit Canevas Sans Fil - Crush - 20X20 Cm,Broderie,3700,,,,non,,2,true,10027-02.webp,99999,False,,,,,
10029-02,Kit Canevas Sans Fil - I Did It - 13 X 18 Cm,Broderie,3200,,,,non,,1,true,10029-02.webp,99999,False,,,,,
10011-02,Kit Canevas Sans Fil - Je Me Fais Du Bien - 30 X 40 Cm,Broderie,5800,,,,non,,1,true,10011-02.webp,99999,False,,,,,
10028-02,Kit Canevas Sans Fil - Kiff - 20X 20Cm,Broderie,3700,,,,non,,2,true,10028-02.webp,99999,False,,,,,
10014-02,Kit Canevas Sans Fil - Kitsch - 20X20 Cm,Broderie,3700,,,,non,,1,true,10014-02.webp,99999,False,,,,,
10035-02,Kit Canevas Sans Fil - Leopard - 13X 18 Cm,Broderie,3200,,,,non,,1,true,10035-02.webp,99999,False,,,,,
10013-02,Kit Canevas Sans Fil - Oklm - 20X20 Cm,Broderie,3700,,,,non,,2,true,10013-02.webp,99999,False,,,,,
10020-02,Kit Canevas Sans Fil - Pause - 20 X 20 Cm,Broderie,3700,,,,non,,1,true,10020-02.jpeg,99999,False,,,,,
10021-02,Kit Canevas Sans Fil - Play- 20 X 20 Cm,Broderie,3700,,,,non,,1,true,10021-02.webp,99999,False,,,,,
10025-02,Kit Canevas Sans Fil - Timbre Coeur - 13 X 18 Cm,Broderie,3200,,,,non,,1,true,10025-02.webp,99999,False,,,,,
10008-02,Kit Canevas Sans Fil - Wesh - 20X 20 Cm,Broderie,3700,,,,non,,1,true,10008-02.webp,99999,False,,,,,
10026-02,Kit Canevas Sans Fil - Wild - 20X20 Cm,Broderie,3200,,,,non,,1,true,10026-02.webp,99999,False,,,,,
TB247,Kit Cartes A Broder - Animaux - Dmc,Broderie,3050,,DMC,,non,,2,true,,99999,False,,,,,
TB246,Kit Cartes A Broder - Nature - Dmc,Broderie,3050,,DMC,,non,,2,true,,99999,False,,,,,
ETH702,Kit Case,Broderie,3900,,,,non,,1,true,,99999,False,,,,,
MNC404,Kit Chateau Devambez,Broderie,5500,,,,non,,1,true,,99999,False,,,,,
10019-01,Kit Complet Canevas - Je Me Fais - 20X20 Cm,Broderie,6300,,,,non,,1,true,10019-01.webp,99999,False,,,,,
10035-01,Kit Complet Canevas - Leopard Multi - 13X18 Cm,Broderie,5000,,,,non,,1,true,10035-01.webp,99999,False,,,,,
TCK_BRO,Kit De Broderie Ac Tambour - 15Cm - Trimits,Broderie,2530,,,TCK047 - LOVE | TCK049 - NATRURE | TCK050 - BEE,oui,TCK047 - LOVE:1|TCK049 - NATRURE:1|TCK050 - BEE:1,3,true,TCK_BRO.webp,156,False,,,,,
TB156,Kit Dmc Coton Perle Bouquet Cosmo - Ac Tambour,Broderie,2950,,DMC,,non,,2,true,,99999,False,,,,,
TB175,Kit Duo Broderie - Anemone - Dmc,Broderie,3400,"Kit de broderie duo DMC ""Anémone"" - 2 modèles, contient toile, fils mouliné, aiguilles et modèles à broder",DMC,,non,,1,true,,900,False,,,,,
TB165,Kit Duo Broderie - Baies Gourmandes - Ac Tambour,Broderie,2750,,,,non,,2,true,,581,False,,,,,
TB169,Kit Duo Brooderie - Sous Bois Enchante,Broderie,2550,,,,non,,1,true,,1152,False,,,,,
F00K,Kit Feutrine Kid'Kit - Dmc,Broderie,1500,,DMC,F001K - TONY TIGRE | F002K - ROMAIN LAPIN | F004K  - LICORNE DANSE | F005K  - MUNCHY CAPI | F006K - CHAT MATCHA,non,F001K - TONY TIGRE:2|F002K - ROMAIN LAPIN:2|F004K  - LICORNE DANSE:2|F005K  - MUNCHY CAPI:2|F006K - CHAT MATCHA:2,10,true,,99999,False,,,,,
ETH706,Kit Fleche Faitiere,Broderie,3500,,,,non,,1,true,,99999,False,,,,,
BK1940,Kit Koala - Point De Croix - 16 X 19 Cm,Broderie,3650,,,,non,,3,true,,99999,False,,,,,
BK1841,Kit La Licorne - Demi Point De Croix,Broderie,1580,,,,non,,3,true,,99999,False,,,,,
CKCMIL,Kit Mini Point De Croix - The Crafty Kit Company,Broderie,1800,,,032 - JE T'AIME | 021 - TU PIQUES | 023 - LOVE IS LOVE | 019 - COMME UN POISSON | 018 - JE TE DIS m*** | 017 - FRAISE | 013 - ANNIVERSAIRE | 014 - BONNE FETE | 016 - BONNE CHANCE | 012 - VALENTINE | 011 - FELIN | 010 - LUNE | 009 - COPAIN COCHON | 005 - PERMIS | 004 - MELON | 003 -TULIPE | 020 - CHARME | 022 - ARAIGNEE | 025 - HOHOHO | 026 - JOYEUX NOEL | 027 - MON BEAU SAPIN | 030 - GLANDER,oui,032 - JE T'AIME:1|021 - TU PIQUES:3|023 - LOVE IS LOVE:2|019 - COMME UN POISSON:4|018 - JE TE DIS m***:2|017 - FRAISE:2|013 - ANNIVERSAIRE:2|014 - BONNE FETE:1|016 - BONNE CHANCE:2|012 - VALENTINE:3|011 - FELIN:1|010 - LUNE:2|009 - COPAIN COCHON:2|005 - PERMIS:2|004 - MELON:1|003 -TULIPE:2|020 - CHARME:1|022 - ARAIGNEE:1|025 - HOHOHO:2|026 - JOYEUX NOEL:1|027 - MON BEAU SAPIN:2|030 - GLANDER:1,40,true,CKCMIL.jpg,136,False,,,,,
BRO_66,Kit Point Compter,Broderie,2500,,,,non,,1,true,,99999,False,,,,,
BRO_72,Kit Point Compter,Broderie,1650,,,,non,,1,true,,99999,False,,,,,
BK1937,Kit Point Croix - Ac Tambour - Violettes - 18Cm -Dmc,Broderie,3020,"Kit point de croix DMC avec tambour ""Violettes"", 18cm - contient tambour à broder, toile, fils mouliné et grille explicative",DMC,,non,,1,true,,99999,False,,,,,
BL1149_73,Kit Point Croix - Cerisier En Fleurs - 36 X 26Cm - Dmc,Broderie,6250,,DMC,,non,,1,true,,99999,False,,,,,
BK1871,Kit Point Croix - Corail Vivant - Ac Tambour - 18 Cm,Broderie,3100,,,,non,,2,true,,99999,False,,,,,
BK2016,Kit Point Croix - Paysage Printannier - Dmc - 29 × 20 Cm,Broderie,3100,,DMC,,non,,2,true,,99999,False,,,,,
FC209,Kit Point Croix - Pirate - Magic Paper -Dmc,Broderie,1050,"Kit point de croix DMC ""Pirate"" technique Magic Paper (papier soluble à broder) - contient papier Magic Paper, fils mouliné, aiguille et modèle",DMC,,non,,2,true,,99999,False,,,,,
1969.5020,Kit Point De Croix - 25 X 30 Cm - Faucon,Broderie,3600,,,,non,,1,true,,99999,False,,,,,
1969.5019,Kit Point De Croix - 25 X 30 Cm - Panthere,Broderie,3600,,,,non,,1,true,,99999,False,,,,,
BL1067_71,Kit Point De Croix - Champs De Ble ... V.Gogh - 29 X23 Cm - Dmc,Broderie,6500,"Kit point de croix DMC ""Champ de blé aux cyprès"" d'après Van Gogh, collection Musées - 29x23cm, contient toile Aida, fils mouliné, aiguille et grille explicative",DMC,,non,,1,true,BL1067_71.webp,99999,False,,,,,
BL1145,Kit Point De Croix - La Grande Vague - 26 X 36 Cm,Broderie,6700,,,,non,,1,true,,99999,False,,,,,
BK1995,Kit Point De Croix - La Nuit Etoile - Van Gogh - 35X 28 Cm -Dmc,Broderie,6210,"Kit point de croix DMC ""La Nuit étoilée"" d'après Van Gogh, collection Musées - 35x28cm, contient toile Aida, fils mouliné/étoile, aiguille et grille explicative",DMC,,non,,1,true,BK1995.jpg,99999,False,,,,,
BK1991,Kit Point De Croix - Le Cri - E.Munch - 28X36 Cm -Dmc,Broderie,5650,"Kit point de croix DMC ""Le Cri"" d'après Edvard Munch, collection Musées - 28x36cm, contient toile Aida, fils mouliné, aiguille et grille explicative",DMC,,non,,1,true,BK1991.webp,99999,False,,,,,
BK1812,Kit Point De Croix - Le Jardin Aux Tournesols - Klimt - Ss Tambour,Broderie,5200,,,,non,,1,true,,99999,False,,,,,
BK1994,Kit Point De Croix - Marque Page - La Cadre - F. Kahlo -Dmc,Broderie,2650,"Kit point de croix marque-page DMC ""Le Cadre"" d'après Frida Kahlo, collection Musées - contient toile Aida, fils mouliné, aiguille et grille explicative",DMC,,non,,1,true,,1113,False,,,,,
BK1999,Kit Point De Croix - Marque Page - Le Baiser - Klimt -Dmc,Broderie,2650,"Kit point de croix marque-page DMC ""Le Baiser"" d'après Gustav Klimt, collection Musées - contient toile Aida, fils mouliné et étoile, aiguille et grille explicative",DMC,,non,,2,true,,99999,False,,,,,
BK1992,Kit Point De Croix - Marque Page - Le Cri E.Munch -Dmc,Broderie,2650,"Kit point de croix marque-page DMC ""Le Cri"" d'après Edvard Munch, collection Musées - contient toile Aida, fils mouliné, aiguille et grille explicative",DMC,,non,,2,true,,99999,False,,,,,
BK1998,Kit Point De Croix - Marque Page - Le Fuji Rouge - Dmc,Broderie,2650,"Kit point de croix marque-page DMC ""Le Fuji Rouge"" d'après Katsushika Hokusai, collection Musées - contient toile Aida, fils mouliné, aiguille et grille explicative",DMC,,non,,1,true,,1116,False,,,,,
BK1993,Kit Point De Croix -Le Cadre - F. Kahlo - 25 X35 Cm -Dmc,Broderie,5650,"Kit point de croix DMC ""Le Cadre"" d'après Frida Kahlo, collection Musées - 25x35cm, contient toile Aida, fils mouliné, aiguille et grille explicative",DMC,,non,,2,true,BK1993.jpg,99999,False,,,,,
BK1997,Kit Point De Croix -Le Fuji Rouge - 35X23 Cm -Dmc,Broderie,5650,"Kit point de croix DMC ""Le Fuji Rouge"" d'après Katsushika Hokusai, collection Musées - 35x23cm, contient toile Aida, fils mouliné, aiguille et grille explicative",DMC,,non,,1,true,BK1997.webp,99999,False,,,,,
GCS,Kit Point De Croix Compte - Mini - Trimits,Broderie,1100,,,50 - ABEILLE | 52 - HIBOU | 204 - BALEINE | 54 - LICRONE,non,50 - ABEILLE:1|52 - HIBOU:1|204 - BALEINE:1|54 - LICRONE:1,4,true,,1254,False,,,,,
C310K,Kit Point Lance - Chat Dans La Nuit - Dmc,Broderie,1950,,DMC,,non,,2,true,,99999,False,,,,,
C311K,Kit Point Lance - Licrone Dans Le Ciel - Dmc,Broderie,1950,,DMC,,non,,2,true,,99999,False,,,,,
LST3001,Kit Point Lance - Tortue Mer -Ladybird Ø15Cm,Broderie,3400,,,,non,,1,true,,902,False,,,,,
LST3004,Kit Point Lance Crabe - Ladybird - 15 Cm Ac Tambour,Broderie,3400,,,,non,,1,true,,904,False,,,,,
BK2018,Kit Point X - Poisson - Ac Tambour - Dmc,Broderie,3100,"Kit point de croix DMC avec tambour ""Poisson"" - contient tambour à broder, toile, fils mouliné et grille explicative",DMC,,non,,2,true,,99999,False,,,,,
BK2019,Kit Point X - Poulpe - Ac Tambour - Dmc,Broderie,3100,"Kit point de croix DMC avec tambour ""Poulpe"" - contient tambour à broder, toile, fils mouliné et grille explicative",DMC,,non,,2,true,,99999,False,,,,,
PNC306,Kit Poisson Chirurgien,Broderie,3900,,,,non,,2,true,,99999,False,,,,,
PNC302,Kit Poisson Clown,Broderie,3900,,,,non,,3,true,,99999,False,,,,,
PNC301,Kit Poisson Loche,Broderie,3900,,,,non,,1,true,,99999,False,,,,,
BK1875,Kit Poisson Tropical - Point De Croix - Ac Tambour 18 Cm,Broderie,3100,,,,non,,2,true,,99999,False,,,,,
BL1167_76,Kit Pt Croix - Aquarelle Fleurs Bocaux - 30X20Cm - Dmc,Broderie,4320,"Kit point de croix DMC ""Aquarelle Fleurs en bocaux"" - 30x20cm, contient toile Aida, fils mouliné, aiguille et grille explicative",DMC,,non,,1,true,,99999,False,,,,,
GCS228,Kit Pt Croix - Arc En Ciel - 20X20 Cm - Trimits,Broderie,1480,,,,non,,1,true,,99999,False,,,,,
GCS214,Kit Pt Croix Fleurs Vase - 36X36Cm -Trimits,Broderie,2100,,,,non,,1,true,,99999,False,,,,,
PN012K,Kit Punch Needle - Balade Ds La Jungle - Dmc,Broderie,4300,"Kit punch needle DMC ""Balade dans la Jungle"" - contient toile, aiguille punch needle, fils/laine et modèle",DMC,,non,,1,true,,99999,False,,,,,
PN007K,Kit Punch Needle - Bebe Renard - Dmc,Broderie,4600,"Kit punch needle DMC ""Bébé Renard"" - contient toile, aiguille punch needle, fils/laine et modèle",DMC,,non,,1,true,,99999,False,,,,,
PN002K,Kit Punch Needle - Douceur Marine - Dmc,Broderie,4250,"Kit punch needle DMC ""Douceur Marine"" - contient toile, aiguille punch needle, fils/laine et modèle",DMC,,non,,1,true,,739,False,,,,,
PN011K,Kit Punch Needle - Fleurs Tropicales - Dmc,Broderie,4300,"Kit punch needle DMC ""Fleurs Tropicales"" - contient toile, aiguille punch needle, fils/laine et modèle",DMC,,non,,1,true,,99999,False,,,,,
PE1011,Kit Punch Needle - Flower Mandala - Ladybird,Broderie,3400,,,,non,,1,true,,99999,False,,,,,
PE1007,Kit Punch Needle - Licorne - Ladybird,Broderie,3400,,,,non,,1,true,,903,False,,,,,
PN003K,Kit Punch Needle - Terre De Sable - Dmc,Broderie,4250,"Kit punch needle DMC ""Terre de Sable"" - contient toile, aiguille punch needle, fils/laine et modèle",DMC,,non,,2,true,,99999,False,,,,,
GCK,Kit Punch Needle -Ac Cercle - 15.2 Cm,Broderie,3150,,,152 - LEMON | 221 - ABEILLES,non,152 - LEMON:1|221 - ABEILLES:1,2,true,,99999,False,,,,,
509.8822,Kit Surnappe - Elisa - Broderie 80X 80Cm,Broderie,8980,,,,non,,1,true,,99999,False,,,,,
509.212,Kit Surnappe - Pois De Senteur 80 X 80 Cm - Brorderie,Broderie,8980,,,,non,,1,true,,99999,False,,,,,
BK1876,Kit Tortue - Point De Croix - Ac Tambour 18 Cm,Broderie,3100,,,,non,,1,true,,977,False,,,,,
15748B_22,Leaflet Punck Needle Sac Geo,Broderie,250,,,,non,,3,true,,99999,False,,,,,
FC10000,Magic Paper A4 - Vierge - Dmc,Broderie,1200,"Feuille Magic Paper DMC vierge, format A4 : papier soluble à broder, se dissout à l'eau une fois la broderie terminée",DMC,,non,,10,true,,462,False,,,,,
FC0006L,Magic Paper Soluble A5 X2,Broderie,1100,,,,non,,1,true,FC0006L.jpg,347,False,,,,,
BL0401,Nappe Ou Chemin De Table A Broder,Broderie,3400,,,,non,,1,true,,99999,False,,,,,
MO242BX,Rouleau Etamine 10Fils/Cm - 50X61 Cm - Dmc,Broderie,2000,"Rouleau d'étamine DMC, 10 fils/cm, 50x61cm - Toile de broderie pour point compté",DMC,,non,,9,true,,1318,False,,,,,
LC257BX,Rouleau Toile Aida De Lin - 5.5Pts/ Cm - 38X45 Cm - Dmc,Broderie,1150,"Rouleau toile Aida en lin DMC, 5,5 pts/cm, 38x45cm - Support de broderie point de croix",DMC,,non,,3,true,,99999,False,,,,,
GD1443BX,Rouleau Toile Aida Irisee 5.5 Pts/ Cm - 38 X 45Cm - Dmc,Broderie,1500,"Rouleau toile Aida irisée DMC, 5,5 pts/cm, 38x45cm - Effet chatoyant, support de broderie point de croix",DMC,,non,,4,true,,99999,False,,,,,
GD1440BX,Rouleau Toile Aida Metalise 5.5 Pts/Cm - 38X45Cm - Dmc,Broderie,1350,"Rouleau toile Aida métallisée DMC, 5,5 pts/cm, 38x45cm - Effet brillant, support de broderie point de croix",DMC,,non,,4,true,,99999,False,,,,,
IL9286BX,Rouleau Toile Lin 11Fils/Cm - 38X45 Cm - Dmc,Broderie,1550,,DMC,,non,,4,true,,978,False,,,,,
M359,Set Punchneedle Aiguilles Fines X3,Broderie,1970,,,,non,,6,true,,804,False,,,,,
U1992,Support Pour Cadre Broderie 8X6X2 Cm - Dmc,Broderie,950,"Support pour cadre de broderie DMC, 8x6x2cm - Pour présenter un ouvrage terminé",DMC,,non,,2,true,,1866,False,,,,,
508.8822,Surnappe - Sans Fil - Elisa - 80X 80Cm - Broderie,Broderie,6500,,,,non,,1,true,,99999,False,,,,,
BRO_37,Suspension Mongolfiere,Broderie,2000,,,,non,,3,true,,99999,False,,,,,
N5005,Tambour A Broder - Plastique Ø13 Cm,Broderie,850,,,LBROWN | PINK | PURPLE,non,LBROWN:5|PINK:5|PURPLE:5,15,true,,99999,False,,,,,
98635,Tambour A Broder 12.5Cm,Broderie,950,,,,non,,11,true,,736,False,,,,,
98636,Tambour A Broder 18.5Cm,Broderie,1150,,,,non,,9,true,,965,False,,,,,
MK0028,Tambour A Broder 25,Broderie,1850,,,,non,,29,true,,1371,False,,,,,
98648,Tambour A Broder Bois - Ø10 Cm - Bohin,Broderie,950,,Bohin,,non,,10,true,98648.webp,99999,False,,,,,
MK0024,Tambour A Broder Dmc 12.5Cm,Broderie,1500,"Tambour à broder DMC en bois, Ø12.5cm - Maintient le tissu tendu pendant la broderie",DMC,,non,,25,true,,1013,False,,,,,
MK0025,Tambour A Broder Dmc 15.5Cm,Broderie,1600,"Tambour à broder DMC en bois, Ø15.5cm - Maintient le tissu tendu pendant la broderie",DMC,,non,,24,true,MK0025.png,317,False,,,,,
MK0026,Tambour A Broder Dmc 18.5 Cm,Broderie,1700,"Tambour à broder DMC en bois, Ø18.5cm - Maintient le tissu tendu pendant la broderie",DMC,,non,,29,true,,1446,False,,,,,
MV0034L_135,Tambour A Broder Plastique Oval 13.5 X 10 - Dmc,Broderie,700,,DMC,,non,,5,true,,99999,False,,,,,
MV0033L_130,Tambour A Broder Plastque Rond 13Cm - Dmc,Broderie,700,"Tambour à broder plastique rond DMC, Ø13cm",DMC,,non,,8,true,,99999,False,,,,,
U2056,Tambour Bois 7.5 Cm - Dmc,Broderie,620,"Tambour à broder en bois DMC, Ø7,5cm",DMC,,non,,11,true,,99999,False,,,,,
9045,Tambour Broder Plas. Rose -10X14 Cm,Broderie,650,,,,non,,3,true,,99999,False,,,,,
B202.305,Tambour Broderie - 30.5 Cm - Bois,Broderie,1850,,,,non,,1,true,,914,False,,,,,
98637,Tambour Broderie 23Cm,Broderie,1200,,,,non,,8,true,98637.webp,432,False,,,,,
98634,Tambour Broderie 8Cm,Broderie,850,,,,non,,12,true,,99999,False,,,,,
U2095,Tambour Carre Blanc Pour Broderie - 43 X 43 Cm - Dmc,Broderie,2820,"Tambour carré blanc DMC pour broderie, 43x43cm - Grand format pour ouvrages encadrés",DMC,,non,,4,true,,99999,False,,,,,
U2057,Tambour Deco 10Cm,Broderie,750,,,,non,,7,true,,837,False,,,,,
U2107,Tambour Oval Bois 12.5X20 - Dmc,Broderie,1700,"Tambour ovale en bois DMC, 12,5x20cm",DMC,,non,,5,true,,1445,False,,,,,
U2108,Tambour Oval Bois 18X24Cm,Broderie,1900,,,,non,,4,true,,99999,False,,,,,
MV0034L_175,Tambour Pastique Oval Dmc - 17.5X13,Broderie,750,"Tambour ovale plastique DMC, 17,5x13cm",DMC,,non,,3,true,,99999,False,,,,,
U2109,Tambour Triangle Bois 21.5X22Cm,Broderie,1700,,,,non,,5,true,,99999,False,,,,,
OLY4500,Tissu Olympus - Sashiko Uni - 110 Cm,Broderie,5000,,,,non,,2,true,,99999,False,,,,,
BRO_27,Tissu Toile Aida,Broderie,2400,,,,non,,2,true,,99999,False,,,,,
BRO_28,Tissu Toile Aida - 5.5 Pt/Cm - 180 Cm Laize,Broderie,4000,,,,non,,3,true,,1828,False,,,,,
BRO_90,Toile A Broder,Broderie,800,,,,non,,7,true,,99999,False,,,,,
BRO_32,Toile A Broder - Mousseline - 2M40 Laize,Broderie,5400,,,,non,,4,true,,99999,False,,,,,
TOILPN_S,Toile A Broder - Percale - Punch Needle - 38.1X45.7 Cm - Dmc,Broderie,1300,,DMC,,non,,2,true,,99999,True,,,,,
TOILPN_L,Toile A Broder - Percale - Punch Needle - 50.8X 61 Cm - Dmc,Broderie,1850,,DMC,,non,,2,true,,99999,True,,,,,
EV100_S,Toile A Broder Eco Vita - Chanvre - 38 X45.7Cm - Dmc,Broderie,2250,,DMC,0021 - BLANC CASSE | 0024 - ECRU | 4191 - LIN,non,0021 - BLANC CASSE:2|0024 - ECRU:2|4191 - LIN:2,6,true,,99999,False,,,,,
BRO_31,Toile A Canevas,Broderie,3230,,,,non,,3,true,,2104,False,,,,,
DT400,Toile A Canevas,Broderie,5500,,,,non,,4,true,,1082,False,,,,,
DT212,Toile A Canevas Interlock Tapis 1.3Pt/Cm - 100 Cm - Dmc,Broderie,4000,"Toile à canevas interlock DMC, 1,3 pt/cm, 100cm - Support pour tapis au point noué",DMC,,non,,6,true,,99999,False,,,,,
10430.11.90,Toile A Canevas Plastique - 70 Cm - 70% Pvc - 30% Polyester,Broderie,3050,,,,non,,5,true,,2121,False,,,,,
DM222,Toile Aida 5 Points,Broderie,3500,,,,non,,8,true,,608,False,,,,,
DM322,Toile Aida 7 Points,Broderie,3500,,,,non,,10,true,,99999,False,,,,,
DM022,Toile Aida Au Metre - 2.4Pts/Cm - 110 Cm,Broderie,4580,,,,non,,4,true,,1238,False,,,,,
GD1436BXI,Toile Aida Neutre & Imprimee 5.5Pts/Cm - 38.45Cm - Dmc,Broderie,1150,"Toile Aida imprimée DMC, 5,5 pts/cm, 38x45cm - Motif pré-imprimé à broder au point de croix",DMC,747 | 762 | 809 | 3033  - ECRU | 310 - NOIR | 822 - BEIGE,non,747:2|762:1|809:2|3033  - ECRU:1|310 - NOIR:2|822 - BEIGE:2,10,true,,697,False,,,,,
BRO_29,Toile De Lin,Broderie,7240,,,,non,,1,true,,1543,False,,,,,
DC29SO_T1,Toile Dmc Aida 2.4Pts/Cm (38.1Cm X45.7Cm) Punchneedle,Broderie,1700,"Toile Aida DMC 2,4 pts/cm, spéciale technique Punch Needle",DMC,,non,,2,true,,99999,False,,,,,
DC29SO_T2,Toile Dmc Aida 2.4Pts/Cm (50.8Cm X 61Cm),Broderie,2300,"Toile Aida DMC 2,4 pts/cm, grand format (50,8x61cm) - Toile à larges mailles adaptée au Punch Needle et aux gros points",DMC,,non,,2,true,,99999,False,,,,,
DC7700,Toile Tire-Fils - 10 Fils - 38.1 X 45.7 Cm - Dmc,Broderie,1900,"Toile tire-fils DMC 10 fils/cm, 38,1x45,7cm - Support pour broderie sur jours et point compté",DMC,,non,,1,true,,99999,False,,,,,
BRO_36,Toile Unifil,Broderie,4100,,,,non,,1,true,,99999,False,,,,,
BT4802,Ciseau Multi Usages - 14 Cm - Distrifil,Ciseaux,600,,,,non,,17,true,BT4802.jpg,1390,False,,,,,
BT4741,"Ciseaux 22,5 Cm Cranteurs",Ciseaux,3200,,,,non,,7,true,,316,False,,,,,
24318,Ciseaux A Broder,Ciseaux,1860,,,,non,,3,true,,843,False,,,,,
99070,"Ciseaux A Broder ""Dolce Vita"" - Bohin",Ciseaux,1100,,Bohin,,non,,5,true,,400,False,,,,,
98966,Ciseaux A Broder Licorne - Bohin,Ciseaux,1100,,Bohin,,non,,6,true,,99999,False,,,,,
98613,"Ciseaux Broder ""Chouettes/Perroquets",Ciseaux,1100,,,,non,,1,true,,578,False,,,,,
98840,"Ciseaux Broder ""Paris/Nyc",Ciseaux,1100,,,,non,,3,true,,1746,False,,,,,
99002,"Ciseaux Broder ""Sauvage",Ciseaux,1100,,,,non,,1,true,,580,False,,,,,
99030,"Ciseaux Broderie ""Leopard Pop"" - Bohin",Ciseaux,1100,,Bohin,,non,,7,true,,479,False,,,,,
TK25,Ciseaux Broderie +Pochette,Ciseaux,1480,,,,non,,1,true,,1536,False,,,,,
7111C,Ciseaux Broderie - Chrome 9 Cm -,Ciseaux,1800,,,,non,,3,true,,593,False,,,,,
B4819.1,Ciseaux Broderie A Pois - 9.3 Cm -Comptoir,Ciseaux,800,,,,non,,5,true,,291,False,,,,,
U1036,Ciseaux Cigogne - Dmc,Ciseaux,2150,,DMC,,non,,4,true,,499,False,,,,,
AA1075032,Ciseaux Classique Universel Droitier 21Cm - Fiskars,Ciseaux,3780,"Ciseaux classiques universels Fiskars, 21cm, droitier - Marque finlandaise emblématique (manche orange)",,,non,,1,true,,266,False,,,,,
AA1075036,Ciseaux Classique Universel Gaucher -21Cm - Fiskars,Ciseaux,3780,"Ciseaux classiques universels Fiskars, 21cm, gaucher",,,non,,1,true,,827,False,,,,,
BT4736,Ciseaux Couture - 19.5 Cm - Distrifil,Ciseaux,1300,,,,non,,17,true,BT4736.jpg,832,False,,,,,
BT4738,Ciseaux Couture - 25 Cm - Distrifil,Ciseaux,2600,,,,non,,14,true,BT4738.jpg,292,False,,,,,
BT4735,Ciseaux Couture / Broderie - 17 Cm - Distrifil,Ciseaux,1200,,,,non,,21,true,BT4735.jpg,1688,False,,,,,
25723,Ciseaux Couturiere 23Cm - Bohin,Ciseaux,2200,,Bohin,,non,,5,true,25723.jpg,126,False,,,,,
2183104,Ciseaux Couturiere Acier - 20 Cm Milward,Ciseaux,2230,"Ciseaux couturière acier Milward, 20cm",,,non,,1,true,,715,False,,,,,
2189029,Ciseaux Couturiere Acier - 23 Cm - Milward,Ciseaux,4410,"Ciseaux couturière acier Milward, 23cm",,,non,,1,true,,99999,False,,,,,
BT4794,Ciseaux Couturiere Distrifil 27 Cm,Ciseaux,3000,,,,non,,1,true,BT4794.jpg,197,False,,,,,
BT4795,Ciseaux Couturière 20.5 Cm,Ciseaux,2800,,,,non,,10,true,,99999,False,,,,,
AA1004612,"Ciseaux Enfant "" Safe Blades"" - Coccinelle - 13 Cm - Fiskard",Ciseaux,800,,,,non,,1,true,,99999,False,,,,,
AA1004613,"Ciseaux Enfant ""Safe Blades"" - Panda - 13 Cm - Fiskard",Ciseaux,800,,,,non,,1,true,,2206,False,,,,,
AA1005151,Ciseaux Fiskars Classic Professionnels 25 Cm,Ciseaux,5350,"Ciseaux Fiskars Classic professionnels, 25cm",,,non,,1,true,,99999,False,,,,,
25716,Ciseaux Inox A.Plast P.Travaux 16 Cm,Ciseaux,1250,,,,non,,12,true,,651,False,,,,,
25732,Ciseaux Inox Ann. Plast Ambidext 21 Cm - Bohin,Ciseaux,1800,,Bohin,,non,,8,true,25732.jpg,430,False,,,,,
25726,Ciseaux Inox Plast Couture 26 Cm,Ciseaux,2650,,,,non,,9,true,25726.jpg,169,False,,,,,
23904,Ciseaux Lingere Epoxy Noir - 17Cm -7 - Bohin,Ciseaux,3030,,Bohin,,non,,6,true,23904.jpg,99999,False,,,,,
98260,Ciseaux Pincette Hardanger Noir - 11Cm,Ciseaux,2280,,,,non,,1,true,,700,False,,,,,
KP36646,Ciseaux Pliable Arc En Ciel - Knit Pro,Ciseaux,1150,,,,non,,1,true,,1721,False,,,,,
M199,Ciseaux Plv - 25 Cm - S&M,Ciseaux,2000,,,,non,,5,true,M199.jpg,304,False,,,,,
98977,Ciseaux Pour Applique Pelican - 15 Cm - Bohin,Ciseaux,2370,,Bohin,,non,,5,true,98977.jpg,99999,False,,,,,
25821,Ciseaux Pro Titane 21 Cm - Bohin,Ciseaux,3950,,Bohin,,non,,2,true,25821.jpg,248,False,,,,,
24214,Ciseaux Rouennais Nogent - Cxr - 14Cm - Bohin,Ciseaux,2950,,Bohin,,non,,18,true,24214.jpg,99999,False,,,,,
25721,Ciseaux Universels 21.5Cm,Ciseaux,1800,,,,non,,15,true,,336,False,,,,,
M138,Coffret 3 Ciseaux Fleurs - S&M,Ciseaux,3600,,,,non,,3,true,,99999,False,,,,,
SPA73,Cordon Spaghetti Fantaisie Herbier - 6 Mm,Ciseaux,150,,,,non,,12,true,,2265,False,,,,,
PRY611370,Couteau Rotatif Maxi Ø 45 Mm,Ciseaux,4350,,,,non,,2,true,,99999,False,,,,,
25724,Cpe Fil Droit Ann.Plas Inox 12 Cm,Ciseaux,1100,,,,non,,29,true,,160,False,,,,,
M418,Cutter Rotatif 45 Mm - S&M,Ciseaux,3720,,,,non,,2,true,M418.jpg,907,False,,,,,
75404,Cutter Rotatif Olfa - 60Mm,Ciseaux,4510,,,,non,,1,true,,99999,False,,,,,
AA1066047,Cutter Soft Grip Ø45 Mm Titanium - Fiskar,Ciseaux,3750,,,,non,,1,true,,839,False,,,,,
U2362_5,Kit Voyage Ciseaux + Aimant A Aiguille - Dmc,Ciseaux,1800,,DMC,CORAIL,non,CORAIL:3,3,true,,855,False,,,,,
AA1066042,Lame Cutter Ø45Mm - Fiskar,Ciseaux,1800,,,,non,,2,true,,99999,False,,,,,
AA1066044,Lame Cutter Ø60Mm - Fiskar,Ciseaux,2750,,,,non,,2,true,,99999,False,,,,,
PRY611372,Lame De Rechange Pour Couteau Rotatif 45Mm,Ciseaux,1850,,,,non,,1,true,,99999,False,,,,,
1765,Mini Ciseau Piable Color,Ciseaux,1800,,,,non,,2,true,,594,False,,,,,
24360,Protege Pointe Cuir (Ciseaux) X1,Ciseaux,0,,,,non,,1,true,,99999,False,,,,,
M419.60,Recharge Lame Cutter Rotatif - 60Mm,Ciseaux,2100,,,,non,,4,true,,99999,False,,,,,
M419.45,Recharge Lame Cutter Rotatif 45Mm - S&M,Ciseaux,1450,,,,non,,4,true,,99999,False,,,,,
S923.02,Bobine Ficelle Jute - 1.5Mm - 130G - 130M - S&M,Cordons,630,,,,non,,1,true,,644,False,,,,,
S.31024,Chaine Alu Au Metre Avec Lacet Simlili - 8Mm - S&M,Cordons,930,,,BLANC / ARGENT - 01 | BLANC / OR - 051 | CAFE/ OR - 040 | NOIR / ARGENT - 014 | NOIR / OR - 114,non,BLANC / ARGENT - 01:20|BLANC / OR - 051:17|CAFE/ OR - 040:18|NOIR / ARGENT - 014:20|NOIR / OR - 114:19,96,true,S.31024.jpg,887,False,,,,,
P228,Chaine Au Metre 3Mm,Cordons,100,,,001 - NOIR | 103 - BRONZE,non,001 - NOIR:19|103 - BRONZE:20,39,true,,2568,False,,,,,
S31004,Chaine Maillon 19Mm - Au Metre - S&M,Cordons,1500,,,,non,,3,true,S31004.jpg,1643,False,,,,,
S31003,Chaine Maillon Au Metre - 1 Cm - S&M,Cordons,500,,,,non,,6,true,,1683,False,,,,,
P.282.10,Chaine Plate Inoxydable - 1 Cm - 100% Alu - Distrifil,Cordons,720,,,ARGENT  - 102 | NOIR - 01 | OR - 101,oui,ARGENT  - 102:1|NOIR - 01:4|OR - 101:5,12,true,P.282.10.jpg,335,False,,,,,
25280.03,Cordo De Bourrage 3Mm,Cordons,60,,,,non,,80,true,,1726,False,,,,,
320010,Cordon,Cordons,100,,,,non,,72,true,,1807,False,,,,,
320029,Cordon,Cordons,250,,,,non,,406,true,,716,False,,,,,
320036,Cordon,Cordons,120,,,,non,,348,true,,1291,False,,,,,
320028,Cordon,Cordons,150,,,,non,,16,true,,1402,False,,,,,
320026,Cordon - 4 Mm,Cordons,120,,,,non,,2344,true,,170,False,,,,,
25281.04,Cordon Anorak,Cordons,120,,,,non,,75,true,,1219,False,,,,,
4434,Cordon Arlequin - 7 Mm,Cordons,280,,,,non,,9,true,,1805,False,,,,,
320012,Cordon Blanc/Noir/Or,Cordons,150,,,,non,,34,true,,2400,False,,,,,
25279.10,Cordon Ceremonie10Mm,Cordons,450,,,,non,,8,true,,1732,False,,,,,
C116.02,Cordon Coton / Lurex -2Mm,Cordons,150,,,,non,,47,true,,99999,False,,,,,
C108.15,Cordon Coton 15Mm - Anse Sac,Cordons,860,,,015 - MARINE,non,015 - MARINE:10,10,true,,99999,False,,,,,
3872,Cordon Coton Cire - 1Mm,Cordons,240,,,,non,,212,true,,141,False,,,,,
3872T,Cordon Coton Cire Tresse,Cordons,240,,,,non,,60,true,,1626,False,,,,,
4018_2,Cordon Coton Multicolore - 2Mm,Cordons,120,,,,non,,6,true,,2556,False,,,,,
25280.05,Cordon De Bourrage 5Mm,Cordons,100,,,,non,,99,true,,1384,False,,,,,
D800,Cordon De Ceremonie - Torsade Blanc - 12Mm,Cordons,410,,,,non,,15,true,,932,False,,,,,
F20.01.5,Cordon De Tirage - 1.5Mm - 100% Polypropylene,Cordons,50,,,,non,,96,true,,2520,False,,,,,
F20.03,Cordon De Tirage3Mm,Cordons,60,,,,non,,110,true,,1886,False,,,,,
0836_01,Cordon Fin Teeny - 1Mm - Polyester,Cordons,80,,,341 - JAUNE | 219 - Orange | 280 - ROSE FLUO | 210 - FUSCHIA | 214 - MARRON | 212 - BEIGE | 266 - ROSE PALE | 225 - BLEU GRIS | 238 - GRIS | 309 - VERT | 432 - TURQUOISE | 316 - GRIS CLAIR,non,341 - JAUNE:50|219 - Orange:37|280 - ROSE FLUO:45|210 - FUSCHIA:32|214 - MARRON:46|212 - BEIGE:21|266 - ROSE PALE:43|225 - BLEU GRIS:23|238 - GRIS:39|309 - VERT:5|432 - TURQUOISE:4|316 - GRIS CLAIR:25,372,true,,103,False,,,,,
320011,Cordon Fuschia,Cordons,175,,,,non,,7,true,,99999,False,,,,,
C118.03,Cordon Jute Ø3Mm,Cordons,120,,,,non,,14,true,,99999,False,,,,,
C118.05,Cordon Jute Ø5Mm,Cordons,150,,,,non,,21,true,,2366,False,,,,,
C100,Cordon Lin - Ø3Mm,Cordons,60,,,,non,,4,true,,2516,False,,,,,
C117.02,Cordon Metalise - 2Mm,Cordons,100,,,101 - OR,non,101 - OR:50,50,true,,99999,False,,,,,
420010,Cordon Plat,Cordons,180,,,,non,,20,true,,99999,False,,,,,
SPA72,Cordon Spaghetti Fantaisie Japon - 6Mm,Cordons,150,,,,non,,20,true,,99999,False,,,,,
0889_5,Cordon Spaghetti Satin Tubulaire - 5Mm,Cordons,240,,,,non,,174,true,,660,False,,,,,
0889_7,Cordon Spaghetti Satin Tubulaire - 7Mm,Cordons,330,,,,non,,36,true,,941,False,,,,,
0871_4,Cordon Tresse - 4Mm,Cordons,120,,,,non,,348,true,,213,False,,,,,
0972,Cordon Tricolore - 100% Pes - 2Mm,Cordons,100,,,,non,,142,true,,2574,False,,,,,
0922,Cordon Tricotine Shiny Billant - 2Mm,Cordons,120,,,,non,,34,true,,2371,False,,,,,
320013,Cordon Viscose,Cordons,120,,,,non,,359,true,,390,False,,,,,
62493,Embout De Cordon Plastique 11.5X18X5Mm - Blanc - X2 - Bohin,Cordons,360,,Bohin,,non,,8,true,62493.webp,2042,False,,,,,
62491,Embout De Cordon Plastique 11.5X18X5Mm - Noir - X2 - Bohin,Cordons,360,,Bohin,,non,,6,true,62491.webp,1553,False,,,,,
P_237,Galon Sequin 1 Range - 6Mm,Cordons,100,,,001 - NOIR | 101 - OR | 102 - ARGENT,non,001 - NOIR:50|101 - OR:45|102 - ARGENT:50,145,true,,2259,False,,,,,
LP150,Lacet Plat 100% Coton - 150 Cm,Cordons,750,,,,non,,29,true,,406,False,,,,,
LR150,Lacets Ronds - 100% Coton - 150 Cm,Cordons,650,,,,non,,15,true,,99999,False,,,,,
C105,Meche A Passepoil - 3Mm - 90% Cot/10% Poly,Cordons,50,,,,non,,66,true,,2545,False,,,,,
LR90,Paire Lacets Rond - 100% Coton - 90Cm,Cordons,500,,,,non,,15,true,,1526,False,,,,,
470.15,Queue De Rat - 1.5 Mm -Distrifil,Cordons,90,,,,non,,159,true,470.15.jpg,1110,False,,,,,
320006_S,Queue De Rat - 2Mm,Cordons,120,,,225 - MARINE | 233 - NOIR | 247 - MARRON,non,225 - MARINE:200|233 - NOIR:362|247 - MARRON:24,586,true,,134,False,,,,,
320006,Queue De Rat - 2Mm,Cordons,120,,,,non,,4494,true,320006.jpg,68,False,,,,,
320005,Queue De Souris - 1 Mm,Cordons,90,,,,non,,2194,true,,71,False,,,,,
S.1129_40,Sangle Metallique Au Metre - 40Mm - 60% Lurex / 40% Poly,Cordons,700,,,02 - ARGENT | 03 - OR,non,02 - ARGENT:19|03 - OR:20,39,true,,2055,False,,,,,
F402.15,Sangle Polypropylene 15 Mm -Distrifl,Cordons,210,,,,non,,15,true,,99999,False,,,,,
F407_30,Sangle Rayee Metalisee - 30Mm,Cordons,430,,,102 - NOIR/OR | 1502 - MARINE / ARGENT | 4402 - MARRON,non,102 - NOIR/OR:14|1502 - MARINE / ARGENT:13|4402 - MARRON:15,42,true,,1636,False,,,,,
390007,Soustache,Cordons,100,,,,non,,444,true,,2352,False,,,,,
M1308,Stop Cordon - X2 - 2 Trous - S&M,Cordons,200,,,,non,,60,true,,1922,False,,,,,
4049,Tricotine En Fil Papier - 2Mm,Cordons,50,,,,non,,482,true,,2566,False,,,,,
560179,1/2 Col Dentelle,Dentelles,1200,,,,non,,9,true,,99999,False,,,,,
D1073,Borderie Anglaise Epis Entre Deux - 24Mm -100% Coton,Dentelles,480,,,002 - BLANC,non,002 - BLANC:11,11,true,,1554,False,,,,,
D920.0111,Broderie Anglaise - 35Mm (65% Coton - 35% Polyester),Dentelles,480,,,,non,,5,true,,1950,False,,,,,
D1065,Broderie Anglaise - 45Mm - 50%Cot / 50% Poly,Dentelles,470,,,,non,,10,true,,2478,False,,,,,
S5307,Broderie Anglaise - 47Mm - S&M,Dentelles,500,,,,non,,11,true,,1817,False,,,,,
D920.0105,Broderie Anglaise - 90Mm - 50%Coton / 50% Polyester,Dentelles,580,,,,non,,7,true,,730,False,,,,,
D920.0106,Broderie Anglaise - Entre Deux - 28Mm (65%Cot / 35% Poly),Dentelles,470,,,,non,,13,true,,99999,False,,,,,
D920.0103,Broderie Anglaise 40Mm - 50%Coton / 50% Polyester,Dentelles,520,,,,non,,13,true,,1437,False,,,,,
D920.0112,Broderie Anglaise 75Mm - 50%Coton /50% Polyester,Dentelles,1030,,,,non,,14,true,,1667,False,,,,,
S5289,Broderie Anglaise Coton - 49Mm - S&M,Dentelles,400,,,,non,,57,true,S5289.jpg,828,False,,,,,
S5864.50,Broderie Anglaise Festonee - 5 Cm - S&M,Dentelles,300,,,,non,,35,true,,1278,False,,,,,
S5860.50,Broderie Anglaise Fleur - 5Cm - S&M,Dentelles,400,,,,non,,38,true,S5860.50.jpg,1044,False,,,,,
560169,Cols Dentelle,Dentelles,3290,,,,non,,4,true,,99999,False,,,,,
560170,Cols Dentelle,Dentelles,1700,,,,non,,2,true,,99999,False,,,,,
560171,Cols Dentelle,Dentelles,2400,,,,non,,2,true,,99999,False,,,,,
560172,Cols Dentelle,Dentelles,2430,,,,non,,1,true,,99999,False,,,,,
560173,Cols Dentelle,Dentelles,800,,,,non,,1,true,,99999,False,,,,,
560174,Cols Dentelle,Dentelles,1000,,,,non,,28,true,,99999,False,,,,,
236790,Dentelle Argent Et Or,Dentelles,550,,,,non,,3,true,,99999,False,,,,,
236875,Dentelle Argent Et Or,Dentelles,990,,,,non,,6,true,,2160,False,,,,,
236813,Dentelle Argent Et Or,Dentelles,550,,,,non,,7,true,,2214,False,,,,,
236806,Dentelle Argent Et Or,Dentelles,550,,,,non,,12,true,,99999,False,,,,,
236868,Dentelle Argent Et Or,Dentelles,990,,,,non,,9,true,,1637,False,,,,,
560099,Dentelle Argent Et Or,Dentelles,220,,,,non,,16,true,,99999,False,,,,,
560098,Dentelle Argent Et Or,Dentelles,80,,,,non,,82,true,,99999,False,,,,,
560096,Dentelle Brillant,Dentelles,330,,,,non,,62,true,,99999,False,,,,,
560094,Dentelle Brillant,Dentelles,750,,,,non,,5,true,,1008,False,,,,,
560097,Dentelle Brillant,Dentelles,360,,,,non,,5,true,,99999,False,,,,,
480025,Dentelle Broderie Anglaise,Dentelles,410,,,,non,,4,true,,99999,False,,,,,
560166,Dentelle Broderie Anglaise,Dentelles,520,,,,non,,24,true,,2118,False,,,,,
D1066,Dentelle Broderie Anglaise - 60Mm - 50% Coton,Dentelles,540,,,,non,,19,true,,99999,False,,,,,
D1067,Dentelle Broderie Anglaise - 80Mm - 50% Coton,Dentelles,670,,,,non,,3,true,,383,False,,,,,
480018,Dentelle Coton,Dentelles,550,,,,non,,4,true,,99999,False,,,,,
480046,Dentelle Coton,Dentelles,220,,,,non,,6,true,,99999,False,,,,,
480037,Dentelle Coton,Dentelles,450,,,,non,,6,true,,99999,False,,,,,
560144,Dentelle Coton,Dentelles,100,,,,non,,10,true,,99999,False,,,,,
480041,Dentelle Coton,Dentelles,100,,,,non,,9,true,,309,False,,,,,
480055,Dentelle Coton,Dentelles,250,,,,non,,8,true,,99999,False,,,,,
480048,Dentelle Coton,Dentelles,350,,,,non,,17,true,,99999,False,,,,,
480051,Dentelle Coton,Dentelles,250,,,,non,,14,true,,99999,False,,,,,
480056,Dentelle Coton,Dentelles,250,,,,non,,13,true,,99999,False,,,,,
560142,Dentelle Coton,Dentelles,670,,,,non,,26,true,,99999,False,,,,,
560151,Dentelle Coton,Dentelles,70,,,,non,,49,true,,99999,False,,,,,
480064,Dentelle Coton,Dentelles,200,,,,non,,65,true,,2348,False,,,,,
D900,Dentelle Coton 20Mm,Dentelles,420,,,,non,,28,true,,2027,False,,,,,
560153,Dentelle Coton Rouge,Dentelles,200,,,,non,,24,true,,99999,False,,,,,
560145,Dentelle Coton Rouge,Dentelles,290,,,,non,,7,true,,1542,False,,,,,
560105,Dentelle Elastique,Dentelles,850,,,,non,,7,true,,1447,False,,,,,
S3856,Dentelle Elastique,Dentelles,980,,,,non,,7,true,,544,False,,,,,
480259,Dentelle Elastique,Dentelles,350,,,,non,,10,true,,99999,False,,,,,
560104,Dentelle Elastique,Dentelles,190,,,,non,,44,true,,99999,False,,,,,
560100,Dentelle Elastique,Dentelles,140,,,,non,,15,true,,99999,False,,,,,
S9085,Dentelle Elastique 65Mm,Dentelles,710,,,,non,,46,true,,1272,False,,,,,
S9096,Dentelle Elastique 65Mm,Dentelles,590,,,,non,,57,true,,2164,False,,,,,
S9095,Dentelle Elastique 80Mm,Dentelles,650,,,,non,,105,true,,1123,False,,,,,
D1015,Dentelle Extensible 26Mm,Dentelles,250,,,,non,,19,true,,99999,False,,,,,
D_1015,Dentelle Extensible Au Metre - 26Mm - Nylon,Dentelles,160,,,001 - NOIR | 002 - BLANC | 014 - ROUGE,non,001 - NOIR:21|002 - BLANC:23|014 - ROUGE:25,69,true,,1923,False,,,,,
156612,Dentelle Facon Guipure,Dentelles,580,,,,non,,14,true,,99999,False,,,,,
167205,Dentelle Facon Guipure,Dentelles,750,,,,non,,8,true,,99999,False,,,,,
167243,Dentelle Facon Guipure,Dentelles,850,,,,non,,4,true,,99999,False,,,,,
S9149,Dentelle Fleur Elastique Entre Deux - 55Mm - S&M,Dentelles,270,,,,non,,153,true,,1534,False,,,,,
480045,Dentelle Fleur En Bande,Dentelles,350,,,,non,,148,true,,99999,False,,,,,
480010,Dentelle Fleur En Bande,Dentelles,1200,,,,non,,170,true,,597,False,,,,,
560154,Dentelle Fleur En Bande,Dentelles,220,,,,non,,20,true,,99999,False,,,,,
480008,Dentelle Fleur En Bande,Dentelles,1450,,,,non,,25,true,,634,False,,,,,
560080,Dentelle Fleur En Bande,Dentelles,2240,,,,non,,12,true,,911,False,,,,,
G1310,Dentelle Floquee,Dentelles,2100,,,,non,,6,true,,99999,False,,,,,
480012,Dentelle Frange,Dentelles,1800,,,,non,,5,true,,99999,False,,,,,
480062,Dentelle Guipure,Dentelles,350,,,,non,,9,true,,1962,False,,,,,
480002,Dentelle Guipure,Dentelles,350,,,,non,,29,true,,99999,False,,,,,
560082,Dentelle Jarretiere,Dentelles,580,,,,non,,3,true,,99999,False,,,,,
560081,Dentelle Jarretiere,Dentelles,950,,,,non,,12,true,,1050,False,,,,,
560083,Dentelle Jarretiere,Dentelles,790,,,,non,,5,true,,99999,False,,,,,
226906,Dentelle Lin,Dentelles,400,,,,non,,8,true,,2331,False,,,,,
226883,Dentelle Lin,Dentelles,500,,,,non,,8,true,,99999,False,,,,,
D1039,Dentelle Lin & Coton - 60Mm,Dentelles,680,,,,non,,15,true,,99999,False,,,,,
D1037,Dentelle Lin & Coton 45Mm ( 50% /50%° ) - Ruban Passion,Dentelles,600,,,,non,,15,true,,99999,False,,,,,
D1038.52,Dentelle Lin Coton (50%/50%) - 52Mm,Dentelles,880,,,,non,,15,true,,99999,False,,,,,
D1006,Dentelle Lin Et Coton 40Mm,Dentelles,700,,,,non,,5,true,,99999,False,,,,,
1636_16,Dentelle Lisboa,Dentelles,560,,,,non,,49,true,,99999,False,,,,,
D_1018,Dentelle Metalise - 50Mm - 60% Poly / 40% Metalise - Ruban Passion,Dentelles,600,,,101 - OR | 102 - ARGENT,non,101 - OR:15|102 - ARGENT:15,30,true,,99999,False,,,,,
D910.0025,Dentelle Metalise Tulle - 30Mm - Lurex,Dentelles,630,,,,non,,9,true,,1161,False,,,,,
D1017,Dentelle Metalisee 25Mm,Dentelles,380,,,,non,,30,true,,880,False,,,,,
560117,Dentelle Nylon,Dentelles,100,,,,non,,45,true,,99999,False,,,,,
560114,Dentelle Nylon,Dentelles,100,,,,non,,29,true,,99999,False,,,,,
560109,Dentelle Nylon,Dentelles,350,,,,non,,24,true,,99999,False,,,,,
480043,Dentelle Nylon,Dentelles,220,,,,non,,21,true,,99999,False,,,,,
560138,Dentelle Nylon,Dentelles,100,,,,non,,22,true,,99999,False,,,,,
480042,Dentelle Nylon,Dentelles,250,,,,non,,16,true,,2471,False,,,,,
560112,Dentelle Nylon,Dentelles,100,,,,non,,16,true,,99999,False,,,,,
560139,Dentelle Nylon,Dentelles,70,,,,non,,15,true,,99999,False,,,,,
480031,Dentelle Nylon,Dentelles,120,,,,non,,14,true,,99999,False,,,,,
560131,Dentelle Nylon,Dentelles,50,,,,non,,14,true,,99999,False,,,,,
480032,Dentelle Nylon,Dentelles,440,,,,non,,20,true,,99999,False,,,,,
560141,Dentelle Nylon,Dentelles,70,,,,non,,146,true,,2449,False,,,,,
560135,Dentelle Nylon,Dentelles,60,,,,non,,146,true,,99999,False,,,,,
560140,Dentelle Nylon,Dentelles,70,,,,non,,100,true,,2548,False,,,,,
460268,Dentelle Nylon,Dentelles,70,,,,non,,107,true,,99999,False,,,,,
560120,Dentelle Nylon,Dentelles,200,,,,non,,108,true,,99999,False,,,,,
560125,Dentelle Nylon,Dentelles,70,,,,non,,250,true,,99999,False,,,,,
560124,Dentelle Nylon,Dentelles,20,,,,non,,226,true,,99999,False,,,,,
560115,Dentelle Nylon,Dentelles,20,,,,non,,63,true,,99999,False,,,,,
560118,Dentelle Nylon,Dentelles,50,,,,non,,86,true,,99999,False,,,,,
560113,Dentelle Nylon,Dentelles,120,,,,non,,10,true,,99999,False,,,,,
560119,Dentelle Nylon,Dentelles,250,,,,non,,8,true,,99999,False,,,,,
560132,Dentelle Nylon,Dentelles,100,,,,non,,9,true,,99999,False,,,,,
560128,Dentelle Nylon,Dentelles,180,,,,non,,5,true,,99999,False,,,,,
560111,Dentelle Nylon,Dentelles,80,,,,non,,7,true,,99999,False,,,,,
560136,Dentelle Nylon,Dentelles,240,,,,non,,5,true,,99999,False,,,,,
560129,Dentelle Nylon,Dentelles,250,,,,non,,2,true,,99999,False,,,,,
D1014,Dentelle Nylon Extensible 150Mm,Dentelles,850,,,,non,,48,true,,1450,False,,,,,
D1003,Dentelle Nylon Extensible 65Mm,Dentelles,450,,,,non,,60,true,,1396,False,,,,,
D1012,Dentelle Nylon Extensible 75Mm,Dentelles,680,,,,non,,50,true,,2079,False,,,,,
S3504,Dentelle Rachelle - Tulle - 91Mm - S&M,Dentelles,300,,,,non,,13,true,,1099,False,,,,,
S3537,Dentelle Rachelle 10 Cm - S&M,Dentelles,470,,,,non,,88,true,S3537.jpg,748,False,,,,,
560150,Dentelle Satin,Dentelles,450,,,,non,,2,true,,99999,False,,,,,
560149,Dentelle Satin,Dentelles,500,,,,non,,15,true,,99999,False,,,,,
560137,Dentelle Satin Bicolore,Dentelles,100,,,,non,,69,true,,99999,False,,,,,
560087,Dentelle Volant,Dentelles,220,,,,non,,72,true,,2314,False,,,,,
560093,Dentelle Volant,Dentelles,230,,,,non,,82,true,,99999,False,,,,,
560084,Dentelle Volant,Dentelles,320,,,,non,,215,true,,1638,False,,,,,
560091,Dentelle Volant,Dentelles,650,,,,non,,15,true,,99999,False,,,,,
560088,Dentelle Volant,Dentelles,190,,,,non,,16,true,,99999,False,,,,,
560089,Dentelle Volant,Dentelles,400,,,,non,,38,true,,2130,False,,,,,
560090,Dentelle Volant,Dentelles,300,,,,non,,9,true,,99999,False,,,,,
560103,Dentelle Volant Vichy Elastique,Dentelles,100,,,,non,,16,true,,99999,False,,,,,
S9137_100,Dentelle Élastique Fleurs 100Mm,Dentelles,530,,,,non,,28,true,,1620,False,,,,,
480065,Entre Deux - Coton,Dentelles,270,,,,non,,119,true,,2026,False,,,,,
560080_U,Fleur A L'Unite,Dentelles,150,,,,non,,15,true,,885,False,,,,,
S11151,Frange Grelot Au Metre - Or - S&M,Dentelles,800,,,03 - OR,non,03 - OR:6,6,true,S11151.jpg,585,False,,,,,
S11152,Frange Sequin Piece Or Au Metre - S&M,Dentelles,650,,,,non,,5,true,S11152.jpg,637,False,,,,,
S.11149,Franges A Perles Oriental - Au Metre - S&M,Dentelles,850,,,08 - ROUGE | 80 - OR JAUNE,non,08 - ROUGE:9|80 - OR JAUNE:9,18,true,,463,False,,,,,
S11200,Galon Frange Coquillage Au Metre,Dentelles,1020,,,,non,,2,true,S11200.jpg,425,False,,,,,
D1053.65,Guipure A Frange - 65Mm,Dentelles,600,,,,non,,18,true,,2135,False,,,,,
D1052.60,Guipure Boheme - 60Mm - 100% Polyester,Dentelles,650,,,001 - NOIR | 002 - BLANC,non,001 - NOIR:9|002 - BLANC:9,18,true,,99999,False,,,,,
D1050.52,Guipure Fleur - 52Mm - Polyester,Dentelles,800,,,,non,,9,true,,1997,False,,,,,
D1054.90,Guipure Fleur - 90Mm - Polyester,Dentelles,1300,,,,non,,13,true,,1800,False,,,,,
D1046.37,Guipure Geometrique - 37Mm - Poly,Dentelles,530,,,01 - NOIR | 02 - BLANC,non,01 - NOIR:9|02 - BLANC:9,18,true,,99999,False,,,,,
560178,Motif Dentelle,Dentelles,1220,,,,non,,9,true,,99999,False,,,,,
M8918,Motif Dentelles & Perles A Coudre - Fleurs - S&M,Dentelles,950,,,,non,,4,true,,99999,False,,,,,
560078_U,Motif Fleur A Coudre,Dentelles,150,,,,non,,2,true,,922,False,,,,,
560074,Motif Fleur A Coudre,Dentelles,150,,,,non,,94,true,,2533,False,,,,,
560072,Motif Fleur A Coudre Mousseline,Dentelles,250,,,,non,,80,true,,579,False,,,,,
560077_U,Motif Fleur A Coudre X4,Dentelles,150,,,,non,,25,true,,1293,False,,,,,
560180,Motif Paillette,Dentelles,250,,,,non,,2,true,,2465,False,,,,,
560198,Motif Paillettes,Dentelles,1220,,,,non,,4,true,,99999,False,,,,,
560073,Pompon Cuir,Dentelles,0,,,,non,,13,true,,99999,False,,,,,
CUR_5,Curseur Fermeture Injecte - N°5 - Fantaisie,Fermetures,380,,,,non,,40,true,,825,False,,,,,
CURS_10,Curseur Fermeture Injecte N°10,Fermetures,650,,,,non,,19,true,,491,False,,,,,
510,Curseur Fermeture Injecte N°5,Fermetures,280,,,,non,,46,true,,713,False,,,,,
CUR_8,Curseur Fermeture Injecte N°8,Fermetures,470,,,,non,,7,true,,2290,False,,,,,
CUR_5R,Curseur Fermeture Reversible Injecte N°5,Fermetures,350,,,,non,,8,true,,1791,False,,,,,
M1125,Curseur Spirale Auto N°3 - S&M,Fermetures,250,,,519 - ROUGE | 560 - BLEU | 566 -  VERT | 580 - NOIR,non,519 - ROUGE:3|560 - BLEU:5|566 -  VERT:5|580 - NOIR:6,19,true,,795,False,,,,,
M1128,Curseur Spirale Automatique - N°6 - S&M,Fermetures,250,,,,non,,41,true,M1128.jpg,876,False,,,,,
M1127,Curseur Spirale N°6 - S&M,Fermetures,250,,,,non,,16,true,,741,False,,,,,
M.1935_22,Femeture Dentelle 22Cm - S&M,Fermetures,530,,,501 - blanc | 512 - rose | 580 - noir,non,501 - blanc:7|512 - rose:9|580 - noir:5,21,true,,99999,False,,,,,
421,Fermeture Au Metre Fantaisie - Spirale N°5 - Argent Ou Or,Fermetures,730,,,,non,,7,true,,1585,False,,,,,
405,Fermeture Au Metre Spirale,Fermetures,540,,,,non,,274,true,,108,False,,,,,
Z19_6575,Fermeture Blouson Cuir - Metal - 65 A 75 Cm,Fermetures,2300,,,,non,,20,true,,99999,False,,,,,
Z19,Fermeture Blouson Cuir - Separable Metal,Fermetures,2100,,,,non,,41,true,,364,False,,,,,
Z17,Fermeture Bouche A Bouche,Fermetures,950,,,,non,,79,true,,1860,False,,,,,
PRY418412,Fermeture Dentelle - 40 Cm,Fermetures,1200,,,,non,,1,true,,99999,False,,,,,
PRY418400,Fermeture Dentelle - 40 Cm,Fermetures,1200,,,,non,,2,true,,99999,False,,,,,
PRY418204,Fermeture Dentelle 20Cm,Fermetures,900,,,,non,,2,true,,99999,False,,,,,
PRY418209,Fermeture Dentelle 20Cm,Fermetures,900,,,,non,,2,true,,99999,False,,,,,
PRY418213,Fermeture Dentelle 20Cm,Fermetures,900,,,,non,,2,true,,99999,False,,,,,
410,Fermeture Glissiere Au Metre Injectee N°5 - Sans Curseur,Fermetures,600,,,,non,,43,true,,846,False,,,,,
Z325.25,Fermeture Glissiere Metal Non Separable - 25Cm N°5,Fermetures,600,,,,non,,2,true,,2132,False,,,,,
Z325.30,Fermeture Glissiere Metal Non Separable - 30 Cm,Fermetures,660,,,,non,,7,true,,99999,False,,,,,
Z200,Fermeture Injecte Non Separable N°5 - 10 A 20Cm,Fermetures,350,,,,non,,42,true,,1580,False,,,,,
Z220_100,Fermeture Injecte Separable N°10 - Plast - 100Cm,Fermetures,1980,,,101 - BLANC | 172 - NOIR,non,101 - BLANC:1|172 - NOIR:1,2,true,,99999,False,,,,,
Z220_150,Fermeture Injecte Separable N°10 - Plast - 150 Cm,Fermetures,2160,,,101 - BLANC. | 172 - NOIR,non,101 - BLANC.:1|172 - NOIR:1,2,true,,99999,False,,,,,
Z220_200,Fermeture Injecte Separable N°10 - Plast - 200 Cm,Fermetures,2650,,,101 - BLANC,non,101 - BLANC:1,1,true,,1112,False,,,,,
Z220_250,Fermeture Injecte Separable N°10 - Plast - 250 Cm,Fermetures,3020,,,101 - BLANC | 172 - NOIR,non,101 - BLANC:1|172 - NOIR:1,2,true,,99999,False,,,,,
Z220_400,Fermeture Injecte Separable N°10 - Plast - 400 Cm,Fermetures,3570,,,101 - BLANC | 172 - NOIR,non,101 - BLANC:1|172 - NOIR:1,2,true,,99999,False,,,,,
FER_4,Fermeture Injectee Non Separable Jp,Fermetures,50,,,,non,,166,true,,982,False,,,,,
M1954,Fermeture Invisible Au Metre - N°3 - S&M,Fermetures,870,,,,non,,39,true,,2122,False,,,,,
M1975.65,Fermeture Invisible Deperlante - 65Cm - S&M,Fermetures,830,,,,non,,2,true,,1973,False,,,,,
M1975.70,Fermeture Invisible Deperlante - 70Cm - S&M,Fermetures,1000,,,,non,,1,true,,1824,False,,,,,
Z115_22,Fermeture Invisible N°2 - 22Cm,Fermetures,450,,,154 - beige | 155 -nude | 106 - dore | 161 - chocolat | 113 - rouge | 111 - rose | 173 - gris | 142 - bleu | 145 - marine | 172 - noir,non,154 - beige:3|155 -nude:1|106 - dore:6|161 - chocolat:5|113 - rouge:7|111 - rose:6|173 - gris:6|142 - bleu:4|145 - marine:7|172 - noir:3,48,true,,667,False,,,,,
Z115_40,Fermeture Invisible N°2 - 40 Cm,Fermetures,670,,,101 - blanc | 161 - chocolat | 111 - rose | 113 - rouge | 169 - gris | 142 - bleu | 147 - marine | 172 - noir,non,101 - blanc:12|161 - chocolat:9|111 - rose:10|113 - rouge:10|169 - gris:10|142 - bleu:7|147 - marine:6|172 - noir:16,80,true,,2083,False,,,,,
Z115_60,Fermeture Invisibles 60 Cm N°2,Fermetures,720,,,101 - blanc | 106 - dore | 114 - bordeaux | 173 - gris | 128 - indigo | 147 - marine | 172 - noir,non,101 - blanc:10|106 - dore:7|114 - bordeaux:5|173 - gris:10|128 - indigo:2|147 - marine:1|172 - noir:14,49,true,,1265,False,,,,,
Z118.60,Fermeture Invisibles 60 Cm N°3,Fermetures,720,,,101 - BLANC | 154 - BEIGE | 156 - BEIGE | 113 - ROUGE | 136 - VERT | 142 - BLEU | 147 - MARINE | 172 - NOIR,non,101 - BLANC:10|154 - BEIGE:1|156 - BEIGE:1|113 - ROUGE:4|136 - VERT:3|142 - BLEU:2|147 - MARINE:3|172 - NOIR:9,33,true,,1550,False,,,,,
Z320_0520,Fermeture Jean - Metal - De 5 À 20Cm,Fermetures,350,,,,non,,323,true,,401,False,,,,,
M1907_0818,Fermeture Jean Metal - De 8 À 18 Cm - Super Jean,Fermetures,350,,,,non,,124,true,,1184,False,,,,,
Z14,Fermeture Jeans,Fermetures,350,,,,non,,42,true,,147,False,,,,,
Z14_2060,Fermeture Jeans Non Separable - De 20 A 60Cm - S&M,Fermetures,920,,,,non,,30,true,,1377,False,,,,,
Z105_2065,Fermeture Mailles Fines - 20Cm A 65Cm,Fermetures,650,,,,non,,112,true,,281,False,,,,,
Z105_70100,Fermeture Mailles Fines - 70Cm A 100 Cm,Fermetures,1150,,,,non,,55,true,,99999,False,,,,,
FER_1,Fermeture Metal,Fermetures,50,,,,non,,400,true,,184,False,,,,,
M1942.30,Fermeture Metal - 30 Cm - S&M,Fermetures,850,,,,non,,10,true,,1960,False,,,,,
M1942.40,Fermeture Metal - 40 Cm - S&M,Fermetures,980,,,,non,,5,true,,99999,False,,,,,
Z11_1020,Fermeture Metal 10 A 40 Cm,Fermetures,100,,,,non,,1142,true,,2064,False,,,,,
Z11_4560,Fermeture Metal 45 A 60 Cm,Fermetures,150,,,,non,,878,true,,2535,False,,,,,
Z310,Fermeture Metal Effet Jean - 5 À 18 Cm,Fermetures,280,,,,non,,37,true,,1328,False,,,,,
M1988.30,Fermeture Metal Non Separable - Brillante - 30 Cm - S&M,Fermetures,840,,,,non,,1,true,,1160,False,,,,,
M1988.40,Fermeture Metal Non Separable - Brillante - 40 Cm - S&M,Fermetures,830,,,,non,,4,true,,1972,False,,,,,
442143,Fermeture Metal Salopette - 140Cm,Fermetures,2360,,,,non,,4,true,,99999,False,,,,,
442144,Fermeture Metal Salopette - 145Cm,Fermetures,2500,,,,non,,5,true,,99999,False,,,,,
442142,Fermeture Metal Separable - 135Cm,Fermetures,2360,,,,non,,4,true,,99999,False,,,,,
442145,Fermeture Metal Separable - 150Cm,Fermetures,2550,,,,non,,8,true,,99999,False,,,,,
442146,Fermeture Metal Separable - 160Cm,Fermetures,2600,,,,non,,4,true,,99999,False,,,,,
Z320,Fermeture Metal Separable - 25 À 65 Cm,Fermetures,930,,,,non,,60,true,,769,False,,,,,
M1903_3540,Fermeture Metal Separable N°5 - De 35 À 40Cm - S&M,Fermetures,940,,,,non,,19,true,,1878,False,,,,,
M1903_4560,Fermeture Metal Separable N°5 - De 45 À 60Cm - S&M,Fermetures,1300,,,,non,,15,true,,415,False,,,,,
M1903_6570,Fermeture Metal Separable N°5 - De 65 À 70Cm - S&M,Fermetures,1450,,,,non,,4,true,,99999,False,,,,,
M1903_75,Fermeture Metal Separable N°5 - De 75 Cm À ... - S&M,Fermetures,1630,,,,non,,3,true,,99999,False,,,,,
Z13,Fermeture Pantalons,Fermetures,300,,,,non,,180,true,,564,False,,,,,
Z305,Fermeture Pantalons Metal,Fermetures,300,,,,non,,160,true,,753,False,,,,,
Z200_2540,Fermeture Separable - Injecte - 25Cm A 40Cm,Fermetures,650,,,,non,,88,true,,548,False,,,,,
Z200_4565,Fermeture Separable - Injecte - 45Cm A 65Cm,Fermetures,850,,,,non,,83,true,,193,False,,,,,
Z200_70140,Fermeture Separable - Injecte - 70Cm A 140Cm,Fermetures,1000,,,,non,,63,true,,179,False,,,,,
Z54_2540,Fermeture Separable - Injecte - Grosses Mailles - 25Cm A 40Cm,Fermetures,650,,,,non,,150,true,,227,False,,,,,
Z54_4565,Fermeture Separable - Injecte - Grosses Mailles - 45Cm A 65Cm,Fermetures,850,,,,non,,985,true,,57,False,,,,,
Z54_70140,Fermeture Separable - Injecte - Grosses Mailles - 70Cm A 140Cm,Fermetures,1000,,,,non,,96,true,,146,False,,,,,
Z58,Fermeture Separable - Spirale - Mailles Fines - 20Cm A 65Cm,Fermetures,650,,,,non,,381,true,,121,False,,,,,
Z215_45_60,Fermeture Separable Injecte Bouche A Bouche - Plastique - 45 À 60 Cm,Fermetures,1020,,,,non,,5,true,,1809,False,,,,,
Z215_70,Fermeture Separable Injecte Bouche A Bouche - Plastique -70 Cm,Fermetures,1120,,,,non,,1,true,,1735,False,,,,,
M1903_30,Fermeture Separable Metal 30 Cm S&M,Fermetures,930,,,,non,,2,true,,99999,False,,,,,
M1996,Fermeture Spirale Au Metre - Arc En Ciel /Noir - N°7 - S&M,Fermetures,950,,,,non,,38,true,,1515,False,,,,,
M1993,Fermeture Spirale Au Metre - N°7 - Doree,Fermetures,900,,,573 - BEIGE / OR | 580 - NOIR / OR | 814 - IVROIR  - OR,non,573 - BEIGE / OR:19|580 - NOIR / OR:16|814 - IVROIR  - OR:19,55,true,,789,False,,,,,
420,Fermeture Spirale Au Metre N°5 Fantaisie - Noir Ou Blanc,Fermetures,620,,,,non,,30,true,,2291,False,,,,,
Z51_1020,Fermeture Spirale Nylon - Jupes/ Robes - 10Cm A 20Cm,Fermetures,170,,,,non,,427,true,,150,False,,,,,
Z51_2540,Fermeture Spirale Nylon - Jupes/ Robes - 25Cm A 40Cm,Fermetures,290,,,,non,,161,true,,190,False,,,,,
Z51_4560,Fermeture Spirale Nylon - Jupes/ Robes - 45Cm A 60Cm,Fermetures,380,,,,non,,531,true,,274,False,,,,,
Z100_25_40,Fermeture Spirale N°2 - 25 À 40 Cm,Fermetures,290,,,,non,,868,true,,215,False,,,,,
Z100_45_60,Fermeture Spirale N°2 - 45 À 60Cm,Fermetures,380,,,,non,,606,true,,418,False,,,,,
Z100_10_20,Fermeture Spirale N°2 - Nylon,Fermetures,170,,,,non,,1061,true,,189,False,,,,,
Z118,Fermture Invisible N°3 - 25 Cm,Fermetures,450,,,,non,,60,true,,513,False,,,,,
Z118.40,Fermture Invisible N°3 - 40 Cm - Milward,Fermetures,670,"Fermeture éclair invisible Milward N°3, 40cm",,101 - BLANC | 147 - MARINE | 154 - ECRU | 113 - ROUGE | 134 - EMERAUDE | 136 - VERT | 172 - NOIR,non,101 - BLANC:3|147 - MARINE:5|154 - ECRU:2|113 - ROUGE:3|134 - EMERAUDE:2|136 - VERT:1|172 - NOIR:5,21,true,,1614,False,,,,,
98592,Tirette Ananas Vert - Bohin,Fermetures,800,,Bohin,,non,,5,true,98592.webp,99999,False,,,,,
ZTIR,Tirette Disney - Distrifil,Fermetures,820,,,,non,,10,true,,99999,False,,,,,
M.9252,Tirette Fermeture Boucle - S&M,Fermetures,600,,,579 - NOIR | 008 - BRONZE | 120 - ARGENT | 100 - OR,non,579 - NOIR:4|008 - BRONZE:7|120 - ARGENT:10|100 - OR:1,22,true,M.9252.jpg,613,False,,,,,
M.9253,Tirette Fermeture Boule - S&M,Fermetures,500,,,120 - ARGENT | 100 - OR,non,120 - ARGENT:1|100 - OR:4,5,true,,1171,False,,,,,
Z_530,Tirette Fermeture Etoile - Milward,Fermetures,600,"Tirette de rechange pour fermeture éclair Milward, forme étoile",,QUEUE RENARD | 013 - OR | 014 - ARGENT | 015 - BRONZE,non,QUEUE RENARD:2|013 - OR:8|014 - ARGENT:7|015 - BRONZE:9,26,true,,1386,False,,,,,
98596,Tirette Palmier Vert - Bohin,Fermetures,800,,Bohin,,non,,1,true,98596.webp,1484,False,,,,,
98590,Tirette Perroquet - Bohin,Fermetures,800,,Bohin,,non,,4,true,98590.webp,99999,False,,,,,
M9258,Tirette Pour Fermeture Sport - S&M,Fermetures,100,,,501 - BLANC | 579 - GRIS,non,501 - BLANC:18|579 - GRIS:17,35,true,,2571,False,,,,,
ONYX_4000,Bobine 4000 M - Fil Onyx 40 Tex70,Fils,7900,,,,non,,1,true,ONYX_4000.webp,389,False,,,,,
M907,Cone Fil Metalique - 2743 M - S&M,Fils,1000,,,,non,,6,true,M907.jpg,649,False,,,,,
6230_40.2,Cones Sufilage - 2753 M - Care&Create,Fils,580,,,110 - ROSE | 113 - ROUGE | 130 - AMANDE | 170 - GRIS | 101 - BLANC | 171 - ANTHRACITE | 172 - NOIR | 145 - BLEU | 147 -MARINE | 154 - BEIGE | 160 - BRUN | 202 - ORANGE FLUO | 201 - VERT FLUO | 200 - JAUNE FLUO | 139 - CIEL | 112 - FUCHSIA | 125 -MAUVE | 150 - KAKI | 157 - MOKA | 173 - MARINE,oui,110 - ROSE:4|113 - ROUGE:5|130 - AMANDE:6|170 - GRIS:18|101 - BLANC:27|171 - ANTHRACITE:19|172 - NOIR:32|145 - BLEU:13|147 -MARINE:11|154 - BEIGE:32|160 - BRUN:6|202 - ORANGE FLUO:5|201 - VERT FLUO:3|200 - JAUNE FLUO:2|139 - CIEL:3|112 - FUCHSIA:6|125 -MAUVE:6|150 - KAKI:12|157 - MOKA:12|173 - MARINE:12,234,true,6230_40.2.jpg,119,False,,,,,
92131,"Fil ""Perles"" Invisible 50Mx0.25M",Fils,450,,,,non,,45,true,92131.webp,785,False,,,,,
M994,Fil A Batir - 150 M - S&M,Fils,670,,,,non,,4,true,M994.jpg,1313,False,,,,,
FIL_REP,Fil A Repriser St Pierre 50%Laine 50% Poly,Fils,470,,,,non,,112,true,FIL_REP.jpg,1879,False,,,,,
92138,Fil A Smoke Elastique 10 M Blanc Blister,Fils,640,,,,non,,21,true,92138.jpg,368,False,,,,,
92139,Fil A Smoke Elastique 10 M Noir Blister,Fils,640,,,,non,,24,true,92139.webp,704,False,,,,,
AM7054,Fil Anti Uv - Xtreme Pro - 100% Polyester - 400M,Fils,1850,,,0630 - ROUGE | 1000 - BLANC | 3000 - ECRU | 3513 - GRIS | 4000 - NOIR | 0450 - ROUGE | 1078 - BLEU | 0960 - GRIS CLAIR,oui,0630 - ROUGE:2|1000 - BLANC:2|3000 - ECRU:2|3513 - GRIS:3|4000 - NOIR:2|0450 - ROUGE:4|1078 - BLEU:6|0960 - GRIS CLAIR:4,25,true,AM7054.webp,60,False,,,,,
ART334,Fil Cablé Dmc,Fils,100,"Fil à coudre câblé DMC 100% coton, pour coutures fortes sur tous textiles",DMC,,non,,23,true,ART334.jpg,99999,False,,,,,
DIAMANT_DMC,Fil Diamant - Bobine 35 M - Dmc,Fils,650,"Fil à broder Diamant DMC : fil métallisé et lumineux (72% viscose / 28% polyester métallisé), bobine 35m, broderie main uniquement, ne s'effiloche pas",DMC,D5200 - BLANC | D310 -NOIR | D415 - ARGENT | D699 - VERT | D321 - ROUGE | D898 - BRONZE | D140 - OR/NOIR | D225 -MOREDORE | D168 - ARGENT CLAIR | D3821 - OR,oui,D5200 - BLANC:10|D310 -NOIR:5|D415 - ARGENT:8|D699 - VERT:4|D321 - ROUGE:3|D898 - BRONZE:2|D140 - OR/NOIR:8|D225 -MOREDORE:8|D168 - ARGENT CLAIR:10|D3821 - OR:10,68,true,DIAMANT_DMC.jpg,438,False,,,,,
202B,Fil Dmc - Quilting 200M - 100% Coton -,Fils,820,"Fil à coudre DMC spécial quilting, 100% coton, bobine 200m - Pour l'assemblage et la finition des ouvrages de patchwork",DMC,202B-BLANC | 202B-ECRU | 202B-NOIR | 202B-712,oui,202B-BLANC:5|202B-ECRU:5|202B-NOIR:5|202B-712:4,19,true,202B.jpg,1978,False,,,,,
GUTJEAN.4888,Fil Gutermann - Special Jean - Col 4888 - 100 M,Fils,460,"Fil à coudre Gütermann spécial jean, 100m, coloris 4888 - Fil renforcé pour tissus épais type denim",,,non,,3,true,GUTJEAN.4888.jpg,99999,False,,,,,
GUTJEAN.5154,Fil Gutermann - Special Jean - Col 5154 - 100M,Fils,460,"Fil à coudre Gütermann spécial jean, 100m, coloris 5154",,,non,,1,true,GUTJEAN.5154.jpg,99999,False,,,,,
GUTJEAN.5397,Fil Gutermann - Special Jean - Col 5397 - 100M,Fils,460,"Fil à coudre Gütermann spécial jean, 100m, coloris 5397",,,non,,2,true,GUTJEAN.5397.jpg,2293,False,,,,,
GUT1000.000,Fil Gutermann -Polyester - Col 000 - Noir - 1000M,Fils,1750,"Fil à coudre Gütermann 100% polyester, bobine 1000m, coloris noir - Fil sew-all universel toutes machines",,,non,,2,true,GUT1000.000.webp,496,False,,,,,
92133,Fil Invisible - 11Mm -200M,Fils,930,,,,non,,22,true,92133.webp,842,False,,,,,
75484,Fil Lin Devidoir 50 M - Ø0.5 - Blanc - Bohin,Fils,820,,Bohin,,non,,12,true,75484.jpg,1474,False,,,,,
75486,Fil Lin Devidoir 50 M - Ø0.5 - Ecru - Bohin,Fils,820,,Bohin,,non,,8,true,,1473,False,,,,,
75483,Fil Lin Devidoir 50 M - Ø0.5 - Noir - Bohin,Fils,820,,Bohin,,non,,7,true,,765,False,,,,,
GUTBULKY80,"Fil Mousse ""Bulky Lock"" 80 - 1000M - Gutterman",Fils,1080,,,000 - NOIR | 111 - BLANC CASSE | 414 - BEIGE | 800 - BLANC,oui,000 - NOIR:5|111 - BLANC CASSE:5|414 - BEIGE:5|800 - BLANC:5,20,true,GUTBULKY80.jpg,99999,False,,,,,
383359.003,Fil Mousse Neon (Couture / Tricot) - 990M -Vert,Fils,1410,,,,non,,3,true,383359.003.webp,1561,False,,,,,
383359.001,Fil Mousse Neon (Couture/Tricot) - 990 M - Orange,Fils,1410,,,,non,,3,true,383359.001.webp,99999,False,,,,,
92126,Fil Nylon Elastique Perle. 20Mx0.50,Fils,1050,,,,non,,15,true,92126.jpg,110,False,,,,,
ONYX_40,Fil Onyx 40 - 100% Polyamide - 200M,Fils,900,,,0918 - BORDEAU | 4000 - MARINE | 2829 - BLEU | 0510 - ROUGE | 3504 - VERT | 0174 - BRONZE | 1488 - GRIS | 0263 - MARRON | 0538 - CAFE | 1000 - NOIR | 2000 - BLANC | 1209 - CREME,oui,0918 - BORDEAU:5|4000 - MARINE:17|2829 - BLEU:16|0510 - ROUGE:12|3504 - VERT:19|0174 - BRONZE:24|1488 - GRIS:11|0263 - MARRON:16|0538 - CAFE:10|1000 - NOIR:25|2000 - BLANC:36|1209 - CREME:8,199,true,ONYX_40.jpg,62,False,,,,,
ART280,Fil Or Dmc,Fils,1500,"Fil métallisé doré DMC, pour rehauts brillants en broderie",DMC,,non,,10,true,,710,False,,,,,
AM7840,Fil Seraflex 120 - 130M - Distrifil,Fils,600,,,BLANC,non,BLANC:10,10,true,AM7840.jpg,1196,False,,,,,
M.969,Fil Special Jersey - 140M - S&M,Fils,600,,,ROUGE - 235 | GRIS - 613 | MARINE - 350,non,ROUGE - 235:4|GRIS - 613:8|MARINE - 350:3,15,true,M.969.jpg,1001,False,,,,,
000117,Fil Super Resistant Distrifils,Fils,420,,,,non,,10,true,,99999,False,,,,,
6220,Fil Tous Textiles 500M,Fils,250,,,,non,,10,true,6220.webp,99999,False,,,,,
M.911,Fils Coton Bio - 275 M S&M,Fils,860,,,JAUNE - 803 | CUIVRE - 826 | NOIR - 808 | ROSE - 810 | ROUGE  - 805 | MARINE - 815 | BLEU  - 817 | VERT  - 821 | GRIS - 832 | BLANC - 800 | BLANC CASSE - 801,non,JAUNE - 803:3|CUIVRE - 826:4|NOIR - 808:7|ROSE - 810:2|ROUGE  - 805:3|MARINE - 815:2|BLEU  - 817:3|VERT  - 821:5|GRIS - 832:4|BLANC - 800:1|BLANC CASSE - 801:2,36,true,M.911.jpg,734,False,,,,,
1022-4001,Fils Dmc 120M - Couleur 4001,Fils,290,"Fil à coudre DMC 100% polyester, bobine 120m, grosseur métrique 72/2 (n°70) - Couture main et machine, tous textiles, coloris 4001",DMC,,non,,10,true,1022-4001.jpg,1594,False,,,,,
1022-4013,Fils Dmc 120M - Couleur 4013,Fils,290,"Fil à coudre DMC 100% polyester, bobine 120m, grosseur métrique 72/2 (n°70) - Couture main et machine, tous textiles, coloris 4013",DMC,,non,,7,true,1022-4013.jpg,1090,False,,,,,
1022-4018,Fils Dmc 120M - Couleur 4018,Fils,290,"Fil à coudre DMC 100% polyester, bobine 120m, grosseur métrique 72/2 (n°70) - Couture main et machine, tous textiles, coloris 4018",DMC,,non,,11,true,1022-4018.jpg,2192,False,,,,,
1022-4026,Fils Dmc 120M - Couleur 4026,Fils,290,"Fil à coudre DMC 100% polyester, bobine 120m, grosseur métrique 72/2 (n°70) - Couture main et machine, tous textiles, coloris 4026",DMC,,non,,11,true,1022-4026.jpg,1424,False,,,,,
1022-4031,Fils Dmc 120M - Couleur 4031,Fils,290,"Fil à coudre DMC 100% polyester, bobine 120m, grosseur métrique 72/2 (n°70) - Couture main et machine, tous textiles, coloris 4031",DMC,,non,,14,true,1022-4031.jpg,2188,False,,,,,
1022-4032,Fils Dmc 120M - Couleur 4032,Fils,290,"Fil à coudre DMC 100% polyester, bobine 120m, grosseur métrique 72/2 (n°70) - Couture main et machine, tous textiles, coloris 4032",DMC,,non,,13,true,1022-4032.jpg,1708,False,,,,,
1022-4033,Fils Dmc 120M - Couleur 4033,Fils,290,"Fil à coudre DMC 100% polyester, bobine 120m, grosseur métrique 72/2 (n°70) - Couture main et machine, tous textiles, coloris 4033",DMC,,non,,13,true,1022-4033.jpg,1843,False,,,,,
1022-4037,Fils Dmc 120M - Couleur 4037,Fils,290,"Fil à coudre DMC 100% polyester, bobine 120m, grosseur métrique 72/2 (n°70) - Couture main et machine, tous textiles, coloris 4037",DMC,,non,,14,true,1022-4037.jpg,2011,False,,,,,
1022-4038,Fils Dmc 120M - Couleur 4038,Fils,290,"Fil à coudre DMC 100% polyester, bobine 120m, grosseur métrique 72/2 (n°70) - Couture main et machine, tous textiles, coloris 4038",DMC,,non,,17,true,1022-4038.jpg,2267,False,,,,,
1022-4042,Fils Dmc 120M - Couleur 4042,Fils,290,"Fil à coudre DMC 100% polyester, bobine 120m, grosseur métrique 72/2 (n°70) - Couture main et machine, tous textiles, coloris 4042",DMC,,non,,15,true,1022-4042.jpg,99999,False,,,,,
1022-4046,Fils Dmc 120M - Couleur 4046,Fils,290,"Fil à coudre DMC 100% polyester, bobine 120m, grosseur métrique 72/2 (n°70) - Couture main et machine, tous textiles, coloris 4046",DMC,,non,,20,true,1022-4046.jpg,99999,False,,,,,
1022-4054,Fils Dmc 120M - Couleur 4054,Fils,290,"Fil à coudre DMC 100% polyester, bobine 120m, grosseur métrique 72/2 (n°70) - Couture main et machine, tous textiles, coloris 4054",DMC,,non,,17,true,1022-4054.jpg,2183,False,,,,,
1022-4057,Fils Dmc 120M - Couleur 4057,Fils,290,"Fil à coudre DMC 100% polyester, bobine 120m, grosseur métrique 72/2 (n°70) - Couture main et machine, tous textiles, coloris 4057",DMC,,non,,17,true,1022-4057.jpg,99999,False,,,,,
1022-4066,Fils Dmc 120M - Couleur 4066,Fils,290,"Fil à coudre DMC 100% polyester, bobine 120m, grosseur métrique 72/2 (n°70) - Couture main et machine, tous textiles, coloris 4066",DMC,,non,,12,true,1022-4066.jpg,2437,False,,,,,
1022-4073,Fils Dmc 120M - Couleur 4073,Fils,290,"Fil à coudre DMC 100% polyester, bobine 120m, grosseur métrique 72/2 (n°70) - Couture main et machine, tous textiles, coloris 4073",DMC,,non,,5,true,1022-4073.jpg,779,False,,,,,
1022-4084,Fils Dmc 120M - Couleur 4084,Fils,290,"Fil à coudre DMC 100% polyester, bobine 120m, grosseur métrique 72/2 (n°70) - Couture main et machine, tous textiles, coloris 4084",DMC,,non,,14,true,1022-4084.jpg,2417,False,,,,,
1022-4088,Fils Dmc 120M - Couleur 4088,Fils,290,"Fil à coudre DMC 100% polyester, bobine 120m, grosseur métrique 72/2 (n°70) - Couture main et machine, tous textiles, coloris 4088",DMC,,non,,16,true,1022-4088.jpg,2493,False,,,,,
1022-4090,Fils Dmc 120M - Couleur 4090,Fils,290,"Fil à coudre DMC 100% polyester, bobine 120m, grosseur métrique 72/2 (n°70) - Couture main et machine, tous textiles, coloris 4090",DMC,,non,,15,true,1022-4090.jpg,2068,False,,,,,
1022-4091,Fils Dmc 120M - Couleur 4091,Fils,290,"Fil à coudre DMC 100% polyester, bobine 120m, grosseur métrique 72/2 (n°70) - Couture main et machine, tous textiles, coloris 4091",DMC,,non,,13,true,1022-4091.jpg,2436,False,,,,,
1022-4092,Fils Dmc 120M - Couleur 4092,Fils,290,"Fil à coudre DMC 100% polyester, bobine 120m, grosseur métrique 72/2 (n°70) - Couture main et machine, tous textiles, coloris 4092",DMC,,non,,14,true,1022-4092.jpg,2015,False,,,,,
1022-4093,Fils Dmc 120M - Couleur 4093,Fils,290,"Fil à coudre DMC 100% polyester, bobine 120m, grosseur métrique 72/2 (n°70) - Couture main et machine, tous textiles, coloris 4093",DMC,,non,,11,true,1022-4093.jpg,2173,False,,,,,
1022-4094,Fils Dmc 120M - Couleur 4094,Fils,290,"Fil à coudre DMC 100% polyester, bobine 120m, grosseur métrique 72/2 (n°70) - Couture main et machine, tous textiles, coloris 4094",DMC,,non,,16,true,1022-4094.jpg,2185,False,,,,,
1022-4095,Fils Dmc 120M - Couleur 4095,Fils,290,"Fil à coudre DMC 100% polyester, bobine 120m, grosseur métrique 72/2 (n°70) - Couture main et machine, tous textiles, coloris 4095",DMC,,non,,4,true,1022-4095.jpg,1038,False,,,,,
1022-4096,Fils Dmc 120M - Couleur 4096,Fils,290,"Fil à coudre DMC 100% polyester, bobine 120m, grosseur métrique 72/2 (n°70) - Couture main et machine, tous textiles, coloris 4096",DMC,,non,,8,true,1022-4096.jpg,1428,False,,,,,
1022-4100,Fils Dmc 120M - Couleur 4100,Fils,290,"Fil à coudre DMC 100% polyester, bobine 120m, grosseur métrique 72/2 (n°70) - Couture main et machine, tous textiles, coloris 4100",DMC,,non,,14,true,1022-4100.jpg,1248,False,,,,,
1022-4104,Fils Dmc 120M - Couleur 4104,Fils,290,"Fil à coudre DMC 100% polyester, bobine 120m, grosseur métrique 72/2 (n°70) - Couture main et machine, tous textiles, coloris 4104",DMC,,non,,10,true,1022-4104.jpg,1365,False,,,,,
1022-4198,Fils Dmc 120M - Couleur 4198,Fils,290,"Fil à coudre DMC 100% polyester, bobine 120m, grosseur métrique 72/2 (n°70) - Couture main et machine, tous textiles, coloris 4198",DMC,,non,,17,true,1022-4198.jpg,835,False,,,,,
1022-4199,Fils Dmc 120M - Couleur 4199,Fils,290,"Fil à coudre DMC 100% polyester, bobine 120m, grosseur métrique 72/2 (n°70) - Couture main et machine, tous textiles, coloris 4199",DMC,,non,,13,true,1022-4199.jpg,1162,False,,,,,
1022-4201,Fils Dmc 120M - Couleur 4201,Fils,290,"Fil à coudre DMC 100% polyester, bobine 120m, grosseur métrique 72/2 (n°70) - Couture main et machine, tous textiles, coloris 4201",DMC,,non,,15,true,1022-4201.jpg,99999,False,,,,,
1022-4204,Fils Dmc 120M - Couleur 4204,Fils,290,"Fil à coudre DMC 100% polyester, bobine 120m, grosseur métrique 72/2 (n°70) - Couture main et machine, tous textiles, coloris 4204",DMC,,non,,11,true,1022-4204.jpg,2069,False,,,,,
1022-4226,Fils Dmc 120M - Couleur 4226,Fils,290,"Fil à coudre DMC 100% polyester, bobine 120m, grosseur métrique 72/2 (n°70) - Couture main et machine, tous textiles, coloris 4226",DMC,,non,,17,true,1022-4226.jpg,1712,False,,,,,
1022-4227,Fils Dmc 120M - Couleur 4227,Fils,290,"Fil à coudre DMC 100% polyester, bobine 120m, grosseur métrique 72/2 (n°70) - Couture main et machine, tous textiles, coloris 4227",DMC,,non,,10,true,1022-4227.jpg,1159,False,,,,,
1022-4229,Fils Dmc 120M - Couleur 4229,Fils,290,"Fil à coudre DMC 100% polyester, bobine 120m, grosseur métrique 72/2 (n°70) - Couture main et machine, tous textiles, coloris 4229",DMC,,non,,13,true,1022-4229.jpg,2496,False,,,,,
1022-4233,Fils Dmc 120M - Couleur 4233,Fils,290,"Fil à coudre DMC 100% polyester, bobine 120m, grosseur métrique 72/2 (n°70) - Couture main et machine, tous textiles, coloris 4233",DMC,,non,,16,true,1022-4233.jpg,1934,False,,,,,
1022-4234,Fils Dmc 120M - Couleur 4234,Fils,290,"Fil à coudre DMC 100% polyester, bobine 120m, grosseur métrique 72/2 (n°70) - Couture main et machine, tous textiles, coloris 4234",DMC,,non,,21,true,1022-4234.jpg,2190,False,,,,,
1022-4240,Fils Dmc 120M - Couleur 4240,Fils,290,"Fil à coudre DMC 100% polyester, bobine 120m, grosseur métrique 72/2 (n°70) - Couture main et machine, tous textiles, coloris 4240",DMC,,non,,14,true,1022-4240.jpg,1717,False,,,,,
1022-4241,Fils Dmc 120M - Couleur 4241,Fils,290,"Fil à coudre DMC 100% polyester, bobine 120m, grosseur métrique 72/2 (n°70) - Couture main et machine, tous textiles, coloris 4241",DMC,,non,,17,true,1022-4241.jpg,99999,False,,,,,
1022-4242,Fils Dmc 120M - Couleur 4242,Fils,290,"Fil à coudre DMC 100% polyester, bobine 120m, grosseur métrique 72/2 (n°70) - Couture main et machine, tous textiles, coloris 4242",DMC,,non,,10,true,1022-4242.jpg,1592,False,,,,,
1022-4261,Fils Dmc 120M - Couleur 4261,Fils,290,"Fil à coudre DMC 100% polyester, bobine 120m, grosseur métrique 72/2 (n°70) - Couture main et machine, tous textiles, coloris 4261",DMC,,non,,18,true,1022-4261.jpg,998,False,,,,,
1022-4262,Fils Dmc 120M - Couleur 4262,Fils,290,"Fil à coudre DMC 100% polyester, bobine 120m, grosseur métrique 72/2 (n°70) - Couture main et machine, tous textiles, coloris 4262",DMC,,non,,12,true,1022-4262.jpg,1767,False,,,,,
1022-4266,Fils Dmc 120M - Couleur 4266,Fils,290,"Fil à coudre DMC 100% polyester, bobine 120m, grosseur métrique 72/2 (n°70) - Couture main et machine, tous textiles, coloris 4266",DMC,,non,,15,true,1022-4266.jpg,2273,False,,,,,
1022-4267,Fils Dmc 120M - Couleur 4267,Fils,290,"Fil à coudre DMC 100% polyester, bobine 120m, grosseur métrique 72/2 (n°70) - Couture main et machine, tous textiles, coloris 4267",DMC,,non,,29,true,1022-4267.jpg,1463,False,,,,,
1022-4307,Fils Dmc 120M - Couleur 4307,Fils,290,"Fil à coudre DMC 100% polyester, bobine 120m, grosseur métrique 72/2 (n°70) - Couture main et machine, tous textiles, coloris 4307",DMC,,non,,10,true,1022-4307.jpg,2016,False,,,,,
1022-4308,Fils Dmc 120M - Couleur 4308,Fils,290,"Fil à coudre DMC 100% polyester, bobine 120m, grosseur métrique 72/2 (n°70) - Couture main et machine, tous textiles, coloris 4308",DMC,,non,,17,true,1022-4308.jpg,2440,False,,,,,
1022-4311,Fils Dmc 120M - Couleur 4311,Fils,290,"Fil à coudre DMC 100% polyester, bobine 120m, grosseur métrique 72/2 (n°70) - Couture main et machine, tous textiles, coloris 4311",DMC,,non,,14,true,1022-4311.jpg,2495,False,,,,,
1022-4312,Fils Dmc 120M - Couleur 4312,Fils,290,"Fil à coudre DMC 100% polyester, bobine 120m, grosseur métrique 72/2 (n°70) - Couture main et machine, tous textiles, coloris 4312",DMC,,non,,9,true,1022-4312.jpg,2067,False,,,,,
1022-4314,Fils Dmc 120M - Couleur 4314,Fils,290,"Fil à coudre DMC 100% polyester, bobine 120m, grosseur métrique 72/2 (n°70) - Couture main et machine, tous textiles, coloris 4314",DMC,,non,,17,true,1022-4314.jpg,1706,False,,,,,
1022-4317,Fils Dmc 120M - Couleur 4317,Fils,290,"Fil à coudre DMC 100% polyester, bobine 120m, grosseur métrique 72/2 (n°70) - Couture main et machine, tous textiles, coloris 4317",DMC,,non,,11,true,1022-4317.jpg,1269,False,,,,,
1022-4329,Fils Dmc 120M - Couleur 4329,Fils,290,"Fil à coudre DMC 100% polyester, bobine 120m, grosseur métrique 72/2 (n°70) - Couture main et machine, tous textiles, coloris 4329",DMC,,non,,18,true,1022-4329.jpg,2175,False,,,,,
1022-4336,Fils Dmc 120M - Couleur 4336,Fils,290,"Fil à coudre DMC 100% polyester, bobine 120m, grosseur métrique 72/2 (n°70) - Couture main et machine, tous textiles, coloris 4336",DMC,,non,,13,true,1022-4336.jpg,1946,False,,,,,
1022-4341,Fils Dmc 120M - Couleur 4341,Fils,290,"Fil à coudre DMC 100% polyester, bobine 120m, grosseur métrique 72/2 (n°70) - Couture main et machine, tous textiles, coloris 4341",DMC,,non,,9,true,1022-4341.jpg,1036,False,,,,,
1022-4351,Fils Dmc 120M - Couleur 4351,Fils,290,"Fil à coudre DMC 100% polyester, bobine 120m, grosseur métrique 72/2 (n°70) - Couture main et machine, tous textiles, coloris 4351",DMC,,non,,16,true,1022-4351.jpg,2177,False,,,,,
1022-4352,Fils Dmc 120M - Couleur 4352,Fils,290,"Fil à coudre DMC 100% polyester, bobine 120m, grosseur métrique 72/2 (n°70) - Couture main et machine, tous textiles, coloris 4352",DMC,,non,,15,true,1022-4352.jpg,2438,False,,,,,
1022-4358,Fils Dmc 120M - Couleur 4358,Fils,290,"Fil à coudre DMC 100% polyester, bobine 120m, grosseur métrique 72/2 (n°70) - Couture main et machine, tous textiles, coloris 4358",DMC,,non,,14,true,1022-4358.jpg,1941,False,,,,,
1022-4359,Fils Dmc 120M - Couleur 4359,Fils,290,"Fil à coudre DMC 100% polyester, bobine 120m, grosseur métrique 72/2 (n°70) - Couture main et machine, tous textiles, coloris 4359",DMC,,non,,14,true,1022-4359.jpg,1711,False,,,,,
1022-4360,Fils Dmc 120M - Couleur 4360,Fils,290,"Fil à coudre DMC 100% polyester, bobine 120m, grosseur métrique 72/2 (n°70) - Couture main et machine, tous textiles, coloris 4360",DMC,,non,,19,true,1022-4360.jpg,2434,False,,,,,
1022-4370,Fils Dmc 120M - Couleur 4370,Fils,290,"Fil à coudre DMC 100% polyester, bobine 120m, grosseur métrique 72/2 (n°70) - Couture main et machine, tous textiles, coloris 4370",DMC,,non,,20,true,1022-4370.jpg,2181,False,,,,,
1022-4390,Fils Dmc 120M - Couleur 4390,Fils,290,"Fil à coudre DMC 100% polyester, bobine 120m, grosseur métrique 72/2 (n°70) - Couture main et machine, tous textiles, coloris 4390",DMC,,non,,20,true,1022-4390.jpg,99999,False,,,,,
1022-4400,Fils Dmc 120M - Couleur 4400,Fils,290,"Fil à coudre DMC 100% polyester, bobine 120m, grosseur métrique 72/2 (n°70) - Couture main et machine, tous textiles, coloris 4400",DMC,,non,,9,true,1022-4400.jpg,1544,False,,,,,
1022-4401,Fils Dmc 120M - Couleur 4401,Fils,290,"Fil à coudre DMC 100% polyester, bobine 120m, grosseur métrique 72/2 (n°70) - Couture main et machine, tous textiles, coloris 4401",DMC,,non,,10,true,1022-4401.jpg,1237,False,,,,,
1022-4402,Fils Dmc 120M - Couleur 4402,Fils,290,"Fil à coudre DMC 100% polyester, bobine 120m, grosseur métrique 72/2 (n°70) - Couture main et machine, tous textiles, coloris 4402",DMC,,non,,21,true,1022-4402.jpg,1942,False,,,,,
1022-4407,Fils Dmc 120M - Couleur 4407,Fils,290,"Fil à coudre DMC 100% polyester, bobine 120m, grosseur métrique 72/2 (n°70) - Couture main et machine, tous textiles, coloris 4407",DMC,,non,,14,true,1022-4407.jpg,2460,False,,,,,
1022-4409,Fils Dmc 120M - Couleur 4409,Fils,290,"Fil à coudre DMC 100% polyester, bobine 120m, grosseur métrique 72/2 (n°70) - Couture main et machine, tous textiles, coloris 4409",DMC,,non,,14,true,1022-4409.jpg,1311,False,,,,,
1022-4414,Fils Dmc 120M - Couleur 4414,Fils,290,"Fil à coudre DMC 100% polyester, bobine 120m, grosseur métrique 72/2 (n°70) - Couture main et machine, tous textiles, coloris 4414",DMC,,non,,16,true,1022-4414.jpg,2013,False,,,,,
1022-4415,Fils Dmc 120M - Couleur 4415,Fils,290,"Fil à coudre DMC 100% polyester, bobine 120m, grosseur métrique 72/2 (n°70) - Couture main et machine, tous textiles, coloris 4415",DMC,,non,,16,true,1022-4415.jpg,2268,False,,,,,
1022-4417,Fils Dmc 120M - Couleur 4417,Fils,290,"Fil à coudre DMC 100% polyester, bobine 120m, grosseur métrique 72/2 (n°70) - Couture main et machine, tous textiles, coloris 4417",DMC,,non,,22,true,1022-4417.jpg,2179,False,,,,,
1022-4426,Fils Dmc 120M - Couleur 4426,Fils,290,"Fil à coudre DMC 100% polyester, bobine 120m, grosseur métrique 72/2 (n°70) - Couture main et machine, tous textiles, coloris 4426",DMC,,non,,12,true,1022-4426.jpg,1940,False,,,,,
1022-4428,Fils Dmc 120M - Couleur 4428,Fils,290,"Fil à coudre DMC 100% polyester, bobine 120m, grosseur métrique 72/2 (n°70) - Couture main et machine, tous textiles, coloris 4428",DMC,,non,,12,true,1022-4428.jpg,1427,False,,,,,
1022-4433,Fils Dmc 120M - Couleur 4433,Fils,290,"Fil à coudre DMC 100% polyester, bobine 120m, grosseur métrique 72/2 (n°70) - Couture main et machine, tous textiles, coloris 4433",DMC,,non,,14,true,1022-4433.jpg,2196,False,,,,,
1022-4435,Fils Dmc 120M - Couleur 4435,Fils,290,"Fil à coudre DMC 100% polyester, bobine 120m, grosseur métrique 72/2 (n°70) - Couture main et machine, tous textiles, coloris 4435",DMC,,non,,18,true,1022-4435.jpg,1937,False,,,,,
1022-4440,Fils Dmc 120M - Couleur 4440,Fils,290,"Fil à coudre DMC 100% polyester, bobine 120m, grosseur métrique 72/2 (n°70) - Couture main et machine, tous textiles, coloris 4440",DMC,,non,,16,true,1022-4440.jpg,99999,False,,,,,
1022-4441,Fils Dmc 120M - Couleur 4441,Fils,290,"Fil à coudre DMC 100% polyester, bobine 120m, grosseur métrique 72/2 (n°70) - Couture main et machine, tous textiles, coloris 4441",DMC,,non,,19,true,1022-4441.jpg,2441,False,,,,,
1022-4445,Fils Dmc 120M - Couleur 4445,Fils,290,"Fil à coudre DMC 100% polyester, bobine 120m, grosseur métrique 72/2 (n°70) - Couture main et machine, tous textiles, coloris 4445",DMC,,non,,14,true,1022-4445.jpg,2432,False,,,,,
1022-4446,Fils Dmc 120M - Couleur 4446,Fils,290,"Fil à coudre DMC 100% polyester, bobine 120m, grosseur métrique 72/2 (n°70) - Couture main et machine, tous textiles, coloris 4446",DMC,,non,,14,true,1022-4446.jpg,1122,False,,,,,
1022-4447,Fils Dmc 120M - Couleur 4447,Fils,290,"Fil à coudre DMC 100% polyester, bobine 120m, grosseur métrique 72/2 (n°70) - Couture main et machine, tous textiles, coloris 4447",DMC,,non,,17,true,1022-4447.jpg,99999,False,,,,,
1022-4455,Fils Dmc 120M - Couleur 4455,Fils,290,"Fil à coudre DMC 100% polyester, bobine 120m, grosseur métrique 72/2 (n°70) - Couture main et machine, tous textiles, coloris 4455",DMC,,non,,24,true,1022-4455.jpg,2189,False,,,,,
1022-4459,Fils Dmc 120M - Couleur 4459,Fils,290,"Fil à coudre DMC 100% polyester, bobine 120m, grosseur métrique 72/2 (n°70) - Couture main et machine, tous textiles, coloris 4459",DMC,,non,,16,true,1022-4459.jpg,1729,False,,,,,
1022-4469,Fils Dmc 120M - Couleur 4469,Fils,290,"Fil à coudre DMC 100% polyester, bobine 120m, grosseur métrique 72/2 (n°70) - Couture main et machine, tous textiles, coloris 4469",DMC,,non,,22,true,1022-4469.jpg,2492,False,,,,,
1022-4472,Fils Dmc 120M - Couleur 4472,Fils,290,"Fil à coudre DMC 100% polyester, bobine 120m, grosseur métrique 72/2 (n°70) - Couture main et machine, tous textiles, coloris 4472",DMC,,non,,14,true,1022-4472.jpg,1705,False,,,,,
1022-4473,Fils Dmc 120M - Couleur 4473,Fils,290,"Fil à coudre DMC 100% polyester, bobine 120m, grosseur métrique 72/2 (n°70) - Couture main et machine, tous textiles, coloris 4473",DMC,,non,,15,true,1022-4473.jpg,2209,False,,,,,
1022-4475,Fils Dmc 120M - Couleur 4475,Fils,290,"Fil à coudre DMC 100% polyester, bobine 120m, grosseur métrique 72/2 (n°70) - Couture main et machine, tous textiles, coloris 4475",DMC,,non,,18,true,1022-4475.jpg,2428,False,,,,,
1022-4476,Fils Dmc 120M - Couleur 4476,Fils,290,"Fil à coudre DMC 100% polyester, bobine 120m, grosseur métrique 72/2 (n°70) - Couture main et machine, tous textiles, coloris 4476",DMC,,non,,19,true,1022-4476.jpg,2420,False,,,,,
1022-4484,Fils Dmc 120M - Couleur 4484,Fils,290,"Fil à coudre DMC 100% polyester, bobine 120m, grosseur métrique 72/2 (n°70) - Couture main et machine, tous textiles, coloris 4484",DMC,,non,,20,true,1022-4484.jpg,99999,False,,,,,
1022-4493,Fils Dmc 120M - Couleur 4493,Fils,290,"Fil à coudre DMC 100% polyester, bobine 120m, grosseur métrique 72/2 (n°70) - Couture main et machine, tous textiles, coloris 4493",DMC,,non,,13,true,1022-4493.jpg,1928,False,,,,,
1022-4495,Fils Dmc 120M - Couleur 4495,Fils,290,"Fil à coudre DMC 100% polyester, bobine 120m, grosseur métrique 72/2 (n°70) - Couture main et machine, tous textiles, coloris 4495",DMC,,non,,9,true,1022-4495.jpg,1121,False,,,,,
1022-4496,Fils Dmc 120M - Couleur 4496,Fils,290,"Fil à coudre DMC 100% polyester, bobine 120m, grosseur métrique 72/2 (n°70) - Couture main et machine, tous textiles, coloris 4496",DMC,,non,,13,true,1022-4496.jpg,1945,False,,,,,
1022-4499,Fils Dmc 120M - Couleur 4499,Fils,290,"Fil à coudre DMC 100% polyester, bobine 120m, grosseur métrique 72/2 (n°70) - Couture main et machine, tous textiles, coloris 4499",DMC,,non,,15,true,1022-4499.jpg,836,False,,,,,
1022-4524,Fils Dmc 120M - Couleur 4524,Fils,290,"Fil à coudre DMC 100% polyester, bobine 120m, grosseur métrique 72/2 (n°70) - Couture main et machine, tous textiles, coloris 4524",DMC,,non,,11,true,1022-4524.jpg,1932,False,,,,,
1022-4526,Fils Dmc 120M - Couleur 4526,Fils,290,"Fil à coudre DMC 100% polyester, bobine 120m, grosseur métrique 72/2 (n°70) - Couture main et machine, tous textiles, coloris 4526",DMC,,non,,19,true,1022-4526.jpg,1936,False,,,,,
1022-4527,Fils Dmc 120M - Couleur 4527,Fils,290,"Fil à coudre DMC 100% polyester, bobine 120m, grosseur métrique 72/2 (n°70) - Couture main et machine, tous textiles, coloris 4527",DMC,,non,,14,true,1022-4527.jpg,2180,False,,,,,
1022-4532,Fils Dmc 120M - Couleur 4532,Fils,290,"Fil à coudre DMC 100% polyester, bobine 120m, grosseur métrique 72/2 (n°70) - Couture main et machine, tous textiles, coloris 4532",DMC,,non,,10,true,1022-4532.jpg,1938,False,,,,,
1022-4534,Fils Dmc 120M - Couleur 4534,Fils,290,"Fil à coudre DMC 100% polyester, bobine 120m, grosseur métrique 72/2 (n°70) - Couture main et machine, tous textiles, coloris 4534",DMC,,non,,17,true,1022-4534.jpg,99999,False,,,,,
1022-4535,Fils Dmc 120M - Couleur 4535,Fils,290,"Fil à coudre DMC 100% polyester, bobine 120m, grosseur métrique 72/2 (n°70) - Couture main et machine, tous textiles, coloris 4535",DMC,,non,,15,true,1022-4535.jpg,2187,False,,,,,
1022-4541,Fils Dmc 120M - Couleur 4541,Fils,290,"Fil à coudre DMC 100% polyester, bobine 120m, grosseur métrique 72/2 (n°70) - Couture main et machine, tous textiles, coloris 4541",DMC,,non,,13,true,1022-4541.jpg,2194,False,,,,,
1022-4550,Fils Dmc 120M - Couleur 4550,Fils,290,"Fil à coudre DMC 100% polyester, bobine 120m, grosseur métrique 72/2 (n°70) - Couture main et machine, tous textiles, coloris 4550",DMC,,non,,13,true,1022-4550.jpg,2274,False,,,,,
1022-4551,Fils Dmc 120M - Couleur 4551,Fils,290,"Fil à coudre DMC 100% polyester, bobine 120m, grosseur métrique 72/2 (n°70) - Couture main et machine, tous textiles, coloris 4551",DMC,,non,,17,true,1022-4551.jpg,1944,False,,,,,
1022-4554,Fils Dmc 120M - Couleur 4554,Fils,290,"Fil à coudre DMC 100% polyester, bobine 120m, grosseur métrique 72/2 (n°70) - Couture main et machine, tous textiles, coloris 4554",DMC,,non,,11,true,1022-4554.jpg,1464,False,,,,,
1022-4559,Fils Dmc 120M - Couleur 4559,Fils,290,"Fil à coudre DMC 100% polyester, bobine 120m, grosseur métrique 72/2 (n°70) - Couture main et machine, tous textiles, coloris 4559",DMC,,non,,7,true,1022-4559.jpg,1799,False,,,,,
1022-4561,Fils Dmc 120M - Couleur 4561,Fils,290,"Fil à coudre DMC 100% polyester, bobine 120m, grosseur métrique 72/2 (n°70) - Couture main et machine, tous textiles, coloris 4561",DMC,,non,,16,true,1022-4561.jpg,2269,False,,,,,
1022-4589,Fils Dmc 120M - Couleur 4589,Fils,290,"Fil à coudre DMC 100% polyester, bobine 120m, grosseur métrique 72/2 (n°70) - Couture main et machine, tous textiles, coloris 4589",DMC,,non,,16,true,1022-4589.jpg,1939,False,,,,,
1022-4592,Fils Dmc 120M - Couleur 4592,Fils,290,"Fil à coudre DMC 100% polyester, bobine 120m, grosseur métrique 72/2 (n°70) - Couture main et machine, tous textiles, coloris 4592",DMC,,non,,11,true,1022-4592.jpg,1364,False,,,,,
1022-4609,Fils Dmc 120M - Couleur 4609,Fils,290,"Fil à coudre DMC 100% polyester, bobine 120m, grosseur métrique 72/2 (n°70) - Couture main et machine, tous textiles, coloris 4609",DMC,,non,,15,true,1022-4609.jpg,2425,False,,,,,
1022-4610,Fils Dmc 120M - Couleur 4610,Fils,290,"Fil à coudre DMC 100% polyester, bobine 120m, grosseur métrique 72/2 (n°70) - Couture main et machine, tous textiles, coloris 4610",DMC,,non,,13,true,1022-4610.jpg,2429,False,,,,,
1022-4623,Fils Dmc 120M - Couleur 4623,Fils,290,"Fil à coudre DMC 100% polyester, bobine 120m, grosseur métrique 72/2 (n°70) - Couture main et machine, tous textiles, coloris 4623",DMC,,non,,5,true,1022-4623.jpg,1309,False,,,,,
1022-4630,Fils Dmc 120M - Couleur 4630,Fils,290,"Fil à coudre DMC 100% polyester, bobine 120m, grosseur métrique 72/2 (n°70) - Couture main et machine, tous textiles, coloris 4630",DMC,,non,,7,true,1022-4630.jpg,1949,False,,,,,
1022-4634,Fils Dmc 120M - Couleur 4634,Fils,290,"Fil à coudre DMC 100% polyester, bobine 120m, grosseur métrique 72/2 (n°70) - Couture main et machine, tous textiles, coloris 4634",DMC,,non,,16,true,1022-4634.jpg,99999,False,,,,,
1022-4636,Fils Dmc 120M - Couleur 4636,Fils,290,"Fil à coudre DMC 100% polyester, bobine 120m, grosseur métrique 72/2 (n°70) - Couture main et machine, tous textiles, coloris 4636",DMC,,non,,10,true,1022-4636.jpg,1547,False,,,,,
1022-4640,Fils Dmc 120M - Couleur 4640,Fils,290,"Fil à coudre DMC 100% polyester, bobine 120m, grosseur métrique 72/2 (n°70) - Couture main et machine, tous textiles, coloris 4640",DMC,,non,,10,true,1022-4640.jpg,1419,False,,,,,
1022-4641,Fils Dmc 120M - Couleur 4641,Fils,290,"Fil à coudre DMC 100% polyester, bobine 120m, grosseur métrique 72/2 (n°70) - Couture main et machine, tous textiles, coloris 4641",DMC,,non,,25,true,1022-4641.jpg,2459,False,,,,,
1022-4642,Fils Dmc 120M - Couleur 4642,Fils,290,"Fil à coudre DMC 100% polyester, bobine 120m, grosseur métrique 72/2 (n°70) - Couture main et machine, tous textiles, coloris 4642",DMC,,non,,18,true,1022-4642.jpg,99999,False,,,,,
1022-4643,Fils Dmc 120M - Couleur 4643,Fils,290,"Fil à coudre DMC 100% polyester, bobine 120m, grosseur métrique 72/2 (n°70) - Couture main et machine, tous textiles, coloris 4643",DMC,,non,,10,true,1022-4643.jpg,2327,False,,,,,
1022-4644,Fils Dmc 120M - Couleur 4644,Fils,290,"Fil à coudre DMC 100% polyester, bobine 120m, grosseur métrique 72/2 (n°70) - Couture main et machine, tous textiles, coloris 4644",DMC,,non,,18,true,1022-4644.jpg,2418,False,,,,,
1022-4645,Fils Dmc 120M - Couleur 4645,Fils,290,"Fil à coudre DMC 100% polyester, bobine 120m, grosseur métrique 72/2 (n°70) - Couture main et machine, tous textiles, coloris 4645",DMC,,non,,18,true,1022-4645.jpg,99999,False,,,,,
1022-4646,Fils Dmc 120M - Couleur 4646,Fils,290,"Fil à coudre DMC 100% polyester, bobine 120m, grosseur métrique 72/2 (n°70) - Couture main et machine, tous textiles, coloris 4646",DMC,,non,,17,true,1022-4646.jpg,2423,False,,,,,
1022-4647,Fils Dmc 120M - Couleur 4647,Fils,290,"Fil à coudre DMC 100% polyester, bobine 120m, grosseur métrique 72/2 (n°70) - Couture main et machine, tous textiles, coloris 4647",DMC,,non,,14,true,1022-4647.jpg,2210,False,,,,,
1022-4648,Fils Dmc 120M - Couleur 4648,Fils,290,"Fil à coudre DMC 100% polyester, bobine 120m, grosseur métrique 72/2 (n°70) - Couture main et machine, tous textiles, coloris 4648",DMC,,non,,11,true,1022-4648.jpg,2014,False,,,,,
1022-4649,Fils Dmc 120M - Couleur 4649,Fils,290,"Fil à coudre DMC 100% polyester, bobine 120m, grosseur métrique 72/2 (n°70) - Couture main et machine, tous textiles, coloris 4649",DMC,,non,,21,true,1022-4649.jpg,2176,False,,,,,
1022-4650,Fils Dmc 120M - Couleur 4650,Fils,290,"Fil à coudre DMC 100% polyester, bobine 120m, grosseur métrique 72/2 (n°70) - Couture main et machine, tous textiles, coloris 4650",DMC,,non,,18,true,1022-4650.jpg,99999,False,,,,,
1022-4651,Fils Dmc 120M - Couleur 4651,Fils,290,"Fil à coudre DMC 100% polyester, bobine 120m, grosseur métrique 72/2 (n°70) - Couture main et machine, tous textiles, coloris 4651",DMC,,non,,21,true,1022-4651.jpg,99999,False,,,,,
1022-4652,Fils Dmc 120M - Couleur 4652,Fils,290,"Fil à coudre DMC 100% polyester, bobine 120m, grosseur métrique 72/2 (n°70) - Couture main et machine, tous textiles, coloris 4652",DMC,,non,,12,true,1022-4652.jpg,2191,False,,,,,
1022-4653,Fils Dmc 120M - Couleur 4653,Fils,290,"Fil à coudre DMC 100% polyester, bobine 120m, grosseur métrique 72/2 (n°70) - Couture main et machine, tous textiles, coloris 4653",DMC,,non,,27,true,1022-4653.jpg,2275,False,,,,,
1022-4654,Fils Dmc 120M - Couleur 4654,Fils,290,"Fil à coudre DMC 100% polyester, bobine 120m, grosseur métrique 72/2 (n°70) - Couture main et machine, tous textiles, coloris 4654",DMC,,non,,22,true,1022-4654.jpg,99999,False,,,,,
1022-4655,Fils Dmc 120M - Couleur 4655,Fils,290,"Fil à coudre DMC 100% polyester, bobine 120m, grosseur métrique 72/2 (n°70) - Couture main et machine, tous textiles, coloris 4655",DMC,,non,,13,true,1022-4655.jpg,2497,False,,,,,
1022-4656,Fils Dmc 120M - Couleur 4656,Fils,290,"Fil à coudre DMC 100% polyester, bobine 120m, grosseur métrique 72/2 (n°70) - Couture main et machine, tous textiles, coloris 4656",DMC,,non,,13,true,1022-4656.jpg,2272,False,,,,,
1022-4657,Fils Dmc 120M - Couleur 4657,Fils,290,"Fil à coudre DMC 100% polyester, bobine 120m, grosseur métrique 72/2 (n°70) - Couture main et machine, tous textiles, coloris 4657",DMC,,non,,22,true,1022-4657.jpg,99999,False,,,,,
1022-4658,Fils Dmc 120M - Couleur 4658,Fils,290,"Fil à coudre DMC 100% polyester, bobine 120m, grosseur métrique 72/2 (n°70) - Couture main et machine, tous textiles, coloris 4658",DMC,,non,,11,true,1022-4658.jpg,2182,False,,,,,
1022-4659,Fils Dmc 120M - Couleur 4659,Fils,290,"Fil à coudre DMC 100% polyester, bobine 120m, grosseur métrique 72/2 (n°70) - Couture main et machine, tous textiles, coloris 4659",DMC,,non,,14,true,1022-4659.jpg,1423,False,,,,,
1022-4660,Fils Dmc 120M - Couleur 4660,Fils,290,"Fil à coudre DMC 100% polyester, bobine 120m, grosseur métrique 72/2 (n°70) - Couture main et machine, tous textiles, coloris 4660",DMC,,non,,11,true,1022-4660.jpg,1249,False,,,,,
1022-4661,Fils Dmc 120M - Couleur 4661,Fils,290,"Fil à coudre DMC 100% polyester, bobine 120m, grosseur métrique 72/2 (n°70) - Couture main et machine, tous textiles, coloris 4661",DMC,,non,,16,true,1022-4661.jpg,99999,False,,,,,
1022-4662,Fils Dmc 120M - Couleur 4662,Fils,290,"Fil à coudre DMC 100% polyester, bobine 120m, grosseur métrique 72/2 (n°70) - Couture main et machine, tous textiles, coloris 4662",DMC,,non,,12,true,1022-4662.jpg,2494,False,,,,,
1022-4663,Fils Dmc 120M - Couleur 4663,Fils,290,"Fil à coudre DMC 100% polyester, bobine 120m, grosseur métrique 72/2 (n°70) - Couture main et machine, tous textiles, coloris 4663",DMC,,non,,10,true,1022-4663.jpg,2439,False,,,,,
1022-4664,Fils Dmc 120M - Couleur 4664,Fils,290,"Fil à coudre DMC 100% polyester, bobine 120m, grosseur métrique 72/2 (n°70) - Couture main et machine, tous textiles, coloris 4664",DMC,,non,,21,true,1022-4664.jpg,1425,False,,,,,
1022-4665,Fils Dmc 120M - Couleur 4665,Fils,290,"Fil à coudre DMC 100% polyester, bobine 120m, grosseur métrique 72/2 (n°70) - Couture main et machine, tous textiles, coloris 4665",DMC,,non,,5,true,1022-4665.jpg,960,False,,,,,
1022-4709,Fils Dmc 120M - Couleur 4709,Fils,290,"Fil à coudre DMC 100% polyester, bobine 120m, grosseur métrique 72/2 (n°70) - Couture main et machine, tous textiles, coloris 4709",DMC,,non,,14,true,1022-4709.jpg,2184,False,,,,,
1022-4714,Fils Dmc 120M - Couleur 4714,Fils,290,"Fil à coudre DMC 100% polyester, bobine 120m, grosseur métrique 72/2 (n°70) - Couture main et machine, tous textiles, coloris 4714",DMC,,non,,17,true,1022-4714.jpg,2442,False,,,,,
1022-4715,Fils Dmc 120M - Couleur 4715,Fils,290,"Fil à coudre DMC 100% polyester, bobine 120m, grosseur métrique 72/2 (n°70) - Couture main et machine, tous textiles, coloris 4715",DMC,,non,,11,true,1022-4715.jpg,2186,False,,,,,
1022-4717,Fils Dmc 120M - Couleur 4717,Fils,290,"Fil à coudre DMC 100% polyester, bobine 120m, grosseur métrique 72/2 (n°70) - Couture main et machine, tous textiles, coloris 4717",DMC,,non,,17,true,1022-4717.jpg,2435,False,,,,,
1022-4719,Fils Dmc 120M - Couleur 4719,Fils,290,"Fil à coudre DMC 100% polyester, bobine 120m, grosseur métrique 72/2 (n°70) - Couture main et machine, tous textiles, coloris 4719",DMC,,non,,14,true,1022-4719.jpg,2424,False,,,,,
1022-4730,Fils Dmc 120M - Couleur 4730,Fils,290,"Fil à coudre DMC 100% polyester, bobine 120m, grosseur métrique 72/2 (n°70) - Couture main et machine, tous textiles, coloris 4730",DMC,,non,,17,true,1022-4730.jpg,2195,False,,,,,
1022-4738,Fils Dmc 120M - Couleur 4738,Fils,290,"Fil à coudre DMC 100% polyester, bobine 120m, grosseur métrique 72/2 (n°70) - Couture main et machine, tous textiles, coloris 4738",DMC,,non,,18,true,1022-4738.jpg,2431,False,,,,,
1022-4744,Fils Dmc 120M - Couleur 4744,Fils,290,"Fil à coudre DMC 100% polyester, bobine 120m, grosseur métrique 72/2 (n°70) - Couture main et machine, tous textiles, coloris 4744",DMC,,non,,10,true,1022-4744.jpg,1709,False,,,,,
1022-4752,Fils Dmc 120M - Couleur 4753,Fils,290,"Fil à coudre DMC 100% polyester, bobine 120m, grosseur métrique 72/2 (n°70) - Couture main et machine, tous textiles, coloris 4753",DMC,,non,,5,true,,99999,False,,,,,
1022-4754,Fils Dmc 120M - Couleur 4754,Fils,290,"Fil à coudre DMC 100% polyester, bobine 120m, grosseur métrique 72/2 (n°70) - Couture main et machine, tous textiles, coloris 4754",DMC,,non,,5,true,,99999,False,,,,,
1022-4758,Fils Dmc 120M - Couleur 4758,Fils,290,"Fil à coudre DMC 100% polyester, bobine 120m, grosseur métrique 72/2 (n°70) - Couture main et machine, tous textiles, coloris 4758",DMC,,non,,16,true,1022-4758.jpg,2178,False,,,,,
1022-4761,Fils Dmc 120M - Couleur 4761,Fils,290,"Fil à coudre DMC 100% polyester, bobine 120m, grosseur métrique 72/2 (n°70) - Couture main et machine, tous textiles, coloris 4761",DMC,,non,,15,true,1022-4761.jpg,1716,False,,,,,
1022-4767,Fils Dmc 120M - Couleur 4767,Fils,290,"Fil à coudre DMC 100% polyester, bobine 120m, grosseur métrique 72/2 (n°70) - Couture main et machine, tous textiles, coloris 4767",DMC,,non,,16,true,1022-4767.jpg,1426,False,,,,,
1022-4777,Fils Dmc 120M - Couleur 4777,Fils,290,"Fil à coudre DMC 100% polyester, bobine 120m, grosseur métrique 72/2 (n°70) - Couture main et machine, tous textiles, coloris 4777",DMC,,non,,14,true,1022-4777.jpg,99999,False,,,,,
1022-4780,Fils Dmc 120M - Couleur 4780,Fils,290,"Fil à coudre DMC 100% polyester, bobine 120m, grosseur métrique 72/2 (n°70) - Couture main et machine, tous textiles, coloris 4780",DMC,,non,,18,true,1022-4780.jpg,1548,False,,,,,
1022-4781,Fils Dmc 120M - Couleur 4781,Fils,290,"Fil à coudre DMC 100% polyester, bobine 120m, grosseur métrique 72/2 (n°70) - Couture main et machine, tous textiles, coloris 4781",DMC,,non,,10,true,1022-4781.jpg,1943,False,,,,,
1022-4782,Fils Dmc 120M - Couleur 4782,Fils,290,"Fil à coudre DMC 100% polyester, bobine 120m, grosseur métrique 72/2 (n°70) - Couture main et machine, tous textiles, coloris 4782",DMC,,non,,23,true,1022-4782.jpg,2193,False,,,,,
1022-4784,Fils Dmc 120M - Couleur 4784,Fils,290,"Fil à coudre DMC 100% polyester, bobine 120m, grosseur métrique 72/2 (n°70) - Couture main et machine, tous textiles, coloris 4784",DMC,,non,,13,true,1022-4784.jpg,1707,False,,,,,
1022-4787,Fils Dmc 120M - Couleur 4787 - Existe Plus,Fils,290,"Fil à coudre DMC 100% polyester, bobine 120m, grosseur métrique 72/2 (n°70) - Couture main et machine, tous textiles, coloris 4787",DMC,,non,,6,true,,99999,False,,,,,
1022-4789,Fils Dmc 120M - Couleur 4789,Fils,290,"Fil à coudre DMC 100% polyester, bobine 120m, grosseur métrique 72/2 (n°70) - Couture main et machine, tous textiles, coloris 4789",DMC,,non,,12,true,1022-4789.jpg,1768,False,,,,,
1022-4792,Fils Dmc 120M - Couleur 4792,Fils,290,"Fil à coudre DMC 100% polyester, bobine 120m, grosseur métrique 72/2 (n°70) - Couture main et machine, tous textiles, coloris 4792",DMC,,non,,15,true,1022-4792.jpg,1965,False,,,,,
1022-4794,Fils Dmc 120M - Couleur 4794,Fils,290,"Fil à coudre DMC 100% polyester, bobine 120m, grosseur métrique 72/2 (n°70) - Couture main et machine, tous textiles, coloris 4794",DMC,,non,,9,true,1022-4794.jpg,1715,False,,,,,
1022-4802,Fils Dmc 120M - Couleur 4802,Fils,290,"Fil à coudre DMC 100% polyester, bobine 120m, grosseur métrique 72/2 (n°70) - Couture main et machine, tous textiles, coloris 4802",DMC,,non,,12,true,1022-4802.jpg,1593,False,,,,,
1022-4803,Fils Dmc 120M - Couleur 4803,Fils,290,"Fil à coudre DMC 100% polyester, bobine 120m, grosseur métrique 72/2 (n°70) - Couture main et machine, tous textiles, coloris 4803",DMC,,non,,11,true,1022-4803.jpg,1710,False,,,,,
1022-4808,Fils Dmc 120M - Couleur 4808,Fils,290,"Fil à coudre DMC 100% polyester, bobine 120m, grosseur métrique 72/2 (n°70) - Couture main et machine, tous textiles, coloris 4808",DMC,,non,,6,true,1022-4808.jpg,1307,False,,,,,
1022-4810,Fils Dmc 120M - Couleur 4810,Fils,290,"Fil à coudre DMC 100% polyester, bobine 120m, grosseur métrique 72/2 (n°70) - Couture main et machine, tous textiles, coloris 4810",DMC,,non,,12,true,1022-4810.jpg,1713,False,,,,,
1022-4811,Fils Dmc 120M - Couleur 4811,Fils,290,"Fil à coudre DMC 100% polyester, bobine 120m, grosseur métrique 72/2 (n°70) - Couture main et machine, tous textiles, coloris 4811",DMC,,non,,6,true,1022-4811.jpg,1422,False,,,,,
1022-4815,Fils Dmc 120M - Couleur 4815,Fils,290,"Fil à coudre DMC 100% polyester, bobine 120m, grosseur métrique 72/2 (n°70) - Couture main et machine, tous textiles, coloris 4815",DMC,,non,,12,true,1022-4815.jpg,1540,False,,,,,
1022-4831,Fils Dmc 120M - Couleur 4831,Fils,290,"Fil à coudre DMC 100% polyester, bobine 120m, grosseur métrique 72/2 (n°70) - Couture main et machine, tous textiles, coloris 4831",DMC,,non,,17,true,1022-4831.jpg,2211,False,,,,,
1022-4841,Fils Dmc 120M - Couleur 4841,Fils,290,"Fil à coudre DMC 100% polyester, bobine 120m, grosseur métrique 72/2 (n°70) - Couture main et machine, tous textiles, coloris 4841",DMC,,non,,10,true,1022-4841.jpg,1948,False,,,,,
1022-4847,Fils Dmc 120M - Couleur 4847,Fils,290,"Fil à coudre DMC 100% polyester, bobine 120m, grosseur métrique 72/2 (n°70) - Couture main et machine, tous textiles, coloris 4847",DMC,,non,,9,true,1022-4847.jpg,1465,False,,,,,
1022-4851,Fils Dmc 120M - Couleur 4851,Fils,290,"Fil à coudre DMC 100% polyester, bobine 120m, grosseur métrique 72/2 (n°70) - Couture main et machine, tous textiles, coloris 4851",DMC,,non,,1,true,1022-4851.jpg,659,False,,,,,
1022-4857,Fils Dmc 120M - Couleur 4857,Fils,290,"Fil à coudre DMC 100% polyester, bobine 120m, grosseur métrique 72/2 (n°70) - Couture main et machine, tous textiles, coloris 4857",DMC,,non,,14,true,1022-4857.jpg,1310,False,,,,,
1022-4862,Fils Dmc 120M - Couleur 4862,Fils,290,"Fil à coudre DMC 100% polyester, bobine 120m, grosseur métrique 72/2 (n°70) - Couture main et machine, tous textiles, coloris 4862",DMC,,non,,14,true,1022-4862.jpg,528,False,,,,,
1022-4865,Fils Dmc 120M - Couleur 4865,Fils,290,"Fil à coudre DMC 100% polyester, bobine 120m, grosseur métrique 72/2 (n°70) - Couture main et machine, tous textiles, coloris 4865",DMC,,non,,5,true,1022-4865.jpg,780,False,,,,,
1022-4866,Fils Dmc 120M - Couleur 4866,Fils,290,"Fil à coudre DMC 100% polyester, bobine 120m, grosseur métrique 72/2 (n°70) - Couture main et machine, tous textiles, coloris 4866",DMC,,non,,13,true,1022-4866.jpg,1306,False,,,,,
1022-4868,Fils Dmc 120M - Couleur 4868,Fils,290,"Fil à coudre DMC 100% polyester, bobine 120m, grosseur métrique 72/2 (n°70) - Couture main et machine, tous textiles, coloris 4868",DMC,,non,,10,true,1022-4868.jpg,2433,False,,,,,
1022-4870,Fils Dmc 120M - Couleur 4870,Fils,290,"Fil à coudre DMC 100% polyester, bobine 120m, grosseur métrique 72/2 (n°70) - Couture main et machine, tous textiles, coloris 4870",DMC,,non,,9,true,1022-4870.jpg,1545,False,,,,,
1022-4871,Fils Dmc 120M - Couleur 4871,Fils,290,"Fil à coudre DMC 100% polyester, bobine 120m, grosseur métrique 72/2 (n°70) - Couture main et machine, tous textiles, coloris 4871",DMC,,non,,10,true,1022-4871.jpg,1766,False,,,,,
1022-4874,Fils Dmc 120M - Couleur 4874,Fils,290,"Fil à coudre DMC 100% polyester, bobine 120m, grosseur métrique 72/2 (n°70) - Couture main et machine, tous textiles, coloris 4874",DMC,,non,,13,true,1022-4874.jpg,1158,False,,,,,
1022-4876,Fils Dmc 120M - Couleur 4876,Fils,290,"Fil à coudre DMC 100% polyester, bobine 120m, grosseur métrique 72/2 (n°70) - Couture main et machine, tous textiles, coloris 4876",DMC,,non,,14,true,1022-4876.jpg,2012,False,,,,,
1022-4877,Fils Dmc 120M - Couleur 4877,Fils,290,"Fil à coudre DMC 100% polyester, bobine 120m, grosseur métrique 72/2 (n°70) - Couture main et machine, tous textiles, coloris 4877",DMC,,non,,12,true,1022-4877.jpg,99999,False,,,,,
1022-4881,Fils Dmc 120M - Couleur 4881,Fils,290,"Fil à coudre DMC 100% polyester, bobine 120m, grosseur métrique 72/2 (n°70) - Couture main et machine, tous textiles, coloris 4881",DMC,,non,,13,true,1022-4881.jpg,2427,False,,,,,
1022-4888,Fils Dmc 120M - Couleur 4888,Fils,290,"Fil à coudre DMC 100% polyester, bobine 120m, grosseur métrique 72/2 (n°70) - Couture main et machine, tous textiles, coloris 4888",DMC,,non,,22,true,1022-4888.jpg,99999,False,,,,,
1022-4895,Fils Dmc 120M - Couleur 4895,Fils,290,"Fil à coudre DMC 100% polyester, bobine 120m, grosseur métrique 72/2 (n°70) - Couture main et machine, tous textiles, coloris 4895",DMC,,non,,12,true,1022-4895.jpg,2426,False,,,,,
1022-4923,Fils Dmc 120M - Couleur 4923,Fils,290,"Fil à coudre DMC 100% polyester, bobine 120m, grosseur métrique 72/2 (n°70) - Couture main et machine, tous textiles, coloris 4923",DMC,,non,,23,true,1022-4923.jpg,2430,False,,,,,
1022-4924,Fils Dmc 120M - Couleur 4924,Fils,290,"Fil à coudre DMC 100% polyester, bobine 120m, grosseur métrique 72/2 (n°70) - Couture main et machine, tous textiles, coloris 4924",DMC,,non,,13,true,1022-4924.jpg,1967,False,,,,,
1022-4928,Fils Dmc 120M - Couleur 4928,Fils,290,"Fil à coudre DMC 100% polyester, bobine 120m, grosseur métrique 72/2 (n°70) - Couture main et machine, tous textiles, coloris 4928",DMC,,non,,17,true,1022-4928.jpg,2421,False,,,,,
1022-4930,Fils Dmc 120M - Couleur 4930,Fils,290,"Fil à coudre DMC 100% polyester, bobine 120m, grosseur métrique 72/2 (n°70) - Couture main et machine, tous textiles, coloris 4930",DMC,,non,,29,true,1022-4930.jpg,2419,False,,,,,
1022-4937,Fils Dmc 120M - Couleur 4937,Fils,290,"Fil à coudre DMC 100% polyester, bobine 120m, grosseur métrique 72/2 (n°70) - Couture main et machine, tous textiles, coloris 4937",DMC,,non,,11,true,1022-4937.jpg,1983,False,,,,,
1022-4938,Fils Dmc 120M - Couleur 4938,Fils,290,"Fil à coudre DMC 100% polyester, bobine 120m, grosseur métrique 72/2 (n°70) - Couture main et machine, tous textiles, coloris 4938",DMC,,non,,13,true,1022-4938.jpg,1947,False,,,,,
1022-4949,Fils Dmc 120M - Couleur 4949,Fils,290,"Fil à coudre DMC 100% polyester, bobine 120m, grosseur métrique 72/2 (n°70) - Couture main et machine, tous textiles, coloris 4949",DMC,,non,,16,true,1022-4949.jpg,1935,False,,,,,
1022-4950,Fils Dmc 120M - Couleur 4950,Fils,290,"Fil à coudre DMC 100% polyester, bobine 120m, grosseur métrique 72/2 (n°70) - Couture main et machine, tous textiles, coloris 4950",DMC,,non,,9,true,1022-4950.jpg,1230,False,,,,,
1022-4951,Fils Dmc 120M - Couleur 4951,Fils,290,"Fil à coudre DMC 100% polyester, bobine 120m, grosseur métrique 72/2 (n°70) - Couture main et machine, tous textiles, coloris 4951",DMC,,non,,9,true,1022-4951.jpg,2270,False,,,,,
1022-4952,Fils Dmc 120M - Couleur 4952,Fils,290,"Fil à coudre DMC 100% polyester, bobine 120m, grosseur métrique 72/2 (n°70) - Couture main et machine, tous textiles, coloris 4952",DMC,,non,,17,true,1022-4952.jpg,99999,False,,,,,
1022-4963,Fils Dmc 120M - Couleur 4963,Fils,290,"Fil à coudre DMC 100% polyester, bobine 120m, grosseur métrique 72/2 (n°70) - Couture main et machine, tous textiles, coloris 4963",DMC,,non,,17,true,1022-4963.jpg,2271,False,,,,,
1022-4964,Fils Dmc 120M - Couleur 4964,Fils,290,"Fil à coudre DMC 100% polyester, bobine 120m, grosseur métrique 72/2 (n°70) - Couture main et machine, tous textiles, coloris 4964",DMC,,non,,16,true,1022-4964.jpg,2422,False,,,,,
1022-4987,Fils Dmc 120M - Couleur 4987,Fils,290,"Fil à coudre DMC 100% polyester, bobine 120m, grosseur métrique 72/2 (n°70) - Couture main et machine, tous textiles, coloris 4987",DMC,,non,,17,true,1022-4987.jpg,1714,False,,,,,
1022-4995,Fils Dmc 120M - Couleur 4995,Fils,290,"Fil à coudre DMC 100% polyester, bobine 120m, grosseur métrique 72/2 (n°70) - Couture main et machine, tous textiles, coloris 4995",DMC,,non,,17,true,1022-4995.jpg,2276,False,,,,,
1022-BLANC,Fils Dmc 120M - Couleur Blanc,Fils,290,"Fil à coudre DMC 100% polyester, bobine 120m, grosseur métrique 72/2 (n°70) - Couture main et machine, tous textiles, coloris BLANC",DMC,,non,,18,true,1022-BLANC.webp,102,False,,,,,
1022-ECRU,Fils Dmc 120M - Couleur Ecru,Fils,290,"Fil à coudre DMC 100% polyester, bobine 120m, grosseur métrique 72/2 (n°70) - Couture main et machine, tous textiles, coloris ECRU",DMC,,non,,20,true,1022-ECRU.jpg,834,False,,,,,
1022-NOIR,Fils Dmc 120M - Couleur Noir,Fils,290,"Fil à coudre DMC 100% polyester, bobine 120m, grosseur métrique 72/2 (n°70) - Couture main et machine, tous textiles, coloris NOIR",DMC,,non,,75,true,1022-NOIR.webp,140,False,,,,,
1004-4026,Fils Dmc 500M - Couleur 4026,Fils,930,"Fil à coudre DMC 100% polyester, bobine 500m, grosseur métrique 72/2 (n°70) - Couture main et machine, tous textiles, coloris 4026",DMC,,non,,13,true,1004-4026.jpg,1076,False,,,,,
1004-4031,Fils Dmc 500M - Couleur 4031,Fils,930,"Fil à coudre DMC 100% polyester, bobine 500m, grosseur métrique 72/2 (n°70) - Couture main et machine, tous textiles, coloris 4031",DMC,,non,,8,true,1004-4031.jpg,99999,False,,,,,
1004-4226,Fils Dmc 500M - Couleur 4226,Fils,930,"Fil à coudre DMC 100% polyester, bobine 500m, grosseur métrique 72/2 (n°70) - Couture main et machine, tous textiles, coloris 4226",DMC,,non,,16,true,1004-4226.webp,601,False,,,,,
1004-4227,Fils Dmc 500M - Couleur 4227,Fils,930,"Fil à coudre DMC 100% polyester, bobine 500m, grosseur métrique 72/2 (n°70) - Couture main et machine, tous textiles, coloris 4227",DMC,,non,,16,true,1004-4227.webp,99999,False,,,,,
1004-4329,Fils Dmc 500M - Couleur 4329,Fils,930,"Fil à coudre DMC 100% polyester, bobine 500m, grosseur métrique 72/2 (n°70) - Couture main et machine, tous textiles, coloris 4329",DMC,,non,,12,true,1004-4329.webp,1880,False,,,,,
1004-4336,Fils Dmc 500M - Couleur 4336,Fils,930,"Fil à coudre DMC 100% polyester, bobine 500m, grosseur métrique 72/2 (n°70) - Couture main et machine, tous textiles, coloris 4336",DMC,,non,,25,true,1004-4336.webp,1884,False,,,,,
1004-4390,Fils Dmc 500M - Couleur 4390,Fils,930,"Fil à coudre DMC 100% polyester, bobine 500m, grosseur métrique 72/2 (n°70) - Couture main et machine, tous textiles, coloris 4390",DMC,,non,,27,true,1004-4390.webp,1885,False,,,,,
1004-4400,Fils Dmc 500M - Couleur 4400,Fils,930,"Fil à coudre DMC 100% polyester, bobine 500m, grosseur métrique 72/2 (n°70) - Couture main et machine, tous textiles, coloris 4400",DMC,,non,,18,true,1004-4400.webp,99999,False,,,,,
1004-4401,Fils Dmc 500M - Couleur 4401,Fils,930,"Fil à coudre DMC 100% polyester, bobine 500m, grosseur métrique 72/2 (n°70) - Couture main et machine, tous textiles, coloris 4401",DMC,,non,,15,true,1004-4401.webp,1360,False,,,,,
1004-4409,Fils Dmc 500M - Couleur 4409,Fils,930,"Fil à coudre DMC 100% polyester, bobine 500m, grosseur métrique 72/2 (n°70) - Couture main et machine, tous textiles, coloris 4409",DMC,,non,,13,true,1004-4409.webp,1086,False,,,,,
1004-4414,Fils Dmc 500M - Couleur 4414,Fils,930,"Fil à coudre DMC 100% polyester, bobine 500m, grosseur métrique 72/2 (n°70) - Couture main et machine, tous textiles, coloris 4414",DMC,,non,,18,true,1004-4414.webp,99999,False,,,,,
1004-4441,Fils Dmc 500M - Couleur 4441,Fils,930,"Fil à coudre DMC 100% polyester, bobine 500m, grosseur métrique 72/2 (n°70) - Couture main et machine, tous textiles, coloris 4441",DMC,,non,,20,true,1004-4441.webp,99999,False,,,,,
1004-4446,Fils Dmc 500M - Couleur 4446,Fils,930,"Fil à coudre DMC 100% polyester, bobine 500m, grosseur métrique 72/2 (n°70) - Couture main et machine, tous textiles, coloris 4446",DMC,,non,,14,true,1004-4446.webp,99999,False,,,,,
1004-4499,Fils Dmc 500M - Couleur 4499,Fils,930,"Fil à coudre DMC 100% polyester, bobine 500m, grosseur métrique 72/2 (n°70) - Couture main et machine, tous textiles, coloris 4499",DMC,,non,,22,true,1004-4499.webp,572,False,,,,,
1004-4526,Fils Dmc 500M - Couleur 4526,Fils,930,"Fil à coudre DMC 100% polyester, bobine 500m, grosseur métrique 72/2 (n°70) - Couture main et machine, tous textiles, coloris 4526",DMC,,non,,15,true,1004-4526.webp,1888,False,,,,,
1004-4532,Fils Dmc 500M - Couleur 4532,Fils,930,"Fil à coudre DMC 100% polyester, bobine 500m, grosseur métrique 72/2 (n°70) - Couture main et machine, tous textiles, coloris 4532",DMC,,non,,22,true,1004-4532.webp,99999,False,,,,,
1004-4559,Fils Dmc 500M - Couleur 4559,Fils,930,"Fil à coudre DMC 100% polyester, bobine 500m, grosseur métrique 72/2 (n°70) - Couture main et machine, tous textiles, coloris 4559",DMC,,non,,16,true,1004-4559.webp,99999,False,,,,,
1004-4589,Fils Dmc 500M - Couleur 4589,Fils,930,"Fil à coudre DMC 100% polyester, bobine 500m, grosseur métrique 72/2 (n°70) - Couture main et machine, tous textiles, coloris 4589",DMC,,non,,24,true,1004-4589.webp,99999,False,,,,,
1004-4636,Fils Dmc 500M - Couleur 4636,Fils,930,"Fil à coudre DMC 100% polyester, bobine 500m, grosseur métrique 72/2 (n°70) - Couture main et machine, tous textiles, coloris 4636",DMC,,non,,11,true,1004-4636.webp,693,False,,,,,
1004-4640,Fils Dmc 500M - Couleur 4640,Fils,930,"Fil à coudre DMC 100% polyester, bobine 500m, grosseur métrique 72/2 (n°70) - Couture main et machine, tous textiles, coloris 4640",DMC,,non,,17,true,1004-4640.webp,1363,False,,,,,
1004-4641,Fils Dmc 500M - Couleur 4641,Fils,930,"Fil à coudre DMC 100% polyester, bobine 500m, grosseur métrique 72/2 (n°70) - Couture main et machine, tous textiles, coloris 4641",DMC,,non,,18,true,1004-4641.webp,99999,False,,,,,
1004-4642,Fils Dmc 500M - Couleur 4642,Fils,930,"Fil à coudre DMC 100% polyester, bobine 500m, grosseur métrique 72/2 (n°70) - Couture main et machine, tous textiles, coloris 4642",DMC,,non,,19,true,1004-4642.webp,99999,False,,,,,
1004-4643,Fils Dmc 500M - Couleur 4643,Fils,930,"Fil à coudre DMC 100% polyester, bobine 500m, grosseur métrique 72/2 (n°70) - Couture main et machine, tous textiles, coloris 4643",DMC,,non,,22,true,1004-4643.webp,99999,False,,,,,
1004-4645,Fils Dmc 500M - Couleur 4645,Fils,930,"Fil à coudre DMC 100% polyester, bobine 500m, grosseur métrique 72/2 (n°70) - Couture main et machine, tous textiles, coloris 4645",DMC,,non,,23,true,1004-4645.webp,99999,False,,,,,
1004-4648,Fils Dmc 500M - Couleur 4648,Fils,930,"Fil à coudre DMC 100% polyester, bobine 500m, grosseur métrique 72/2 (n°70) - Couture main et machine, tous textiles, coloris 4648",DMC,,non,,16,true,1004-4648.webp,1881,False,,,,,
1004-4651,Fils Dmc 500M - Couleur 4651,Fils,930,"Fil à coudre DMC 100% polyester, bobine 500m, grosseur métrique 72/2 (n°70) - Couture main et machine, tous textiles, coloris 4651",DMC,,non,,18,true,1004-4651.webp,99999,False,,,,,
1004-4657,Fils Dmc 500M - Couleur 4657,Fils,930,"Fil à coudre DMC 100% polyester, bobine 500m, grosseur métrique 72/2 (n°70) - Couture main et machine, tous textiles, coloris 4657",DMC,,non,,23,true,1004-4657.webp,99999,False,,,,,
1004-4709,Fils Dmc 500M - Couleur 4709,Fils,930,"Fil à coudre DMC 100% polyester, bobine 500m, grosseur métrique 72/2 (n°70) - Couture main et machine, tous textiles, coloris 4709",DMC,,non,,21,true,1004-4709.webp,1887,False,,,,,
1004-4715,Fils Dmc 500M - Couleur 4715,Fils,930,"Fil à coudre DMC 100% polyester, bobine 500m, grosseur métrique 72/2 (n°70) - Couture main et machine, tous textiles, coloris 4715",DMC,,non,,17,true,1004-4715.webp,99999,False,,,,,
1004-4717,Fils Dmc 500M - Couleur 4717,Fils,930,"Fil à coudre DMC 100% polyester, bobine 500m, grosseur métrique 72/2 (n°70) - Couture main et machine, tous textiles, coloris 4717",DMC,,non,,17,true,1004-4717.webp,99999,False,,,,,
1004-4794,Fils Dmc 500M - Couleur 4794,Fils,930,"Fil à coudre DMC 100% polyester, bobine 500m, grosseur métrique 72/2 (n°70) - Couture main et machine, tous textiles, coloris 4794",DMC,,non,,20,true,1004-4794.webp,1971,False,,,,,
1004-4802,Fils Dmc 500M - Couleur 4802,Fils,930,"Fil à coudre DMC 100% polyester, bobine 500m, grosseur métrique 72/2 (n°70) - Couture main et machine, tous textiles, coloris 4802",DMC,,non,,12,true,1004-4802.webp,1075,False,,,,,
1004-4831,Fils Dmc 500M - Couleur 4831,Fils,930,"Fil à coudre DMC 100% polyester, bobine 500m, grosseur métrique 72/2 (n°70) - Couture main et machine, tous textiles, coloris 4831",DMC,,non,,13,true,1004-4831.webp,1882,False,,,,,
1004-4847,Fils Dmc 500M - Couleur 4847,Fils,930,"Fil à coudre DMC 100% polyester, bobine 500m, grosseur métrique 72/2 (n°70) - Couture main et machine, tous textiles, coloris 4847",DMC,,non,,12,true,1004-4847.webp,1074,False,,,,,
1004-4865,Fils Dmc 500M - Couleur 4865,Fils,930,"Fil à coudre DMC 100% polyester, bobine 500m, grosseur métrique 72/2 (n°70) - Couture main et machine, tous textiles, coloris 4865",DMC,,non,,12,true,1004-4865.webp,488,False,,,,,
1004-4877,Fils Dmc 500M - Couleur 4877,Fils,930,"Fil à coudre DMC 100% polyester, bobine 500m, grosseur métrique 72/2 (n°70) - Couture main et machine, tous textiles, coloris 4877",DMC,,non,,13,true,1004-4877.webp,1073,False,,,,,
1004-4928,Fils Dmc 500M - Couleur 4928,Fils,930,"Fil à coudre DMC 100% polyester, bobine 500m, grosseur métrique 72/2 (n°70) - Couture main et machine, tous textiles, coloris 4928",DMC,,non,,12,true,1004-4928.webp,1883,False,,,,,
1004-4950,Fils Dmc 500M - Couleur 4950,Fils,930,"Fil à coudre DMC 100% polyester, bobine 500m, grosseur métrique 72/2 (n°70) - Couture main et machine, tous textiles, coloris 4950",DMC,,non,,21,true,1004-4950.webp,99999,False,,,,,
1004-BLANC,Fils Dmc 500M - Couleur Blanc,Fils,930,"Fil à coudre DMC 100% polyester, bobine 500m, grosseur métrique 72/2 (n°70) - Couture main et machine, tous textiles, coloris BLANC",DMC,,non,,20,true,1004-BLANC.webp,30,False,,,,,
1004-ECRU,Fils Dmc 500M - Couleur Ecru,Fils,930,"Fil à coudre DMC 100% polyester, bobine 500m, grosseur métrique 72/2 (n°70) - Couture main et machine, tous textiles, coloris ECRU",DMC,,non,,27,true,1004-ECRU.webp,726,False,,,,,
1004-NOIR,Fils Dmc 500M - Couleur Noir,Fils,930,"Fil à coudre DMC 100% polyester, bobine 500m, grosseur métrique 72/2 (n°70) - Couture main et machine, tous textiles, coloris NOIR",DMC,,non,,71,true,1004-NOIR.jpg,56,False,,,,,
1006-4031,Fils Dmc Epais - Couleur 4031,Fils,350,"Fil à coudre DMC épais 100% polyester, grosseur 20 (Nm 30/3) - Idéal tissus épais et lourds (jean, cuir), coloris 4031",DMC,,non,,20,true,1006-4031.jpg,2158,False,,,,,
1006-4033,Fils Dmc Epais - Couleur 4033,Fils,350,"Fil à coudre DMC épais 100% polyester, grosseur 20 (Nm 30/3) - Idéal tissus épais et lourds (jean, cuir), coloris 4033",DMC,,non,,10,true,1006-4033.jpg,1793,False,,,,,
1006-4088,Fils Dmc Epais - Couleur 4088,Fils,350,"Fil à coudre DMC épais 100% polyester, grosseur 20 (Nm 30/3) - Idéal tissus épais et lourds (jean, cuir), coloris 4088",DMC,,non,,12,true,1006-4088.jpg,1871,False,,,,,
1006-4100,Fils Dmc Epais - Couleur 4100,Fils,350,"Fil à coudre DMC épais 100% polyester, grosseur 20 (Nm 30/3) - Idéal tissus épais et lourds (jean, cuir), coloris 4100",DMC,,non,,22,true,1006-4100.jpg,1845,False,,,,,
1006-4227,Fils Dmc Epais - Couleur 4227,Fils,350,"Fil à coudre DMC épais 100% polyester, grosseur 20 (Nm 30/3) - Idéal tissus épais et lourds (jean, cuir), coloris 4227",DMC,,non,,15,true,1006-4227.jpg,1071,False,,,,,
1006-4234,Fils Dmc Epais - Couleur 4234,Fils,350,"Fil à coudre DMC épais 100% polyester, grosseur 20 (Nm 30/3) - Idéal tissus épais et lourds (jean, cuir), coloris 4234",DMC,,non,,14,true,1006-4234.jpg,1787,False,,,,,
1006-4262,Fils Dmc Epais - Couleur 4262,Fils,350,"Fil à coudre DMC épais 100% polyester, grosseur 20 (Nm 30/3) - Idéal tissus épais et lourds (jean, cuir), coloris 4262",DMC,,non,,22,true,1006-4262.jpg,99999,False,,,,,
1006-4317,Fils Dmc Epais - Couleur 4317,Fils,350,"Fil à coudre DMC épais 100% polyester, grosseur 20 (Nm 30/3) - Idéal tissus épais et lourds (jean, cuir), coloris 4317",DMC,,non,,9,true,1006-4317.jpg,1790,False,,,,,
1006-4336,Fils Dmc Epais - Couleur 4336,Fils,350,"Fil à coudre DMC épais 100% polyester, grosseur 20 (Nm 30/3) - Idéal tissus épais et lourds (jean, cuir), coloris 4336",DMC,,non,,23,true,1006-4336.jpg,2063,False,,,,,
1006-4360,Fils Dmc Epais - Couleur 4360,Fils,350,"Fil à coudre DMC épais 100% polyester, grosseur 20 (Nm 30/3) - Idéal tissus épais et lourds (jean, cuir), coloris 4360",DMC,,non,,20,true,1006-4360.jpg,1798,False,,,,,
1006-4407,Fils Dmc Epais - Couleur 4407,Fils,350,"Fil à coudre DMC épais 100% polyester, grosseur 20 (Nm 30/3) - Idéal tissus épais et lourds (jean, cuir), coloris 4407",DMC,,non,,29,true,1006-4407.jpg,2381,False,,,,,
1006-4428,Fils Dmc Epais - Couleur 4428,Fils,350,"Fil à coudre DMC épais 100% polyester, grosseur 20 (Nm 30/3) - Idéal tissus épais et lourds (jean, cuir), coloris 4428",DMC,,non,,15,true,1006-4428.jpg,2380,False,,,,,
1006-4541,Fils Dmc Epais - Couleur 4541,Fils,350,"Fil à coudre DMC épais 100% polyester, grosseur 20 (Nm 30/3) - Idéal tissus épais et lourds (jean, cuir), coloris 4541",DMC,,non,,24,true,1006-4541.jpg,99999,False,,,,,
1006-4550,Fils Dmc Epais - Couleur 4550,Fils,350,"Fil à coudre DMC épais 100% polyester, grosseur 20 (Nm 30/3) - Idéal tissus épais et lourds (jean, cuir), coloris 4550",DMC,,non,,16,true,1006-4550.jpg,2376,False,,,,,
1006-4559,Fils Dmc Epais - Couleur 4559,Fils,350,"Fil à coudre DMC épais 100% polyester, grosseur 20 (Nm 30/3) - Idéal tissus épais et lourds (jean, cuir), coloris 4559",DMC,,non,,17,true,1006-4559.jpg,829,False,,,,,
1006-4561,Fils Dmc Epais - Couleur 4561,Fils,350,,DMC,,non,,13,true,1006-4561.jpg,754,False,,,,,
1006-4636,Fils Dmc Epais - Couleur 4636,Fils,350,"Fil à coudre DMC épais 100% polyester, grosseur 20 (Nm 30/3) - Idéal tissus épais et lourds (jean, cuir), coloris 4636",DMC,,non,,18,true,1006-4636.jpg,1795,False,,,,,
1006-4640,Fils Dmc Epais - Couleur 4640,Fils,350,"Fil à coudre DMC épais 100% polyester, grosseur 20 (Nm 30/3) - Idéal tissus épais et lourds (jean, cuir), coloris 4640",DMC,,non,,20,true,1006-4640.jpg,99999,False,,,,,
1006-4641,Fils Dmc Epais - Couleur 4641,Fils,350,"Fil à coudre DMC épais 100% polyester, grosseur 20 (Nm 30/3) - Idéal tissus épais et lourds (jean, cuir), coloris 4641",DMC,,non,,24,true,1006-4641.jpg,2383,False,,,,,
1006-4642,Fils Dmc Epais - Couleur 4642,Fils,350,"Fil à coudre DMC épais 100% polyester, grosseur 20 (Nm 30/3) - Idéal tissus épais et lourds (jean, cuir), coloris 4642",DMC,,non,,28,true,,2382,False,,,,,
1006-4643,Fils Dmc Epais - Couleur 4643,Fils,350,"Fil à coudre DMC épais 100% polyester, grosseur 20 (Nm 30/3) - Idéal tissus épais et lourds (jean, cuir), coloris 4643",DMC,,non,,24,true,1006-4643.jpg,99999,False,,,,,
1006-4652,Fils Dmc Epais - Couleur 4652,Fils,350,"Fil à coudre DMC épais 100% polyester, grosseur 20 (Nm 30/3) - Idéal tissus épais et lourds (jean, cuir), coloris 4652",DMC,,non,,21,true,1006-4652.jpg,99999,False,,,,,
1006-4657,Fils Dmc Epais - Couleur 4657,Fils,350,"Fil à coudre DMC épais 100% polyester, grosseur 20 (Nm 30/3) - Idéal tissus épais et lourds (jean, cuir), coloris 4657",DMC,,non,,22,true,1006-4657.jpg,2384,False,,,,,
1006-4660,Fils Dmc Epais - Couleur 4660,Fils,350,"Fil à coudre DMC épais 100% polyester, grosseur 20 (Nm 30/3) - Idéal tissus épais et lourds (jean, cuir), coloris 4660",DMC,,non,,24,true,1006-4660.jpg,2386,False,,,,,
1006-4661,Fils Dmc Epais - Couleur 4661,Fils,350,"Fil à coudre DMC épais 100% polyester, grosseur 20 (Nm 30/3) - Idéal tissus épais et lourds (jean, cuir), coloris 4661",DMC,,non,,25,true,1006-4661.jpg,99999,False,,,,,
1006-4662,Fils Dmc Epais - Couleur 4662,Fils,350,"Fil à coudre DMC épais 100% polyester, grosseur 20 (Nm 30/3) - Idéal tissus épais et lourds (jean, cuir), coloris 4662",DMC,,non,,14,true,1006-4662.jpg,99999,False,,,,,
1006-4665,Fils Dmc Epais - Couleur 4665,Fils,350,"Fil à coudre DMC épais 100% polyester, grosseur 20 (Nm 30/3) - Idéal tissus épais et lourds (jean, cuir), coloris 4665",DMC,,non,,19,true,1006-4665.jpg,2377,False,,,,,
1006-4862,Fils Dmc Epais - Couleur 4862,Fils,350,"Fil à coudre DMC épais 100% polyester, grosseur 20 (Nm 30/3) - Idéal tissus épais et lourds (jean, cuir), coloris 4862",DMC,,non,,19,true,1006-4862.jpg,1576,False,,,,,
1006-4865,Fils Dmc Epais - Couleur 4865,Fils,350,"Fil à coudre DMC épais 100% polyester, grosseur 20 (Nm 30/3) - Idéal tissus épais et lourds (jean, cuir), coloris 4865",DMC,,non,,23,true,1006-4865.jpg,1797,False,,,,,
1006-4874,Fils Dmc Epais - Couleur 4874,Fils,350,"Fil à coudre DMC épais 100% polyester, grosseur 20 (Nm 30/3) - Idéal tissus épais et lourds (jean, cuir), coloris 4874",DMC,,non,,17,true,1006-4874.jpg,2065,False,,,,,
1006-4877,Fils Dmc Epais - Couleur 4877,Fils,350,"Fil à coudre DMC épais 100% polyester, grosseur 20 (Nm 30/3) - Idéal tissus épais et lourds (jean, cuir), coloris 4877",DMC,,non,,23,true,1006-4877.jpg,2066,False,,,,,
1006-4987,Fils Dmc Epais - Couleur 4987,Fils,350,"Fil à coudre DMC épais 100% polyester, grosseur 20 (Nm 30/3) - Idéal tissus épais et lourds (jean, cuir), coloris 4987",DMC,,non,,14,true,1006-4987.jpg,2378,False,,,,,
1006-4995,Fils Dmc Epais - Couleur 4995,Fils,350,"Fil à coudre DMC épais 100% polyester, grosseur 20 (Nm 30/3) - Idéal tissus épais et lourds (jean, cuir), coloris 4995",DMC,,non,,21,true,1006-4995.jpg,99999,False,,,,,
1006-BLANC,Fils Dmc Epais - Couleur Blanc,Fils,350,"Fil à coudre DMC épais 100% polyester, grosseur 20 (Nm 30/3) - Idéal tissus épais et lourds (jean, cuir), coloris BLANC",DMC,,non,,63,true,1006-blanc.jpg,661,False,,,,,
1006-ECRU,Fils Dmc Epais - Couleur Ecru,Fils,350,"Fil à coudre DMC épais 100% polyester, grosseur 20 (Nm 30/3) - Idéal tissus épais et lourds (jean, cuir), coloris ECRU",DMC,,non,,27,true,1006-ecru.jpg,1280,False,,,,,
1006-NOIR,Fils Dmc Epais - Couleur Noir,Fils,350,"Fil à coudre DMC épais 100% polyester, grosseur 20 (Nm 30/3) - Idéal tissus épais et lourds (jean, cuir), coloris NOIR",DMC,,non,,23,true,1006-noir.jpg,329,False,,,,,
75495,Tresse Multi Fils - Couleurs Vives - 270 Fils,Fils,710,,,,non,,9,true,75495.webp,2048,False,,,,,
98950,Tresse Multifils - Bohin,Fils,710,,Bohin,,non,,7,true,,1271,False,,,,,
PRY910106,Elastique Pour Chaussons Danse 7 Mm Beige,Lacets,950,,,,non,,1,true,,1349,False,,,,,
LACBAT3.5,Lacet Bateau Plat - Cuir 3.5 Mm,Lacets,400,,,,non,,92,true,,412,False,,,,,
62409,Lacet Cordon Blanc 75Cm 1 Paire,Lacets,610,,,,non,,10,true,,1702,False,,,,,
62408,Lacet Cordon Marron 75Cm 1 Paire,Lacets,590,,,,non,,2,true,,1221,False,,,,,
62411,Lacet Cordon Marron 90Cm 1 Paire,Lacets,660,,,,non,,4,true,,1326,False,,,,,
62410,Lacet Cordon Noir 90Cm 1 Paire,Lacets,680,,,,non,,7,true,,99999,False,,,,,
62407,Lacet Cordon Noirs 75Cm 1 Paire,Lacets,590,,,,non,,9,true,,2165,False,,,,,
LACROND2,Lacet Cuir Rond 2Mm,Lacets,400,,,,non,,55,true,,1281,False,,,,,
62414,Lacet Plat Blanc 110Cm 1 Paire,Lacets,860,,,,non,,3,true,,99999,False,,,,,
62416,Lacet Plat Blanc 150Cm 1 Paire,Lacets,915,,,,non,,10,true,,99999,False,,,,,
62412,Lacet Plat Blanc 90Cm 1 Paire,Lacets,840,,,,non,,12,true,,99999,False,,,,,
62413,Lacet Plat Noir 110Cm 1 Paire,Lacets,860,,,,non,,7,true,,1433,False,,,,,
LP304,Lacet Plats - Lurex - La Paire -90 Cm,Lacets,700,,,,non,,16,true,,1140,False,,,,,
62404,Lacet Rond Blanc 60Cm 2 Paires,Lacets,810,,,,non,,6,true,,1479,False,,,,,
62401,Lacet Rond Marron 45Cm 2 Paires,Lacets,640,,,,non,,13,true,,99999,False,,,,,
62403,Lacet Rond Marron 60Cm 2 Paires,Lacets,680,,,,non,,4,true,,2078,False,,,,,
62406,Lacet Rond Marron 90Cm 2 Paires,Lacets,930,,,,non,,4,true,,1359,False,,,,,
62402,Lacet Rond Noir 60Cm 2 Paires,Lacets,790,,,,non,,15,true,,1498,False,,,,,
62400,Lacet Rond Noirs 45Cm 2 Paires,Lacets,630,,,,non,,12,true,,99999,False,,,,,
62405,Lacet Rond Noirs 90Cm 2 Paires,Lacets,930,,,,non,,11,true,,1361,False,,,,,
M423.110,Lacets Brillants - 110 Cm - 1 Paire - S&M,Lacets,950,,,100 - OR | 120 - ARGENT | 099 - MULTI | 580 - NOIR,non,100 - OR:9|120 - ARGENT:6|099 - MULTI:5|580 - NOIR:6,26,true,M423.110.jpg,475,False,,,,,
M.421.110,Lacets Fantaisie 110Cm - 1 Paire - S&M,Lacets,800,,,912 - ROSE | 906 - JAUNE | 937 - VERT | 099 - MULTI | 923 - ORANGE,non,912 - ROSE:5|906 - JAUNE:5|937 - VERT:10|099 - MULTI:7|923 - ORANGE:5,32,true,M.421.110.jpg,669,False,,,,,
62415,Lacets Noirs 150 Cm,Lacets,915,,,,non,,13,true,,99999,False,,,,,
LP90,Lacets Plat - La Paire - 90 Cm - 100% Coton,Lacets,650,,,LP303.90.20 - ROSE | LP303.90.68 - GRIS | LP303.90.01 - NOIR | LP303.90.02 - BLANC | LP303.90.15 - MARINE,non,LP303.90.20 - ROSE:5|LP303.90.68 - GRIS:3|LP303.90.01 - NOIR:7|LP303.90.02 - BLANC:7|LP303.90.15 - MARINE:9,31,true,,549,False,,,,,
LP120,Lacets Plats - La Paire - 120 Cm - 100% Coton,Lacets,750,,,LP303.120.20 - ROSE | LP303.120.68 - GRIS | LP303.120.01 - NOIR | LP303.120.02 - BLANC,non,LP303.120.20 - ROSE:1|LP303.120.68 - GRIS:5|LP303.120.01 - NOIR:7|LP303.120.02 - BLANC:1,14,true,,288,False,,,,,
LR120,Lacets Rond - La Paire - 120Cm - 100% Coton,Lacets,700,,,01 - NOIR | 02 - BLANC | 15 - MARINE | 17 - MARRON | 63 - BEIGE,non,01 - NOIR:8|02 - BLANC:17|15 - MARINE:10|17 - MARRON:10|63 - BEIGE:9,54,true,,1067,False,,,,,
LTA809,52 Cartes - Points Crochet Texture - Ed Lta,Laine,4790,,,,non,,1,true,LTA809.jpg,628,False,,,,,
MN33056,Adorable Pique Nique Au Crochet - Ed Mango,Laine,2100,,,,non,,2,true,,99999,False,,,,,
E6539546,Adorables Amigurumis Ed De Saxe,Laine,4300,,,,non,,1,true,,99999,False,,,,,
83098,Aiguille A Coudre Le Tricot Special Layette Blister De 2,Laine,540,,,,non,,43,true,,2223,False,,,,,
KP35452,"Aiguille A Tricoter - ""Basix Beech"" - 40 Cm - 3.5 Mm",Laine,1150,,,,non,,7,true,,99999,False,,,,,
KP35454,"Aiguille A Tricoter - ""Basix Beech"" - 40 Cm - 4 Mm",Laine,1150,,,,non,,13,true,,1236,False,,,,,
KP10109,Aiguille A Tricoter - Double Pointe - Nova Metal 20Cm - 4Mm X5,Laine,2000,,,,non,,1,true,,99999,False,,,,,
68224,Aiguille A Tricoter Bambou 35Cm 10,Laine,1850,,,,non,,8,true,,99999,False,,,,,
68210,Aiguille A Tricoter Bambou 35Cm 3,Laine,1650,,,,non,,11,true,,99999,False,,,,,
68211,Aiguille A Tricoter Bambou 35Cm 3 1/2,Laine,1600,,,,non,,17,true,,1489,False,,,,,
68213,Aiguille A Tricoter Bambou 35Cm 4 1/2,Laine,1430,,,,non,,8,true,,99999,False,,,,,
68214,Aiguille A Tricoter Bambou 35Cm 5,Laine,1650,,,,non,,20,true,,99999,False,,,,,
68216,Aiguille A Tricoter Bambou 35Cm 6,Laine,1650,,,,non,,13,true,,1468,False,,,,,
68217,Aiguille A Tricoter Bambou 35Cm 6.5,Laine,1650,,,,non,,18,true,,99999,False,,,,,
68218,Aiguille A Tricoter Bambou 35Cm 7,Laine,1750,,,,non,,9,true,,99999,False,,,,,
68219,Aiguille A Tricoter Bambou 35Cm 7.5,Laine,1800,,,,non,,9,true,,99999,False,,,,,
68220,Aiguille A Tricoter Bambou 35Cm 8,Laine,1760,,,,non,,5,true,,1414,False,,,,,
68222,Aiguille A Tricoter Bambou 35Cm 9,Laine,1850,,,,non,,12,true,,99999,False,,,,,
68108,Aiguille A Tricoter Bg30 Etui 2 2,Laine,470,,,,non,,4,true,,2321,False,,,,,
68109,Aiguille A Tricoter Bg30 Etui 2 2 1/2,Laine,800,,,,non,,6,true,,945,False,,,,,
68113,Aiguille A Tricoter Bg30 Etui 2 4 1/2,Laine,1100,,,,non,,12,true,,99999,False,,,,,
68114,Aiguille A Tricoter Bg30 Etui 2 5,Laine,1090,,,,non,,14,true,,99999,False,,,,,
68115,Aiguille A Tricoter Bg30 Etui 2 5 1/2,Laine,1000,,,,non,,8,true,,1816,False,,,,,
68008,Aiguille A Tricoter Bg40 Etui 2 2,Laine,475,,,,non,,18,true,,2289,False,,,,,
68009,Aiguille A Tricoter Bg40 Etui 2 2 1/2,Laine,800,,,,non,,6,true,,2001,False,,,,,
68010,Aiguille A Tricoter Bg40 Etui 2 3,Laine,950,,,,non,,12,true,,822,False,,,,,
68011,Aiguille A Tricoter Bg40 Etui 2 3 1/2,Laine,950,,,,non,,12,true,,1864,False,,,,,
68012,Aiguille A Tricoter Bg40 Etui 2 4,Laine,1090,,,,non,,11,true,,485,False,,,,,
68013,Aiguille A Tricoter Bg40 Etui 2 4 1/2,Laine,1090,,,,non,,9,true,,1758,False,,,,,
68014,Aiguille A Tricoter Bg40 Etui 2 5,Laine,1090,,,,non,,13,true,,1759,False,,,,,
68015,Aiguille A Tricoter Bg40 Etui 2 5 1/2,Laine,1090,,,,non,,11,true,,1261,False,,,,,
68293,Aiguille A Tricoter Bois 35Cm Nø15,Laine,2140,,,,non,,6,true,,99999,False,,,,,
KP10427,Aiguille Circu Inter - Nova Metal - 5.5 Mm - 10Cm - Knit Pro,Laine,1250,,,,non,,4,true,,99999,False,,,,,
KP10424,Aiguille Circu Interchangeable - Nova Metal - 4Mm - 10Cm - Knitpro,Laine,1250,,,,non,,4,true,,1652,False,,,,,
KP35653,"Aiguille Circu. Inter "" Basix Beech"" - 3.5Mm -8.5 Cm - Knit Pro",Laine,900,,,,non,,1,true,,1513,False,,,,,
KP35655,"Aiguille Circu. Inter "" Basix Beech"" - 4 Mm -8.5 Cm - Knit Pro",Laine,900,,,,non,,4,true,,1904,False,,,,,
KP35656,"Aiguille Circu. Inter "" Basix Beech"" - 4.5 Mm -8.5 Cm - Knit Pro",Laine,950,,,,non,,3,true,,99999,False,,,,,
KP35657,"Aiguille Circu. Inter "" Basix Beech"" - 5 Mm -8.5 Cm - Knit Pro",Laine,950,,,,non,,2,true,,99999,False,,,,,
KP35658,"Aiguille Circu. Inter "" Basix Beech"" - 5.5 Mm -8.5 Cm - Knit Pro",Laine,1000,,,,non,,3,true,,99999,False,,,,,
KP35651,"Aiguille Circu. Inter - ""Basix Beech"" - 3Mm - 8.5 Cm - Knit Pro",Laine,900,,,,non,,3,true,,99999,False,,,,,
KP10421,"Aiguille Circu. Interchangeable ""Nova Metal"" - 3Mm - 10Cm - Knit Pro",Laine,1300,,,,non,,2,true,,1151,False,,,,,
KP10405,"Aiguille Circu. Interchangeable ""Nova Metal"" - 5.5Mm - 13 Cm - Knit Pro",Laine,1300,,,,non,,3,true,,99999,False,,,,,
KP10406,"Aiguille Circu. Interchangeable ""Nova Metal"" - 6Mm - 13 Cm - Knit Pro",Laine,1550,,,,non,,3,true,,99999,False,,,,,
KP10428,"Aiguille Circu. Interchangeable ""Nova Metal"" - 6Mm - 8Cm - Knitpro",Laine,1550,,,,non,,3,true,,99999,False,,,,,
KP10407,"Aiguille Circu. Interchangeable ""Nova Metal"" - 7Mm - 13Cm - Knitpro",Laine,1550,,,,non,,3,true,,99999,False,,,,,
KP10408,"Aiguille Circu. Interchangeable ""Nova Metal"" - 8Mm - 13Cm - Knitpro",Laine,1550,,,,non,,3,true,,99999,False,,,,,
KP10409,"Aiguille Circu. Interchangeable ""Nova Metal"" - 9Mm - 13Cm - Knitpro",Laine,1950,,,,non,,2,true,,99999,False,,,,,
KP10422,"Aiguille Circu. Interchangeable - ""Nova Metal "" 3.5Mm - 10 Cm - Knitpro",Laine,1250,,,,non,,3,true,,1660,False,,,,,
KP10410,Aiguille Circu. Interchangeable - Nova Metal - 10Mm - 13 Cm - Knitpro,Laine,1950,,,,non,,2,true,,1334,False,,,,,
KP10425,Aiguille Circu. Interchangeable - Nova Metal - 4.5Mm - 10Cm - Knitpro,Laine,1300,,,,non,,3,true,,99999,False,,,,,
KP35631,"Aiguille Circualire Interchangeable ""Basix Beech"" 3Mm - Bois",Laine,900,,,,non,,1,true,,1905,False,,,,,
KP11343,"Aiguille Circulaire "" Nova Metal - 80 Cm - 7Mm - Knit Pro",Laine,1720,,,,non,,3,true,,99999,False,,,,,
KP47058,"Aiguille Circulaire "" Zing"" - 25Cm - 4Mm",Laine,1600,,,,non,,3,true,,99999,False,,,,,
KP35308,"Aiguille Circulaire ""Basix Beech "" - 40 Cm - 4 Mm",Laine,950,,,,non,,4,true,,99999,False,,,,,
KP35309,"Aiguille Circulaire ""Basix Beech "" - 40 Cm - 4.5Mm",Laine,950,,,,non,,1,true,,99999,False,,,,,
KP35334,"Aiguille Circulaire ""Basix Beech "" - 80 Cm - 7Mm",Laine,1250,,,,non,,1,true,,99999,False,,,,,
KP35311,"Aiguille Circulaire ""Basix Beech"" - 40 Cm - 5.5 Mm",Laine,1000,,,,non,,2,true,,99999,False,,,,,
KP35310,"Aiguille Circulaire ""Basix Beech"" - 40 Cm - 5Mm",Laine,950,,,,non,,3,true,,99999,False,,,,,
KP11335,"Aiguille Circulaire ""Nova Metal "" - 80Cm - 3.5 Mm - Knit Pro",Laine,1330,,,,non,,2,true,,1618,False,,,,,
KP10302,"Aiguille Circulaire ""Nova Metal"" - 40 Cm - 2.5Mm",Laine,1300,,,,non,,1,true,,1130,False,,,,,
KP10301,"Aiguille Circulaire ""Nova Metal"" - 40 Cm - 2Mm",Laine,1300,,,,non,,3,true,,99999,False,,,,,
KP10351,"Aiguille Circulaire ""Nova Metal"" - 40 Cm - 3.5Mm",Laine,1350,,,,non,,3,true,,99999,False,,,,,
KP10303,"Aiguille Circulaire ""Nova Metal"" - 40 Cm - 3Mm",Laine,1300,,,,non,,2,true,,1634,False,,,,,
KP10356,"Aiguille Circulaire ""Nova Metal"" - 40 Cm - 5.5Mm",Laine,1500,,,,non,,2,true,,1525,False,,,,,
KP10355,"Aiguille Circulaire ""Nova Metal"" - 40 Cm - 5Mm",Laine,1500,,,,non,,2,true,,1528,False,,,,,
KP10358,"Aiguille Circulaire ""Nova Metal"" - 40 Cm - 6.5Mm",Laine,1700,,,,non,,3,true,,99999,False,,,,,
KP10357,"Aiguille Circulaire ""Nova Metal"" - 40 Cm - 6Mm",Laine,1500,,,,non,,4,true,,99999,False,,,,,
KP10360,"Aiguille Circulaire ""Nova Metal"" - 40 Cm - 7 Mm",Laine,1700,,,,non,,4,true,,99999,False,,,,,
KP10359,"Aiguille Circulaire ""Nova Metal"" - 40 Cm - 8Mm",Laine,1700,,,,non,,4,true,,99999,False,,,,,
KP10354,"Aiguille Circulaire ""Nova Metal"" - 40Cm - 4.5 Mm",Laine,1500,,,,non,,3,true,,99999,False,,,,,
KP11346,"Aiguille Circulaire ""Nova Metal"" - 80 Cm - 10 Mm - Knit Pro",Laine,1850,,,,non,,2,true,,1368,False,,,,,
KP10321,"Aiguille Circulaire ""Nova Metal"" - 80 Cm - 2Mm",Laine,1300,,,,non,,3,true,,99999,False,,,,,
KP11339,"Aiguille Circulaire ""Nova Metal"" - 80 Cm - 5Mm - Knit Pro",Laine,1515,,,,non,,2,true,,703,False,,,,,
KP11338,"Aiguille Circulaire ""Nova Metal"" - 80Cm - 4.5Mm",Laine,1515,,,,non,,1,true,,997,False,,,,,
KP11337,"Aiguille Circulaire ""Nova Metal"" - 80Cm - 4Mm",Laine,1330,,,,non,,1,true,,1108,False,,,,,
KP11340,"Aiguille Circulaire ""Nova Metal"" - 80Cm - 5.5Mm",Laine,1515,,,,non,,3,true,,99999,False,,,,,
KP11341,"Aiguille Circulaire ""Nova Metal"" - 80Cm - 6Mm",Laine,1515,,,,non,,3,true,,99999,False,,,,,
KP11344,"Aiguille Circulaire ""Nova Metal"" - 80Cm - 8Mm",Laine,1720,,,,non,,3,true,,99999,False,,,,,
KP20982,"Aiguille Circulaire ""Symfonie "" - 25 Cm - 2.5Mm",Laine,1700,,,,non,,2,true,,1444,False,,,,,
KP20986,"Aiguille Circulaire ""Symfonie "" - 25 Cm - 3.5Mm",Laine,1800,,,,non,,1,true,,1400,False,,,,,
KP20988,"Aiguille Circulaire ""Symfonie "" - 25 Cm - 4Mm",Laine,1800,,,,non,,2,true,,1399,False,,,,,
KP20989,"Aiguille Circulaire ""Symphonie"" - 25 Cm - 4.5Mm - Knit Pro",Laine,1900,,,,non,,4,true,,99999,False,,,,,
KP20990,"Aiguille Circulaire ""Symphonie"" - 25 Cm - 5Mm - Knit Pro",Laine,1900,,,,non,,2,true,,99999,False,,,,,
KP47056,"Aiguille Circulaire ""Zing"" - 25Cm - 3.5 Mm",Laine,1500,,,,non,,3,true,,99999,False,,,,,
KP35385,"Aiguille Circulaire - "" Basic Beech"" - 80 Cm - 4.5Mm",Laine,950,,,,non,,1,true,,1865,False,,,,,
KP35306,"Aiguille Circulaire - ""Basix Beech "" - 40 Cm - 3.5 Mm",Laine,900,,,,non,,5,true,,99999,False,,,,,
KP35304,"Aiguille Circulaire - ""Basix Beech"" - 40 Cm - 3 Mm",Laine,900,,,,non,,2,true,,99999,False,,,,,
KP35312,"Aiguille Circulaire - ""Basix Beech"" - 40 Cm - 6 Mm - Knit Pro",Laine,1050,,,,non,,4,true,,99999,False,,,,,
KP35332,"Aiguille Circulaire - ""Basix Beech"" - 80 Cm - 6 Mm",Laine,1050,,,,non,,3,true,,99999,False,,,,,
KP35376,"Aiguille Circulaire - ""Basix Beech"" - 80Cm - 2 Mm",Laine,900,,,,non,,4,true,,99999,False,,,,,
KP47050,"Aiguille Circulaire - ""Zing"" - 25 Cm - 2Mm",Laine,1500,,,,non,,1,true,,99999,False,,,,,
KP47060,"Aiguille Circulaire - ""Zing"" - 25 Cm - 5 Mm - Knit Pro",Laine,1600,,,,non,,2,true,,99999,False,,,,,
LAI_04,Aiguille Circulaire - 40Cm - N°6,Laine,610,,,,non,,2,true,,99999,False,,,,,
KP35384,"Aiguille Circulaire -""Basic Beech"" - 80 Cm - 4Mm",Laine,950,,,,non,,2,true,,1350,False,,,,,
91010.80.20,Aiguille Circulaire Alu Fixe 2Mm - 80Cm - Rico,Laine,950,,,,non,,10,true,,99999,False,,,,,
68274,Aiguille Circulaire Bambou - N°5 - 80 Cm - Bohin,Laine,1780,"Aiguille circulaire en bambou BOHIN, 80cm, n°5 - Pointes lisses pour un tricot fluide",Bohin,,non,,4,true,68274.webp,99999,False,,,,,
68270,Aiguille Circulaire Bambou N°3 - 80 Cm - Bohin,Laine,1620,"Aiguille circulaire en bambou BOHIN, 80cm, n°3 - Pointes lisses pour un tricot fluide",Bohin,,non,,4,true,68270.webp,99999,False,,,,,
68271,Aiguille Circulaire Bambou N°3.5 - 80Cm - Bohin,Laine,1620,"Aiguille circulaire en bambou BOHIN, 80cm, n°3.5 - Pointes lisses pour un tricot fluide",Bohin,,non,,5,true,68271.webp,99999,False,,,,,
CL3869,Aiguille Circulaire Bambou Takumi 40 Cm - 4Mm,Laine,1800,,,,non,,1,true,,99999,False,,,,,
68910,Aiguille Circulaire Bohin N°3,Laine,1360,"Aiguille circulaire en bois BOHIN, 80cm, n°3 - Pointes lisses pour un tricot fluide",Bohin,,non,,6,true,68910.webp,99999,False,,,,,
KP10353,"Aiguille Circulaire Fixe ""Nova Metal"" 40 Cm - 4 Mm",Laine,1300,,,,non,,3,true,,99999,False,,,,,
KP35302,"Aiguille Circulaire Fixe - ""Basix Beech"" - 40 Cm - 2.5Mm",Laine,900,,,,non,,2,true,,1897,False,,,,,
KP35300,"Aiguille Circulaire Fixe - ""Basix Beech"" - 40Cm - 2 Mm",Laine,900,,,,non,,2,true,,99999,False,,,,,
KP35633,"Aiguille Circulaire Interchangeable "" Basix Beech"" - 11.6 Cm - 3.5Mm",Laine,900,,,,non,,2,true,,1401,False,,,,,
KP35644,"Aiguille Circulaire Interchangeable - ""Basic Beech"" - 11.6 Cm - 10 Mm",Laine,1500,,,,non,,1,true,,99999,False,,,,,
KP35635,"Aiguille Circulaire Interchangeable - ""Basic Beech"" - 11.6 Cm - 4 Mm",Laine,900,,,,non,,3,true,,99999,False,,,,,
KP35636,"Aiguille Circulaire Interchangeable - ""Basic Beech"" - 11.6 Cm - 4.5 Mm",Laine,900,,,,non,,5,true,,99999,False,,,,,
KP35638,"Aiguille Circulaire Interchangeable - ""Basic Beech"" - 11.6 Cm - 5.5 Mm",Laine,920,,,,non,,3,true,,99999,False,,,,,
KP35659,"Aiguille Circulaire Interchangeable - ""Basic Beech"" - 8.5 Cm - 6 Mm",Laine,1100,,,,non,,4,true,,99999,False,,,,,
KP35637,"Aiguille Circulaire Interchangeable - ""Basix Beech"" - 11.6 Cm - 5Mm",Laine,900,,,,non,,1,true,,1896,False,,,,,
KP10426,Aiguille Circulaire Interchangeable - Nova Metal - 5Mm - 10 Cm - Knitpro,Laine,1300,,,,non,,2,true,,1632,False,,,,,
38114.80.15,Aiguille Circulaire N°15 - 80 Cm - Bois - Rico,Laine,2580,,,,non,,5,true,,99999,False,,,,,
68909,Aiguille Circulaire N°2.5 - 80Cm - Bohin,Laine,1360,"Aiguille circulaire en bois BOHIN, 80cm, n°2.5 - Pointes lisses pour un tricot fluide",Bohin,,non,,3,true,68909.webp,1092,False,,,,,
KP20980,Aiguille Circulaire Symfonie - 2Mm X 25 Cm,Laine,1700,,,,non,,3,true,,99999,False,,,,,
KP47330,"Aiguille Tricot "" Zing"" - 4.5 Mm - 40Cm - Knit Pro",Laine,1100,,,,non,,5,true,,1745,False,,,,,
KP35288,"Aiguille Tricot ""Basix Beech "" - 40 Cm - 12Mm",Laine,1400,,,,non,,5,true,,99999,False,,,,,
KP35282,"Aiguille Tricot ""Basix Beech "" - 40 Cm - 6 Mm",Laine,1300,,,,non,,5,true,,99999,False,,,,,
KP35206,"Aiguille Tricot ""Basix Beech "" -5.5Mm - 25 Cm - Knit Pro",Laine,1000,,,,non,,3,true,,1323,False,,,,,
KP35424,"Aiguille Tricot ""Basix Beech"" - 4Mm - 25 Cm - Knit Pro",Laine,850,,,,non,,2,true,,1448,False,,,,,
KP35422,"Aiguille Tricot ""Basix Beech"" 3.5 Mm - 25 Cm - Knit Pro",Laine,850,,,,non,,3,true,,99999,False,,,,,
KP51167,"Aiguille Tricot ""Trendz "" - 15 Cm - 4.5 Mm - Acrylique - Knit Pro",Laine,600,,,,non,,2,true,,2134,False,,,,,
KP51168,"Aiguille Tricot ""Trendz "" - 15 Cm - 5 Mm - Acrylique - Knit Pro",Laine,600,,,,non,,2,true,,2141,False,,,,,
KP51171,"Aiguille Tricot ""Trendz "" - 25 Cm - 4 Mm - Acrylique - Knit Pro",Laine,600,,,,non,,2,true,,1675,False,,,,,
KP51173,"Aiguille Tricot ""Trendz"" - 25 Cm - 5 Mm - Acrylique - Knit Pro",Laine,600,,,,non,,1,true,,1385,False,,,,,
KP51175,"Aiguille Tricot ""Trendz"" - 25 Cm - 6 Mm - Acrylique - Knit Pro",Laine,850,,,,non,,2,true,,1449,False,,,,,
KP47237,"Aiguille Tricot ""Zing"" - 25 Cm - 3.5 Mm - Knit Pro",Laine,1050,,,,non,,3,true,,1277,False,,,,,
KP47239,"Aiguille Tricot ""Zing"" - 25 Cm - 4 Mm - Knit Pro",Laine,1150,,,,non,,2,true,,883,False,,,,,
KP47329,"Aiguille Tricot ""Zing"" - 4Mm - 40 Cm - Knit Pro",Laine,1100,,,,non,,3,true,,1252,False,,,,,
KP47244,"Aiguille Tricot ""Zing"" - 6.5 Mm - 25 Cm - Knit Pro",Laine,1380,,,,non,,3,true,,1587,False,,,,,
KP47242,"Aiguille Tricot ""Zing"" 5.5 Mm - 25 Cm - Kniit Pro",Laine,1280,,,,non,,2,true,,1148,False,,,,,
KP10120,"Aiguille Tricot - Double Pointes ""Nova Metal"" - 3.5Mm - 15 Cm - Knit Pro",Laine,1550,,,,non,,3,true,,981,False,,,,,
68510,Aiguille Tricot 2Ptes Bl20 Etui 5 3,Laine,1200,,,,non,,5,true,,1214,False,,,,,
68511,Aiguille Tricot 2Ptes Bl20 Etui 5 3.5,Laine,1120,,,,non,,7,true,,99999,False,,,,,
68512,Aiguille Tricot 2Ptes Bl20 Etui 5 4,Laine,1200,,,,non,,14,true,,99999,False,,,,,
68513,Aiguille Tricot 2Ptes Bl20 Etui 5 4.5,Laine,1120,,,,non,,10,true,,1734,False,,,,,
68514,Aiguille Tricot 2Ptes Bl20 Etui 5 5,Laine,1050,,,,non,,14,true,,1780,False,,,,,
68257,Aiguille Tricot Bambou 2 Pointes 6.5,Laine,1440,,,,non,,6,true,,99999,False,,,,,
68258,Aiguille Tricot Bambou 2 Pointes 7,Laine,1440,,,,non,,3,true,,99999,False,,,,,
68260,Aiguille Tricot Bambou 2 Pointes 8,Laine,1440,,,,non,,3,true,,1552,False,,,,,
68310,Aiguille Tricot Bois - 40 Cm - 10 - Bohin,Laine,1650,"Aiguille à tricoter droite en bois BOHIN, 40cm",Bohin,,non,,4,true,68310.webp,99999,False,,,,,
68301,Aiguille Tricot Bois - 40 Cm - 4 - Bohin,Laine,1100,"Aiguille à tricoter droite en bois BOHIN, 40cm",Bohin,,non,,3,true,68301.webp,1255,False,,,,,
68302,Aiguille Tricot Bois - 40 Cm - 4.5 - Bohin,Laine,1100,"Aiguille à tricoter droite en bois BOHIN, 40cm",Bohin,,non,,5,true,68302.webp,99999,False,,,,,
68303,Aiguille Tricot Bois - 40 Cm - 5 - Bohin,Laine,1250,"Aiguille à tricoter droite en bois BOHIN, 40cm",Bohin,,non,,4,true,68303.webp,1653,False,,,,,
68304,Aiguille Tricot Bois - 40 Cm - 5.5 - Bohin,Laine,1250,"Aiguille à tricoter droite en bois BOHIN, 40cm",Bohin,,non,,4,true,68304.webp,99999,False,,,,,
68305,Aiguille Tricot Bois - 40 Cm - 6 - Bohin,Laine,1250,"Aiguille à tricoter droite en bois BOHIN, 40cm",Bohin,,non,,5,true,68305.webp,99999,False,,,,,
68306,Aiguille Tricot Bois - 40 Cm - 6.5 - Bohin,Laine,1350,"Aiguille à tricoter droite en bois BOHIN, 40cm",Bohin,,non,,2,true,68306.webp,99999,False,,,,,
68307,Aiguille Tricot Bois - 40 Cm - 7 - Bohin,Laine,1350,"Aiguille à tricoter droite en bois BOHIN, 40cm",Bohin,,non,,4,true,68307.webp,1601,False,,,,,
68308,Aiguille Tricot Bois - 40 Cm - 8- Bohin,Laine,1450,"Aiguille à tricoter droite en bois BOHIN, 40cm",Bohin,,non,,4,true,68308.webp,1541,False,,,,,
68309,Aiguille Tricot Bois - 40 Cm - 9 - Bohin,Laine,1450,"Aiguille à tricoter droite en bois BOHIN, 40cm",Bohin,,non,,3,true,68309.webp,1539,False,,,,,
68300,Aiguille Tricot Bois - 40Cm - 3.5 - Bohin,Laine,1100,"Aiguille à tricoter droite en bois BOHIN, 40cm",Bohin,,non,,5,true,68300.webp,99999,False,,,,,
KP10103,"Aiguille Tricot Double Pointe ""Nova Metal"" - 2.5Mm - 15Cm - Knit Pro",Laine,1320,,,,non,,2,true,,99999,False,,,,,
104431,Aiguilles A Torsade N°2.5 & N°4,Laine,600,,,,non,,3,true,,1387,False,,,,,
98622,Aiguilles Tricot 25Cm N°3,Laine,760,,,,non,,9,true,,1517,False,,,,,
98623,Aiguilles Tricot 25Cm N°4,Laine,920,,,,non,,8,true,,1374,False,,,,,
98624,Aiguilles Tricot 25Cm N°5,Laine,920,,,,non,,9,true,,99999,False,,,,,
PHIL_5B,Aiguilles Tricot Bois N° 5,Laine,1600,,,,non,,6,true,,99999,False,,,,,
PHIL_45B,Aiguilles Tricot Bois N°4.5,Laine,1600,,,,non,,8,true,,99999,False,,,,,
PHIL_5.5B,Aiguilles Tricot Bois N°5.5,Laine,1600,,,,non,,14,true,,99999,False,,,,,
PHIL_A10,Aiguilles Tricot N° 10,Laine,700,,,,non,,2,true,,2056,False,,,,,
PHIL_55,Aiguilles Tricot N° 5.5,Laine,1060,,,,non,,2,true,,1770,False,,,,,
PHIL_11,Aiguilles Tricot N°11,Laine,1000,,,,non,,14,true,,99999,False,,,,,
PHIL_12,Aiguilles Tricot N°12,Laine,1000,,,,non,,3,true,,99999,False,,,,,
PHIL_13,Aiguilles Tricot N°13,Laine,1000,,,,non,,20,true,,99999,False,,,,,
PHIL_15,Aiguilles Tricot N°15,Laine,1000,,,,non,,5,true,,1823,False,,,,,
PHIL_65,Aiguilles Tricot N°6.5,Laine,1100,,,,non,,11,true,,919,False,,,,,
68166,Aiguilletricot Plastique 35Cm Etui Nø10,Laine,1250,,,,non,,6,true,,1658,False,,,,,
68167,Aiguilletricot Plastique 35Cm Etui Nø12,Laine,1210,,,,non,,6,true,,99999,False,,,,,
68170,Aiguilletricot Plastique 35Cm Etui Nø15,Laine,1210,,,,non,,1,true,,1673,False,,,,,
68161,Aiguilletricot Plastique 35Cm Etui Nø6.5,Laine,1150,,,,non,,7,true,,1233,False,,,,,
68162,Aiguilletricot Plastique 35Cm Etui Nø8,Laine,1250,,,,non,,10,true,,99999,False,,,,,
68165,Aiguilletricot Plastique 35Cm Etui Nø9,Laine,1350,,,,non,,8,true,,1602,False,,,,,
X129,Anneaux De Marquage X 24 - Celia'S,Laine,500,,,,non,,20,true,,874,False,,,,,
38018.001,Arret Maille - 12 Cm - Rico,Laine,500,,,,non,,6,true,,99999,False,,,,,
KP10830,Bloqueurs De Chaussette X2 - 35/37.5 - Knit Pro,Laine,3300,,,,non,,2,true,,99999,False,,,,,
KP10829,Bloqueurs De Chaussette X2 - 38/40 - Knit Pro,Laine,3300,,,,non,,1,true,,918,False,,,,,
K7095,Bouchon Aiguille A Tricoter - Katia,Laine,1250,,Katia,,non,,10,true,K7095.jpg,99999,False,,,,,
15814_1,Bouquin Knitty 4,Laine,250,,,,non,,4,true,,99999,False,,,,,
990434,"Box Ricorumi X 35 Pelotes - ""Christmas Cups",Laine,10540,,,,non,,1,true,990434.jpg,99999,False,,,,,
KP10525,Cable Circulaire Pour Aiguille - 126 Cm - Noir,Laine,700,,,,non,,9,true,,99999,False,,,,,
KP10521,Cable Circulaire Pour Aiguille - 40 Cm Noir,Laine,700,,,,non,,6,true,,2050,False,,,,,
KP10523,Cable Circulaire Pour Aiguille 76 Cm - Noir,Laine,700,,,,non,,4,true,,1564,False,,,,,
KP10524,Cable Interchangeable Aiguillecirculaire -120Cm ( 94 Nm + Aiguille) -Knitpro,Laine,700,,,,non,,5,true,,1572,False,,,,,
KP10645,Cable Pivotant 360° - Acier Inox - 100Cm : 76 Cm+Aiguille - Knit Pro,Laine,1000,,,,non,,2,true,,1818,False,,,,,
KP10647,Cable Pivotant 360° - Acier Inox - 150Cm : 126 Cm+Aiguille - Knit Pro,Laine,1000,,,,non,,2,true,,1319,False,,,,,
KP10641,Cable Pivotant 360° - Acier Inox - 40Cm : 20 Cm+Aiguille - Knit Pro,Laine,1000,,,,non,,3,true,,1830,False,,,,,
KP10643,Cable Pivotant 360° - Acier Inox - 60Cm : 35 Cm+Aiguille - Knit Pro,Laine,1000,,,,non,,1,true,,793,False,,,,,
CATAL_317281,Catalogue,Laine,1000,,,,non,,1,true,,99999,False,,,,,
CAT_170,Catalogue Best Of Homme - N°170 - Plassard,Laine,1050,"Catalogue papier Plassard ""Best Of Homme"" N°170 : modèles tricot/crochet homme",,,non,,5,true,,99999,False,,,,,
CATAL_CB,Catalogue Cheval Blanc,Laine,990,Catalogue papier Cheval Blanc présentant les nouveaux fils et modèles tricot de la collection,Cheval Blanc,,non,,12,true,,1260,False,,,,,
CAT_44,Catalogue Cheval Blanc - Ete 22 - N°44,Laine,450,Catalogue papier Cheval Blanc - Été N°44 - Nouveaux fils et modèles tricot de la saison,Cheval Blanc,,non,,4,true,,99999,False,,,,,
CAT_27,Catalogue Cheval Blanc - Ete 27,Laine,980,Catalogue papier Cheval Blanc - Été N°27 - Nouveaux fils et modèles tricot de la saison,Cheval Blanc,,non,,3,true,,99999,False,,,,,
CAT_41,Catalogue Cheval Blanc - Femme Venis N° 41,Laine,450,Catalogue papier Cheval Blanc - Collection Femme Venise N°41 - Nouveaux fils et modèles tricot,Cheval Blanc,,non,,3,true,,2247,False,,,,,
CAT_40,Catalogue Cheval Blanc - Hiver 21-22 - N°40,Laine,450,Catalogue papier Cheval Blanc - Hiver 21-22 N°40 - Nouveaux fils et modèles tricot de la saison,Cheval Blanc,,non,,5,true,,99999,False,,,,,
CAT_42,Catalogue Cheval Blanc - Hiver 21-22 - N°42,Laine,450,Catalogue papier Cheval Blanc - Hiver 21-22 N°42 - Nouveaux fils et modèles tricot de la saison,Cheval Blanc,,non,,5,true,,99999,False,,,,,
CAT_43,Catalogue Cheval Blanc - Layette - N°43,Laine,450,Catalogue papier Cheval Blanc - Layette N°43 - Nouveaux fils et modèles tricot de la saison,Cheval Blanc,,non,,3,true,,99999,False,,,,,
CATAL_Y9651,Catalogue Dmc,Laine,760,Catalogue papier DMC : modèles tricot/crochet et nuancier de coloris de la saison,DMC,,non,,9,true,,99999,False,,,,,
CATAL_Y9652,Catalogue Dmc,Laine,760,Catalogue papier DMC : modèles tricot/crochet et nuancier de coloris de la saison,DMC,,non,,4,true,,99999,False,,,,,
15581,Catalogue Dmc,Laine,1540,Catalogue papier DMC : modèles tricot/crochet et nuancier de coloris de la saison,DMC,,non,,1,true,,1460,False,,,,,
CATAL_14951,Catalogue Dmc Natura,Laine,1350,"Catalogue papier DMC, collection Natura : modèles tricot/crochet et nuancier de la gamme Natura",DMC,,non,,10,true,,99999,False,,,,,
CATAL_15227,Catalogue Dmc Natura Xl,Laine,1500,"Catalogue papier DMC, collection Natura XL : modèles tricot/crochet et nuancier de la gamme Natura XL",DMC,,non,,1,true,,99999,False,,,,,
15581_1,Catalogue Dmc Wonder Wool,Laine,1500,"Catalogue papier DMC, collection Wonder Wool : modèles tricot/crochet et nuancier de la gamme",DMC,,non,,2,true,,99999,False,,,,,
CAT_183,Catalogue Enfants - Hiver - N°183 - Plassard,Laine,1500,"Catalogue papier Plassard ""Enfants Hiver"" N°183 : modèles tricot/crochet enfant",,,non,,5,true,,99999,False,,,,,
CAT_192,Catalogue Femme Ete - N°192 - Plassard,Laine,1900,"Catalogue papier Plassard ""Femme Été"" N°192 : modèles tricot/crochet femme",,,non,,8,true,,768,False,,,,,
CAT_173,Catalogue Femme/Homme - Intemporel Hiver N° 173 - Plassard,Laine,1500,"Catalogue papier Plassard ""Femme/Homme Intemporel Hiver"" N°173 : modèles tricot/crochet",,,non,,4,true,,99999,False,,,,,
CAT_177,Catalogue Grandes Tailles Tricot Femme - N°177 - Plassard,Laine,1160,"Catalogue papier Plassard ""Grandes Tailles Tricot Femme"" N°177",,,non,,4,true,,1654,False,,,,,
CAT_193,Catalogue Layette/ Enfants - Ete N°193 - Plassard,Laine,1900,"Catalogue papier Plassard ""Layette/Enfants Été"" N°193 : modèles tricot/crochet layette et enfant",,,non,,3,true,,766,False,,,,,
15826_1,Catalogue Natura - 4 Projets Crochets Accessoirs -Dmc,Laine,700,"Catalogue papier DMC ""4 projets crochet accessoires"" avec la gamme Natura",DMC,,non,,4,true,,99999,False,,,,,
15571,Catalogue Natura Enfant N11 -Dmc,Laine,900,"Catalogue papier DMC ""Natura Enfant N°11"" : modèles tricot/crochet enfant avec la gamme Natura",DMC,,non,,4,true,,1847,False,,,,,
15577_1,Catalogue Natura Lin,Laine,500,,,,non,,14,true,,2228,False,,,,,
CAT_178,Catalogue Plassard N 178,Laine,1500,Catalogue papier Plassard N°178 : modèles tricot/crochet de la saison,,,non,,3,true,,913,False,,,,,
CAT_184,Catalogue Special Crochet - Femme - N°184 - Plassard,Laine,1500,"Catalogue papier Plassard ""Spécial Crochet Femme"" N°184",,,non,,4,true,,1482,False,,,,,
15569L_1,Catalogue Spécial Woolly - 5 Modèles - Dmc,Laine,0,,DMC,,non,,2,true,,99999,False,,,,,
15570_1,Catalogue Tricot,Laine,560,,,,non,,4,true,,99999,False,,,,,
KP47430,"Coffret 9 Crochets - ""Zing"" - Knit Pro",Laine,6600,,,,non,,1,true,,480,False,,,,,
8143ASS,Coffret Happy Chenille 25 Pelotes -Dmc,Laine,6400,"Coffret DMC ""Happy Chenille"", 25 pelotes assorties de fil chenille pour tricot/crochet",DMC,,non,,3,true,8143ASS.jpg,122,False,,,,,
KP10860,"Compte Rang ""Clicky"" - Knit Pro",Laine,1300,,,,non,,1,true,,1126,False,,,,,
250091,Compte Rangs Ute,Laine,500,,,,non,,21,true,,1325,False,,,,,
00D005,Cordonnet Special N°100,Laine,200,,,,non,,25,true,,2354,False,,,,,
00D002,Cordonnet Special N°15 A N°30,Laine,200,,,,non,,74,true,,1492,False,,,,,
00D003,Cordonnet Special N°40 A N°60,Laine,200,,,,non,,166,true,,1832,False,,,,,
00D001,Cordonnet Special N°5 A N°10,Laine,200,,,,non,,83,true,,1217,False,,,,,
00D004,Cordonnet Special N°70 A N°80,Laine,200,,,,non,,89,true,,2154,False,,,,,
CROOKE,Coton A Crocheter,Laine,1050,,,,non,,14,true,,610,False,,,,,
00D022,Coton A Crocheter Dmc Cebelia,Laine,850,"Fil à crocheter DMC Cébélia : 100% coton d'Écosse longues fibres, double mercerisé, pelote 50g - Existe en 4 grosseurs (10/20/30/40), pour napperons, dentelle et décoration textile",DMC,,non,,94,true,,99999,False,,,,,
M351.07,Crochet A Dentelle - 0.7 Mm - S&M,Laine,600,,,,non,,9,true,,2221,False,,,,,
KP30761,Crochet Acier - 0.5Mm - 15Cm - Knit Pro,Laine,650,,,,non,,8,true,,1628,False,,,,,
KP30762,Crochet Acier - 0.75Mm - 15Cm - Knit Pro,Laine,650,,,,non,,8,true,,1629,False,,,,,
U1888_3,Crochet Acier - Ergo - Dmc N°3,Laine,1000,"Crochet acier DMC n°3, pour fils fins (dentelle, coton à crocheter)",DMC,,non,,52,true,U1888_3.jpg,180,False,,,,,
U1888_05,Crochet Acier 0.5 - Ergo - Dmc,Laine,950,,DMC,,non,,14,true,,1348,False,,,,,
U1888_225,Crochet Acier 2.25 - Dmc Manche Ergo,Laine,1000,"Crochet acier DMC n°2.25, pour fils fins (dentelle, coton à crocheter)",DMC,,non,,15,true,,1324,False,,,,,
U1888_25,Crochet Acier 2.5,Laine,1000,,,,non,,16,true,,278,False,,,,,
U1888_275,Crochet Acier 2.75 - Dmc Manche Ergo,Laine,1000,"Crochet acier DMC n°2.75, pour fils fins (dentelle, coton à crocheter)",DMC,,non,,9,true,,1004,False,,,,,
P10116,Crochet Acier Distrifil 0.6Mm,Laine,600,,,,non,,20,true,,99999,False,,,,,
P10117,Crochet Acier Distrifil 0.75Mm,Laine,600,,,,non,,19,true,,2127,False,,,,,
U1888_2,Crochet Acier Dmc N°2,Laine,1000,"Crochet acier DMC n°2, pour fils fins (dentelle, coton à crocheter)",DMC,,non,,27,true,,275,False,,,,,
U1888_15,Crochet Acier N°1.5,Laine,950,,,,non,,8,true,,557,False,,,,,
NE080,Crochet Alu - 5.5Mm - Hoooked,Laine,700,,Hoooked,,non,,9,true,,750,True,,,,,
NE081,Crochet Alu - 6 Mm - Hoooked,Laine,700,,Hoooked,,non,,26,true,,346,False,,,,,
KP30891,Crochet Alu - Manche Ergo - Argent - 10 Mm,Laine,1200,,,,non,,5,true,,534,False,,,,,
KP30816,Crochet Alu - Manche Ergo - Argent - 4.5 Mm,Laine,900,,,,non,,5,true,,99999,False,,,,,
KP30815,Crochet Alu - Manche Ergo - Argent - 4Mm,Laine,900,,,,non,,6,true,,143,False,,,,,
KP30817,Crochet Alu - Manche Ergo - Argent - 5 Mm,Laine,900,,,,non,,9,true,,1906,False,,,,,
KP30818,Crochet Alu - Manche Ergo - Argent - 5.5 Mm,Laine,900,,,,non,,7,true,,1098,False,,,,,
KP30885,Crochet Alu - Manche Ergo - Dore - 10Mm,Laine,1200,,,,non,,1,true,,284,False,,,,,
KP30802,Crochet Alu - Manche Ergo - Dore - 2.5Mm - Knit Pro,Laine,900,,,,non,,5,true,,865,False,,,,,
KP30801,Crochet Alu - Manche Ergo - Dore - 2Mm,Laine,900,,,,non,,10,true,,99999,False,,,,,
KP30803,Crochet Alu - Manche Ergo - Dore - 3Mm,Laine,900,,,,non,,8,true,,378,False,,,,,
KP30806,Crochet Alu - Manche Ergo - Dore - 4.5Mm,Laine,900,,,,non,,15,true,,596,False,,,,,
KP30807,Crochet Alu - Manche Ergo - Dore - 5Mm,Laine,900,,,,non,,11,true,,379,False,,,,,
KP30881,Crochet Alu - Manche Ergo - Dore - 6.5Mm,Laine,900,,,,non,,26,true,,707,False,,,,,
KP30882,Crochet Alu - Manche Ergo - Dore - 7Mm,Laine,900,,,,non,,13,true,,1096,False,,,,,
KP30883,Crochet Alu - Manche Ergo - Dore - 8Mm,Laine,900,,,,non,,6,true,,429,False,,,,,
KP30884,Crochet Alu - Manche Ergo - Dore - 9 Mm - Knit Pro,Laine,1000,,,,non,,15,true,,99999,False,,,,,
NE082,Crochet Alu -7 Mm - Hoooked,Laine,750,Crochet aluminium 7mm - Pour fils épais type RibbonXL ou grosse laine,Hoooked,,non,,6,true,NE082.jpg,1003,False,,,,,
U1953_10,Crochet Alu 10 - Dmc Manche Ergo,Laine,1200,Crochet aluminium DMC n°10 à manche ergonomique,DMC,,non,,15,true,,245,False,,,,,
U1953_35,Crochet Alu 3.5 - Dmc - Manche Ergo,Laine,1000,Crochet aluminium DMC n°3.5 à manche ergonomique,DMC,,non,,32,true,,172,False,,,,,
U1953_4,Crochet Alu 4 - Dmc - - Manche Ergo,Laine,1000,Crochet aluminium DMC n°4,DMC,,non,,16,true,U1953_4.jpg,66,False,,,,,
U1953_45,Crochet Alu 4.5 - Dmc,Laine,1000,Crochet aluminium DMC n°4.5,DMC,,non,,26,true,,276,False,,,,,
U1953_5,Crochet Alu 5 - Dmc,Laine,1000,Crochet aluminium DMC n°5,DMC,,non,,28,true,U1953_5.jpg,144,False,,,,,
U1953_6,Crochet Alu 6 - Dmc - - Manche Ergo,Laine,1000,Crochet aluminium DMC n°6,DMC,,non,,37,true,U1953_6.jpg,87,False,,,,,
U1953_9,Crochet Alu N° 9 - Dmc,Laine,1200,Crochet aluminium DMC n°9,DMC,,non,,37,true,,244,False,,,,,
U1736_10,Crochet Bambou N°10,Laine,1400,,,,non,,1,true,,99999,False,,,,,
68244,Crochet Bambou Nø10 - Bohin,Laine,1400,"Crochet en bambou BOHIN, n°10 - Léger et doux au toucher",Bohin,,non,,16,true,68244.webp,99999,False,,,,,
68236,Crochet Bambou Nø6 - Bohin,Laine,1100,"Crochet en bambou BOHIN, n°6 - Léger et doux au toucher",Bohin,,non,,20,true,68236.webp,1253,False,,,,,
68238,Crochet Bambou Nø7 - Bohin,Laine,1150,"Crochet en bambou BOHIN, n°7 - Léger et doux au toucher",Bohin,,non,,20,true,68238.webp,99999,False,,,,,
68240,Crochet Bambou Nø8 - Bohin,Laine,1200,"Crochet en bambou BOHIN, n°8 - Léger et doux au toucher",Bohin,,non,,4,true,68240.webp,1210,False,,,,,
68321,Crochet Bois - 15 Cm - 10 Mm - Bohin,Laine,1000,"Crochet en bois BOHIN, 15cm",Bohin,,non,,2,true,68321.webp,1826,False,,,,,
68322,Crochet Bois - 15 Cm - 12 Mm - Bohin,Laine,1300,"Crochet en bois BOHIN, 15cm",Bohin,,non,,5,true,68322.webp,99999,False,,,,,
68323,Crochet Bois - 15 Cm - 15 Mm - Bohin,Laine,1500,"Crochet en bois BOHIN, 15cm",Bohin,,non,,5,true,,99999,False,,,,,
68311,Crochet Bois - 15 Cm - 3.5 Mm - Bohin,Laine,800,"Crochet en bois BOHIN, 15cm",Bohin,,non,,6,true,68311.webp,1998,False,,,,,
68312,Crochet Bois - 15 Cm - 4 Mm - Bohin,Laine,800,"Crochet en bois BOHIN, 15cm",Bohin,,non,,5,true,68312.webp,1197,False,,,,,
68313,Crochet Bois - 15 Cm - 4.5 Mm - Bohin,Laine,870,"Crochet en bois BOHIN, 15cm",Bohin,,non,,2,true,68313.webp,1931,False,,,,,
68314,Crochet Bois - 15 Cm - 5 Mm - Bohin,Laine,870,"Crochet en bois BOHIN, 15cm",Bohin,,non,,8,true,68314.webp,1926,False,,,,,
68315,Crochet Bois - 15 Cm - 5.5 Mm - Bohin,Laine,870,"Crochet en bois BOHIN, 15cm",Bohin,,non,,5,true,68315.webp,99999,False,,,,,
68316,Crochet Bois - 15 Cm - 6 Mm - Bohin,Laine,870,"Crochet en bois BOHIN, 15cm",Bohin,,non,,4,true,68316.webp,877,False,,,,,
68317,Crochet Bois - 15 Cm - 6.5 Mm - Bohin,Laine,930,"Crochet en bois BOHIN, 15cm",Bohin,,non,,5,true,68317.webp,99999,False,,,,,
68318,Crochet Bois - 15 Cm - 7 Mm - Bohin,Laine,930,"Crochet en bois BOHIN, 15cm",Bohin,,non,,5,true,68318.webp,99999,False,,,,,
68319,Crochet Bois - 15 Cm - 8 Mm - Bohin,Laine,970,"Crochet en bois BOHIN, 15cm",Bohin,,non,,6,true,68319.webp,1336,False,,,,,
68320,Crochet Bois - 15 Cm - 9 Mm - Bohin,Laine,1000,"Crochet en bois BOHIN, 15cm",Bohin,,non,,4,true,68320.webp,1822,False,,,,,
CH1023-I,Crochet Chiagoo - Metal / Manche Bambou - N°5.5,Laine,1950,,,,non,,5,true,,99999,False,,,,,
KP10942,Crochet De Reparation X3,Laine,1680,,,,non,,3,true,,1453,False,,,,,
64141,Crochet Dentelle Acier Etui 0.60,Laine,650,,,,non,,4,true,,176,False,,,,,
64140,Crochet Dentelle Acier Etui 0.75,Laine,650,,,,non,,10,true,,273,False,,,,,
64138,Crochet Dentelle Acier Etui 1.00,Laine,550,,,,non,,17,true,,1755,False,,,,,
64136,Crochet Dentelle Acier Etui 1.25,Laine,550,,,,non,,11,true,,1259,False,,,,,
64134,Crochet Dentelle Acier Etui 1.50,Laine,550,,,,non,,13,true,,1470,False,,,,,
64132,Crochet Dentelle Acier Etui 1.75,Laine,550,,,,non,,12,true,,1749,False,,,,,
U1888_075,Crochet Dmc 0.75,Laine,950,Crochet DMC n°0.75,DMC,,non,,14,true,,1351,False,,,,,
U1958_12,Crochet Dmc Bambou N°12,Laine,1200,"Crochet bambou DMC n°12, léger et doux au toucher",DMC,,non,,20,true,,1206,False,,,,,
U1888_1,Crochet Dmc N°1,Laine,950,,DMC,,non,,20,true,,1861,False,,,,,
U1953_7,Crochet Dmc N°7,Laine,1200,Crochet DMC n°7,DMC,,non,,20,true,,366,False,,,,,
U1953_8,Crochet Dmc N°8,Laine,1200,Crochet DMC n°8,DMC,,non,,18,true,,219,False,,,,,
TA-0014E,Crochet Double Pointes - 2.2 & 3 Mm - Tulip,Laine,1300,,,,non,,1,true,,99999,False,,,,,
KP30892,Crochet N°12 - Alu Ac Manche - Aregnt,Laine,1200,,,,non,,4,true,,678,False,,,,,
KP30886,Crochet N°12 -Alu Ac Manche Dore,Laine,1200,,,,non,,1,true,,285,False,,,,,
91050.00.15,Crochet N°15 - Plactic - Rico,Laine,1300,,,,non,,4,true,,1179,False,,,,,
UTECR2,Crochet N°2 - Waves Acier + Manche - Ute,Laine,950,,,,non,,5,true,,1353,False,,,,,
69108,Crochet Ouvrage 15Cm Rb Etui 2,Laine,600,,,,non,,33,true,,1193,False,,,,,
69109,Crochet Ouvrage 15Cm Rb Etui 2.5,Laine,600,,,,non,,29,true,,1191,False,,,,,
69110,Crochet Ouvrage 15Cm Rb Etui 3,Laine,680,,,,non,,43,true,,409,False,,,,,
69111,Crochet Ouvrage 15Cm Rb Etui 3.5,Laine,680,,,,non,,34,true,,320,False,,,,,
69112,Crochet Ouvrage 15Cm Rb Etui 4,Laine,680,,,,non,,54,true,,214,False,,,,,
69113,Crochet Ouvrage 15Cm Rb Etui 4.5,Laine,680,,,,non,,50,true,,588,False,,,,,
69114,Crochet Ouvrage 15Cm Rb Etui 5,Laine,680,,,,non,,30,true,,192,False,,,,,
NE045,Crochet Plastique - 4 Mm - Hoooked,Laine,700,Crochet plastique 4mm - Pour fils fins à moyens,Hoooked,,non,,29,true,NE045.jpg,2058,False,,,,,
NE058,Crochet Plastique - 5.5Mm - Hoooked,Laine,850,,Hoooked,,non,,16,true,,99999,False,,,,,
NE041,Crochet Plastique - 6Mm -Hoooked,Laine,800,Crochet plastique 6mm - Pour fils moyens à épais type coton recyclé,Hoooked,,non,,31,true,NE041.jpg,947,False,,,,,
TED-020E,Crochet Tuilp Etimo Red - Ergo - 2Mm,Laine,2170,,,,non,,4,true,TED-020E.jpg,228,False,,,,,
T13-2E,Crochet Tulip - Etimo - 1.50Mm,Laine,2030,,,,non,,4,true,,1305,False,,,,,
TULIP_3,Crochet Tulip Ergo 3Mm,Laine,2170,,,,non,,3,true,,224,False,,,,,
TULIP_6.5,Crochet Tulip Manche Ergo - 6.5,Laine,2340,,,,non,,3,true,,1226,False,,,,,
TULIP_5.5,Crochet Tulip N°5.5 - Manche Ergo,Laine,2170,,,,non,,4,true,,1264,False,,,,,
TULIP_6,Crochet Tulip N°6 - Manche Ergo,Laine,2170,,,,non,,2,true,,490,False,,,,,
KP30822,Crochet Tunisen / Afghan - 3Mm,Laine,700,,,,non,,6,true,,99999,False,,,,,
KP51409,"Crochet Tunisien ""Trendz"" - 12Mm",Laine,1450,,,,non,,2,true,,99999,False,,,,,
KP51356,Crochet Tunisien Interchangeable - 8 Mm,Laine,940,,,,non,,1,true,,1877,False,,,,,
KP30820,Crochet Tunisien/ Afgran - 2Mm,Laine,700,,,,non,,6,true,,99999,False,,,,,
KP30821,Crochet Tunisien/Afghan - 2.5Mm,Laine,700,,,,non,,3,true,,2053,False,,,,,
UTECR9,Crochet Ute N°9,Laine,1200,,,,non,,2,true,,2593,False,,,,,
PRY624144,De A Tricoter Norvegien,Laine,860,,,,non,,3,true,,1432,False,,,,,
PRY431700,Doigtier Plastique Tricot - X2 - Prym,Laine,880,"Lot de 2 doigtiers plastique pour le tricot, protègent les doigts lors du tricotage",Prym,,non,,5,true,PRY431700.jpg,99999,False,,,,,
210829,Doudous Rigolos Crochet,Laine,1000,,,,non,,3,true,,99999,False,,,,,
CC.4710,Echevau Macrame 250G,Laine,2400,,,LIN - 63 | BLANC - 60 | ROUGE  - 72 | NOIR - 76 | ECRU - 62 | JAUNE - 69 | GRIS - 74,non,LIN - 63:5|BLANC - 60:3|ROUGE  - 72:3|NOIR - 76:5|ECRU - 62:5|JAUNE - 69:2|GRIS - 74:3,26,true,,671,False,,,,,
9235165,Enfile Aiguille Acier X3 - Milward,Laine,700,Lot de 3 enfile-aiguilles acier Milward,,,non,,6,true,,1566,False,,,,,
K_0021,French Kit - Macrame - Porte Cle,Laine,2700,,,,non,,1,true,,99999,False,,,,,
K_0081,French Kit - Macrame - Porte Cle Coeur,Laine,2700,,,,non,,1,true,,99999,False,,,,,
PALJUT-01,Fusette Ficelle Juste - 24/2 - 120M,Laine,900,,,,non,,1,true,,1894,False,,,,,
383200.002,Gel Anti Derapan Chaussette - Gris - 50 Ml - Rico,Laine,1050,,,,non,,4,true,,1779,False,,,,,
383200.003,Gel Anti Derapan Chaussette - Noir - 50 Ml - Rico,Laine,1050,,,,non,,4,true,,1789,False,,,,,
383200.005,Gel Anti Derapant Chaussettes -Rouge - 50Ml,Laine,1050,,,,non,,5,true,,99999,False,,,,,
PAK137,Hooked Kit Baleine Pepper,Laine,2600,,,,non,,1,true,,99999,False,,,,,
PAK248,Kit - Hoooked - Cadre Neom Ribbon,Laine,6010,"Kit cadre décoratif Neom : cadre en plastique recyclé fabriqué au Portugal, à habiller au crochet (fil RibbonXL ou Zpagetti conseillé) ou en macramé (Spesso Chunky Cotton)",Hoooked,,non,,1,true,PAK248.jpg,99999,False,,,,,
PAK347,Kit 3 Amigurumi -- Farm Friends - Hoooked,Laine,3350,"Kit crochet 3 mini amigurumis Farm Friends (agneau, vache, cochon) - Fil Eco Barbante Lisboa (coton recyclé), crochet 3mm, patron multilingue inclus",Hoooked,,non,,1,true,PAK347.jpg,99999,False,,,,,
2239021,Kit 6 Crochets Soft Grip - 2.5 À 5 - Milward,Laine,3500,"Kit de 6 crochets Soft Grip Milward, manche ergonomique, tailles 2,5 à 5mm",,,non,,10,true,,871,False,,,,,
U2366,Kit Accessoirs A Feutrer - Dmc,Laine,2350,Kit d'accessoires à feutrer DMC : laine cardée et matériel pour réaliser des petits objets en feutrage à l'aiguille,DMC,,non,,2,true,,1223,False,,,,,
KP350314,"Kit Aiguille Circ. Inter . "" Lantern Moon - Grace"" X 5 Paires",Laine,14000,,,,non,,1,true,KP350314.jpg,99999,False,,,,,
PAK352,Kit Amigurumi - Aidan Vache - Hoooked,Laine,2950,,Hoooked,,non,,2,true,,99999,False,,,,,
PAK120,Kit Amigurumi - Ane Joe -Hoooked,Laine,2600,,Hoooked,,non,,2,true,,99999,False,,,,,
CR133K,Kit Amigurumi - Coraux - Dmc,Laine,2620,"Kit amigurumi crochet DMC ""Coraux"" : fil, patron et matériel pour réaliser des coraux décoratifs au crochet",DMC,,non,,2,true,,99999,False,,,,,
CR134K,Kit Amigurumi - Crabe - Dmc,Laine,2620,"Kit amigurumi crochet DMC ""Crabe"" : fil, patron et matériel pour réaliser un crabe en amigurumi",DMC,,non,,3,true,,1119,False,,,,,
PAK291,Kit Amigurumi - Deco Noel - Hoooked,Laine,3450,,Hoooked,,non,,2,true,,99999,False,,,,,
PAK141,Kit Amigurumi - Hooked - Jake La Tortue,Laine,2600,,,,non,,2,true,,1135,False,,,,,
PAK257,Kit Amigurumi - Hooked - L'Ange Luna,Laine,2600,,,,non,,2,true,,99999,False,,,,,
PAK132,Kit Amigurumi - Hooked - Leroy Lion,Laine,2600,,,,non,,1,true,,99999,False,,,,,
PAK103,Kit Amigurumi - Hooked - Mo L'Elephant,Laine,2600,,,,non,,2,true,,99999,False,,,,,
PAK138,Kit Amigurumi - Hooked - Toby Le Crabe,Laine,2600,,,,non,,3,true,,99999,False,,,,,
PAK362,Kit Amigurumi - Hoooked - Boo Le Fantöme,Laine,2600,"Kit crochet amigurumi Boo le Fantôme d'Halloween - Fil Eco Barbante Milano (coton recyclé), crochet 4mm, patron inclus",Hoooked,,non,,3,true,PAK362.jpg,99999,False,,,,,
PAK136,Kit Amigurumi - Hoooked - Bubble L'Hippocampe,Laine,2600,,Hoooked,,non,,3,true,,99999,False,,,,,
PAK367,Kit Amigurumi - Hoooked - Fritz Casse-Noisette,Laine,2800,"Kit crochet amigurumi Fritz le Casse-Noisette de Noël - Fil Eco Barbante (coton recyclé), crochet, patron multilingue inclus",Hoooked,,non,,3,true,PAK367.jpg,99999,False,,,,,
PAK361,Kit Amigurumi - Hoooked - Mavis La Chauve Souris,Laine,2600,,Hoooked,,non,,2,true,,1136,False,,,,,
PAK369,Kit Amigurumi - Hoooked - Shelfy L'Elfe,Laine,2800,"Kit crochet amigurumi Shelfy l'Elfe, assistant du Père Noël - Fil Eco Barbante (coton recyclé), crochet, patron inclus",Hoooked,,non,,2,true,PAK369.jpg,566,False,,,,,
PAK130,Kit Amigurumi - Lewy L'Agneau - Hoooked,Laine,2600,"Kit crochet amigurumi Lewy l'Agneau - Fil Eco Barbante Milano (coton recyclé), crochet, patron en anglais/allemand/néerlandais - Taille finie env. 17cm",Hoooked,,non,,2,true,PAK130.jpg,1137,False,,,,,
PAK119,Kit Amigurumi - Licorne Nora - Hoooked,Laine,2950,,Hoooked,,non,,2,true,,99999,False,,,,,
PAK342,Kit Amigurumi - Maverick Le Requin - Hoooked,Laine,2600,,Hoooked,,non,,2,true,PAK342.jpg,615,False,,,,,
PAK410,Kit Amigurumi - My Boo Labubu - Hoooked,Laine,3100,,Hoooked,905 - CARIBBEAN MIST | 901 - PEPPERMINT | 550 - ROSEBERRY,non,905 - CARIBBEAN MIST:2|901 - PEPPERMINT:2|550 - ROSEBERRY:2,6,true,,99999,False,,,,,
CR125K,Kit Amigurumi - Nos Amis Les Fruits - Dmc,Laine,2620,,DMC,,non,,2,true,,99999,False,,,,,
CR126K,Kit Amigurumi - Nos Copains Les Legumes - Dmc,Laine,2620,,DMC,,non,,2,true,,99999,False,,,,,
PAK281,Kit Amigurumi - Ours Valentino - Hoooked,Laine,2800,,Hoooked,,non,,4,true,,567,False,,,,,
CR131K,Kit Amigurumi - Poisson Clown - Dmc,Laine,2620,,DMC,,non,,1,true,,391,False,,,,,
PAK335,Kit Amigurumi - Pumpkin Boy - Hoooked,Laine,2600,,Hoooked,,non,,2,true,,99999,False,,,,,
PAK149,Kit Amigurumi - Rue Le Renne - Hoooked,Laine,2600,"Kit crochet amigurumi Rue le Renne - Fil recyclé, crochet, grelot et patron multilingue (anglais, allemand, français, espagnol) inclus",Hoooked,,non,,2,true,PAK149.jpg,616,False,,,,,
PAK388,Kit Amigurumi - Set Nativity Belem - Hoooked,Laine,4150,,Hoooked,,non,,3,true,,99999,False,,,,,
CR132K,Kit Amigurumi - Tortue De Mer - Dmc,Laine,2620,,DMC,,non,,2,true,,392,False,,,,,
PAK337,Kit Amigurumi - Wicked Witch - Hoooked,Laine,2950,,Hoooked,,non,,1,true,,1026,False,,,,,
PAK346,Kit Amigurumi - Yuli Winter Bear - Hoooked,Laine,2600,,Hoooked,,non,,2,true,,99999,False,,,,,
PAK061,Kit Amigurumi - Ziggy Giraffe,Laine,2600,,,270 - GRIS | 700 - ABRICOT,non,270 - GRIS:1|700 - ABRICOT:2,3,true,,1132,False,,,,,
A28C-XS,Kit Amigurumi -Animaux - Anchor,Laine,1650,,,07 - LEVI LE LION | 09 - HANK LE HIPPO | 10 - GIGI LA GIRAFFE | 12 - FLO LE FLAMMAND,non,07 - LEVI LE LION:2|09 - HANK LE HIPPO:1|10 - GIGI LA GIRAFFE:2|12 - FLO LE FLAMMAND:1,6,true,,925,False,,,,,
CR137K,Kit Amigurumi Champignon - Dmc,Laine,3650,"Kit amigurumi crochet DMC ""Champignon"" : fil, patron et matériel pour réaliser un champignon en amigurumi",DMC,,non,,2,true,,99999,False,,,,,
CR146K,Kit Amigurumi Chenille - Coin Le Canard - Dmc,Laine,2600,,DMC,,non,,3,true,,99999,False,,,,,
CR145K,Kit Amigurumi Chenille - Koala Tout Doux - Dmc,Laine,2600,,DMC,,non,,2,true,,1133,False,,,,,
CR143K,Kit Amigurumi Chenille - L'Ours Reveur - Dmc,Laine,2600,,DMC,,non,,2,true,,1128,False,,,,,
CR144K,Kit Amigurumi Chenille - Le Tigre A Rayures - Dmc,Laine,2600,,DMC,,non,,3,true,,99999,False,,,,,
CR140K,Kit Amigurumi Chenille Xl - Dozy Le Koala - Dmc,Laine,2600,,DMC,,non,,4,true,,622,False,,,,,
CR139K,Kit Amigurumi Chenille Xl - Luna Le Chat - Dmc,Laine,2600,,DMC,,non,,2,true,,397,False,,,,,
CR142K,Kit Amigurumi Chenille Xl - Stretch La Girafe - Dmc,Laine,2600,,DMC,,non,,3,true,,99999,False,,,,,
CR129K,Kit Amigurumi Crochet Bouquet - Dmc,Laine,2400,"Kit crochet DMC ""Bouquet"" : fil, patron et matériel pour réaliser un bouquet de fleurs au crochet",DMC,,non,,1,true,,99999,False,,,,,
PAK353,Kit Amigurumi Hooked - Sado Dauphin,Laine,2600,,,,non,,2,true,,1134,False,,,,,
KIT_BONNET,Kit Bonnet Plassard,Laine,5590,"Kit tricot/crochet Plassard pour réaliser un bonnet, fil et patron inclus",,,non,,2,true,,99999,False,,,,,
990273,"Kit Calendrier Avant "" Christmas Rock"" Rico",Laine,10540,,,,non,,2,true,990273.jpg,318,False,,,,,
990476,"Kit Calendrier Avant "" Marche De Noel"" Rico",Laine,10540,,,,non,,2,true,990476.png,319,False,,,,,
400027.011,"Kit Crochet - ""Lucky Cat"" - Rico",Laine,3200,,,,non,,1,true,,99999,False,,,,,
CR100K,Kit Crochet - Dessous De Verre - Dmc,Laine,2800,,DMC,,non,,2,true,,1065,False,,,,,
CR101K,Kit Crochet - J'Habille Mes Plantes - Dmc,Laine,2800,,DMC,,non,,2,true,,1066,False,,,,,
MN31946,Kit Crochet - Mon Adorbale Flamant Rose - So Croch,Laine,4720,,,,non,,2,true,,99999,False,,,,,
CR105K,Kit Crochet - Set De Table - Dmc,Laine,3900,"Kit crochet DMC ""Set de table"" : fil, patron et matériel pour réaliser un set de table au crochet",DMC,,non,,1,true,,99999,False,,,,,
400023.010,"Kit Crochet Creative Bubble - ""Spring Flowers",Laine,3250,,,,non,,2,true,,99999,False,,,,,
38009,Kit Crochet Pour Tircotin - Rico,Laine,650,,,,non,,9,true,,99999,False,,,,,
CR108K,Kit Crochet Tenture Girafe - Dmc,Laine,4800,"Kit crochet DMC ""Tenture Girafe"" : fil, patron et matériel pour réaliser une tenture murale girafe au crochet",DMC,,non,,2,true,,99999,False,,,,,
KP47439,"Kit Crochets X12 - ""Zing"" - 2 À 6Mm - Knit Pro",Laine,8600,,,,non,,1,true,KP47439.jpg,354,False,,,,,
FE_DMC,Kit Feutrage - Dmc,Laine,2680,Kit de feutrage DMC : laine et matériel de base pour s'initier à la technique du feutrage,DMC,001 - COUCHER DU SOLEIL | 002 - ROSES TREMIERES,non,001 - COUCHER DU SOLEIL:2|002 - ROSES TREMIERES:2,4,true,,99999,False,,,,,
PAK244,Kit Hoooked - Tapis Volterra,Laine,6930,"Kit crochet tapis rond Volterra - Grande quantité de fil RibbonXL (env. 3,8kg), crochet et patron inclus - Fabriqué au Portugal à partir de matières recyclées",Hoooked,,non,,1,true,PAK244.jpg,99999,False,,,,,
U2367,Kit Laine A Feutrer X5 Couleurs - Dmc,Laine,1500,"Kit laine à feutrer DMC, 5 couleurs assorties, pour le feutrage à sec (feutrage à l'aiguille) ou humide",DMC,AUTUMN | SPRING | GLACIER | SEASHELL | VITAMINE,oui,AUTUMN:2|SPRING:2|GLACIER:2|SEASHELL:1|VITAMINE:2,9,true,U2367.webp,711,False,,,,,
MC101K,Kit Macrame - Dessous De Table - Natura Xl - Nova Vita12,Laine,4020,,,,non,,2,true,,99999,False,,,,,
PAK219,Kit Macrame - Tapisserie Bora Bora - Hoooked,Laine,2200,,Hoooked,,non,,1,true,,99999,False,,,,,
PAK296,Kit Macrame - Tapisserie Bunny Bella - Hoooked,Laine,3250,,Hoooked,,non,,2,true,,99999,False,,,,,
KP36633,"Kit Marqueur De Maille X100 - ""Mindfull"" - Knit Pro",Laine,1950,,,,non,,1,true,,1333,False,,,,,
PAK070,Kit Pannier Storage - Hoooked,Laine,4010,Kit crochet panier de rangement Zpagetti - Fil Zpagetti (coton recyclé) et patron inclus,Hoooked,,non,,2,true,PAK070.jpg,99999,False,,,,,
PAK147,Kit Pere Noel - Claus - Amigurumi - Hoooked,Laine,2600,"Kit crochet amigurumi Père Noël Claus - Fil Eco Barbante (3 pelotes 50g, coloris Ruby/Lotus/Almond), crochet 4mm, patron inclus - Taille finie env. 17cm",Hoooked,,non,,4,true,PAK147.jpg,99999,False,,,,,
16.2938.9,Kit Petit Ourson Au Crochet - Ed Dessain & Tolra,Laine,3370,,,,non,,1,true,,99999,False,,,,,
TR110K,Kit Tricot Couverture Bebe - Dmc,Laine,4600,"Kit tricot DMC ""Couverture Bébé"" : laine, patron et matériel pour tricoter une couverture de naissance",DMC,,non,,2,true,,99999,False,,,,,
15657_DMC,Leaflet - 100% Baby Cotton- Dmc,Laine,250,"Fiche modèle (leaflet) DMC : patron tricot/crochet ""100% Baby Cotton"", avec explications pas-à-pas",DMC,F - n°6758 | J - n°6761,non,F - n°6758:1|J - n°6761:1,2,true,,2456,False,,,,,
15733_DMC,Leaflet - Baby Cotton - Dmc,Laine,300,"Fiche modèle (leaflet) DMC : patron tricot/crochet ""Baby Cotton"", avec explications pas-à-pas",DMC,A - n°7114 | B - n° 7113 | D - n°7170,non,A - n°7114:3|B - n° 7113:1|D - n°7170:1,5,true,,99999,False,,,,,
15689,Leaflet - Knitty Pop - Dmc,Laine,250,"Fiche modèle (leaflet) DMC : patron tricot/crochet ""Knitty Pop"", avec explications pas-à-pas",DMC,,non,,5,true,,2507,False,,,,,
15678,Leaflet - Natura Just Cotton - Dmc,Laine,300,"Fiche modèle (leaflet) DMC : patron tricot/crochet ""Natura Just Cotton"", avec explications pas-à-pas",DMC,B - n°6816 | E - n°6819 | F - n° 6820 | G - n°6821 | D - n)6818 | C - n°6817 | A - n°6815,non,B - n°6816:3|E - n°6819:3|F - n° 6820:3|G - n°6821:2|D - n)6818:3|C - n°6817:3|A - n°6815:3,20,true,,99999,False,,,,,
15680,Leaflet - Natura Just Cotton Medium - Dmc,Laine,300,"Fiche modèle (leaflet) DMC : patron tricot/crochet ""Natura Just Cotton Medium"", avec explications pas-à-pas",DMC,F - n°6774 | G - n°6775 | E - n°6773 | D - n°6771 | A - n°6769 | B - n°6772 | C - n°6770,non,F - n°6774:2|G - n°6775:3|E - n°6773:2|D - n°6771:3|A - n°6769:3|B - n°6772:3|C - n°6770:3,19,true,,99999,False,,,,,
15732_DMC,Leaflet - Natura Multi - Dmc,Laine,300,"Fiche modèle (leaflet) DMC : patron tricot/crochet ""Natura Multi"", avec explications pas-à-pas",DMC,A - n°7152 | B - n°7153 | C - n°7154 | D - n°7155,non,A - n°7152:3|B - n°7153:3|C - n°7154:3|D - n°7155:2,11,true,,99999,False,,,,,
15742D_1,Leaflet Andes Mod 7239 - Dmc,Laine,200,"Fiche modèle (leaflet) DMC : patron tricot/crochet ""Andes Mod 7239"", avec explications pas-à-pas",DMC,,non,,5,true,,99999,False,,,,,
15742C_1,Leaflet Andes Mod 7241,Laine,250,,,,non,,1,true,,99999,False,,,,,
15742B_1,Leaflet Andes Mod 7242 - Dmc,Laine,200,"Fiche modèle (leaflet) DMC : patron tricot/crochet ""Andes Mod 7242"", avec explications pas-à-pas",DMC,,non,,5,true,,99999,False,,,,,
15742A_1,Leaflet Andes Mod 7243 - Dmc,Laine,250,"Fiche modèle (leaflet) DMC : patron tricot/crochet ""Andes Mod 7243"", avec explications pas-à-pas",DMC,,non,,1,true,,99999,False,,,,,
15803_1,Leaflet Baby,Laine,250,,,,non,,4,true,,99999,False,,,,,
15735L_F22,Leaflet Babylo Habit + Access,Laine,500,,,,non,,4,true,,2208,False,,,,,
15810_1,Leaflet Brio,Laine,250,,,,non,,4,true,,99999,False,,,,,
15811_1,Leaflet Brio,Laine,0,,,,non,,6,true,,99999,False,,,,,
15744_1,Leaflet Confetti,Laine,250,,,,non,,6,true,,99999,False,,,,,
15744C_1,Leaflet Confetti,Laine,250,,,,non,,6,true,,99999,False,,,,,
15744B_1,Leaflet Confetti,Laine,250,,,,non,,3,true,,99999,False,,,,,
15743D,Leaflet Dmc,Laine,250,Fiche modèle (leaflet) DMC : patron tricot/crochet avec explications pas-à-pas,DMC,,non,,4,true,,99999,False,,,,,
15875_1,Leaflet Eco Vita T Shirt - Dmc,Laine,510,"Fiche modèle (leaflet) DMC : patron tricot/crochet ""Eco Vita T Shirt"", avec explications pas-à-pas",DMC,,non,,2,true,,99999,False,,,,,
15918_1,Leaflet Good Night - Nova Vita 4 - Dmc,Laine,200,"Fiche modèle (leaflet) DMC : patron tricot/crochet ""Good Night Nova Vita 4"", avec explications pas-à-pas",DMC,,non,,5,true,,99999,False,,,,,
15743C_1,Leaflet Juliette Mod 7326,Laine,250,,,,non,,2,true,,99999,False,,,,,
15747B_1,Leaflet Knitty 10 - Modele 7224 - Dmc,Laine,250,"Fiche modèle (leaflet) DMC : patron tricot/crochet ""Knitty 10 Modele 7224"", avec explications pas-à-pas",DMC,,non,,3,true,,99999,False,,,,,
15631A_1,Leaflet Knitty 6 - Couverture Tricot - N°7220 - Dmc,Laine,250,"Fiche modèle (leaflet) DMC : patron tricot/crochet ""Knitty 6 Couverture Tricot N°7220"", avec explications pas-à-pas",DMC,,non,,5,true,,99999,False,,,,,
15704,Leaflet Laine Ankara - Dmc,Laine,250,"Fiche modèle (leaflet) DMC : patron tricot/crochet ""Laine Ankara"", avec explications pas-à-pas",DMC,15704B | 15704A,non,15704B:3|15704A:2,5,true,,2455,False,,,,,
15701,Leaflet Laine Pirouette - Dmc,Laine,250,"Fiche modèle (leaflet) DMC : patron tricot/crochet ""Laine Pirouette"", avec explications pas-à-pas",DMC,15701A | 15701F,non,15701A:3|15701F:3,6,true,,99999,False,,,,,
15761A_1,Leaflet Natura,Laine,250,,,,non,,5,true,,99999,False,,,,,
15681L_1,Leaflet Natura Lin - Dmc,Laine,150,"Fiche modèle (leaflet) DMC : patron tricot/crochet ""Natura Lin"", avec explications pas-à-pas",DMC,,non,,14,true,,99999,False,,,,,
15761C_1,Leaflet Natura N°7370 - Pull Tricot - Dmc,Laine,250,"Fiche modèle (leaflet) DMC : patron tricot/crochet ""Natura N°7370 Pull Tricot"", avec explications pas-à-pas",DMC,,non,,6,true,,99999,False,,,,,
15762C_1,Leaflet Natura Xl - 11020 - Dmc,Laine,200,"Fiche modèle (leaflet) DMC : patron tricot/crochet ""Natura Xl 11020"", avec explications pas-à-pas",DMC,,non,,3,true,,99999,False,,,,,
15921_1,Leaflet Nature - Nova Vita 4 - Dmc,Laine,200,"Fiche modèle (leaflet) DMC : patron tricot/crochet ""Nature Nova Vita 4"", avec explications pas-à-pas",DMC,,non,,5,true,,99999,False,,,,,
Y9692_22,Leaflet Punch Needle,Laine,250,,,,non,,3,true,,99999,False,,,,,
15716D_1,Leaflet Revelation Glitter - Dmc,Laine,250,"Fiche modèle (leaflet) DMC : patron tricot/crochet ""Revelation Glitter"", avec explications pas-à-pas",DMC,,non,,2,true,,99999,False,,,,,
15708C_1,Leaflet Teddy - Dmc,Laine,250,"Fiche modèle (leaflet) DMC : patron tricot/crochet ""Teddy"", avec explications pas-à-pas",DMC,,non,,1,true,,99999,False,,,,,
15708D_1,Leaflet Teddy - Dmc,Laine,250,"Fiche modèle (leaflet) DMC : patron tricot/crochet ""Teddy"", avec explications pas-à-pas",DMC,,non,,1,true,,2450,False,,,,,
15876_1,Leeaflet Eco Vita Tape Yarn 2,Laine,510,,,,non,,4,true,,99999,False,,,,,
15761B_1,Lefleat Natura N°7367 - Gilet Crochet - Dmc,Laine,250,"Fiche modèle (leaflet) DMC : patron tricot/crochet ""Natura N°7367 Gilet Crochet"", avec explications pas-à-pas",DMC,,non,,6,true,,99999,False,,,,,
EUCAL100,Lessive Eucalan - 100Ml,Laine,1500,,,,non,,8,true,,1588,False,,,,,
EUCAL5,Lessive Eucalan - Sachet Unidose - 5Ml,Laine,200,,,,non,,79,true,,2592,False,,,,,
EUCAL500,Lessive Eucalan 500Ml,Laine,3500,,,,non,,5,true,,961,False,,,,,
210841,Livre Tricotin Pompons,Laine,1000,,,,non,,6,true,,99999,False,,,,,
KP10934,Marqueur De Mailles - Perle Tangerine,Laine,1150,,,,non,,1,true,,99999,False,,,,,
KP10937,"Marqueurs De Mailles - Perle ""Amaranthe",Laine,1150,,,,non,,1,true,,99999,False,,,,,
99060,Marqueurs De Mailles Plastique X 30 - Bohin,Laine,600,"Lot de 30 marqueurs de mailles plastique BOHIN, pour repérer points et rangs en tricot/crochet",Bohin,,non,,37,true,99060.webp,124,False,,,,,
210826,Mon 1° Trousseau,Laine,1000,,,,non,,1,true,,1737,False,,,,,
97617,Navette Frivolite Sur Carte Assortiment,Laine,1280,,,,non,,3,true,,820,False,,,,,
71946,Oeillets 8Mm + Rondelle Bronze X 20 + Jeu Pose - Bohin,Laine,1350,"Œillets Bohin 8mm avec rondelle, coloris bronze, lot de 20 + jeu de pose",Bohin,,non,,10,true,71946.webp,1100,False,,,,,
PAK142,Pak Amigurumi - Koala Sydney - Hoooked,Laine,2950,,Hoooked,,non,,2,true,,99999,False,,,,,
MYRIADE,Phil Myriade,Laine,500,,,,non,,19,true,,1837,False,,,,,
PHIL_SEQUINS,Phil Sequins,Laine,500,,,,non,,17,true,,1533,False,,,,,
K7555,Pistolet A Tufting - Katia,Laine,38180,,Katia,,non,,1,true,K7555.jpg,99999,False,,,,,
K7566,Pochette 14 Crochets - 2 À 12 - Katia,Laine,12800,,Katia,,non,,3,true,K7566.jpg,99999,False,,,,,
KP30951,Pochette 9 Crochets - Wave Delux - 2 À 6 Mm,Laine,7450,,,,non,,2,true,KP30951.webp,357,False,,,,,
POMPOL_122,Pompom 10 Cm - Ute - Elan,Laine,1090,,,,non,,1,true,,99999,False,,,,,
POMPOL,Pompom 10Cm - Ute,Laine,910,,,,non,,9,true,,99999,False,,,,,
PORTE_BOBINE,Porte Bobine Portatif - Bois - Grande Mercerie,Laine,4230,,,,non,,7,true,,99999,False,,,,,
CL3161,Porte Maille Circulaire - Clover,Laine,1350,,,,non,,4,true,,99999,False,,,,,
KP10810,Protecteur De Pointe - Knit Pro - X4,Laine,600,,,,non,,1,true,,99999,False,,,,,
99056,"Protege Pointe Aiguille ""Mains"" - 2 À 7 Mm - X3 Paires - Bohin",Laine,550,"Protège-pointes BOHIN modèle ""mains"", pour aiguilles n°2 à 7 - Lot de 3 paires, empêche les mailles de glisser et sécurise le rangement",Bohin,,non,,4,true,99056.webp,1752,False,,,,,
U1899_10,Punch Needle 10,Laine,4160,,,,non,,4,true,,99999,False,,,,,
FL008,Rembourage - 250G - Hoooked - 85% Coton 6 25% Autre,Laine,1500,"Rembourrage/ouate 250g, 85% coton recyclé / 15% autres fibres - Lavable en machine à basse température - Idéal amigurumis, peluches",Hoooked,,non,,2,true,FL008.jpg,1530,False,,,,,
FL010_16,Rembourrage Coton Recycle - 1 Kg - Hoooked - Noir,Laine,3200,"Rembourrage coton recyclé 1kg, 85% coton / 15% autres fibres, coloris noir - Format économique (env. 8 amigurumis)",Hoooked,,non,,1,true,FL010_16.jpg,99999,False,,,,,
FL010_02,Rembourrage Coton Recycle - Hoooked - 1 Kg - Blanc,Laine,3200,"Rembourrage coton recyclé 1kg, 85% coton / 15% autres fibres, coloris blanc - Format économique (env. 8 amigurumis)",Hoooked,,non,,4,true,,99999,False,,,,,
PRY968210,Rembourrage Souple Blanc - Prym,Laine,1900,"Rembourrage souple blanc pour peluches, coussins et amigurumis",Prym,,non,,6,true,PRY968210.webp,89,False,,,,,
PHIL_26,Semelles Chaussons T27/30,Laine,500,,,,non,,3,true,,99999,False,,,,,
PHIL_28,Semelles Chaussons T40/42,Laine,500,,,,non,,3,true,,2254,False,,,,,
KP36314,"Set ""Generosit"" Aiguille Circu - 8 Paires - 3 À 6Mm - Knit Pro - 5Cm",Laine,13450,,,,non,,1,true,KP36314.jpg,99999,False,,,,,
KP36313,"Set ""Mindful"" Aiguille Circ - 7P - 10Cm - 3 À 5Mm - Knit Pro - 4 Cables",Laine,12680,,,,non,,1,true,KP36313.jpg,99999,False,,,,,
KP20662,"Set 6 Aiguille Tricot Circulaire Knit Pro ""Symfonie",Laine,10050,,,,non,,1,true,KP20662.jpg,99999,False,,,,,
KP200639,"Set Aiguille Circ. Inter - ""Dreamz"" Bois X 7 Paires - Knit Pro",Laine,11300,,,,non,,1,true,KP200639.jpg,99999,False,,,,,
KP10616,"Set Aiguille Circu Inter ""Nova Metal"" Luxe - 8 Paires - Knit Pro",Laine,10380,,,,non,,1,true,KP10616.webp,293,False,,,,,
KP10622,"Set Aiguille Circulaire Interchangeables ""Nova Metal"" X11 Paires - Knit",Laine,17700,,,,non,,1,true,KP10622.jpg,99999,False,,,,,
KP200648,"Set Aiguille Tricot ""Dreamz"" Bois - 25 Cm - Knit Pro",Laine,16000,,,,non,,1,true,KP200648.jpg,99999,False,,,,,
KP22553,"Set Aiguillecirc ""Bamboo"" - 10 Paires - 3 À 10Mm - 4 Cables - Knit Pro",Laine,16950,,,,non,,1,true,KP22553.jpg,99999,False,,,,,
210816,Tenues Poupees,Laine,1000,,,,non,,1,true,,99999,False,,,,,
PRY624170,Tricotin A Manivelle Maxi Bleu - Prym,Laine,12400,"Tricotin à manivelle Maxi (coloris bleu) : le plus grand tricotin semi-automatique Prym, 44 mailles en circulaire / 40 à plat - Pour bonnets, snoods, housses de coussin",Prym,,non,,1,true,PRY624170.png,238,False,,,,,
389004,"Tricotin Bois ""Karl"" - Rico",Laine,1420,,,,non,,1,true,,1054,False,,,,,
624160,Tricotins Circulaire,Laine,6480,,,,non,,1,true,624160.jpg,99999,False,,,,,
U1965,Trousse 5 Crochets De 3 À 8 - Dmc,Laine,3500,"Trousse de 5 crochets DMC, tailles de 3 à 8mm",DMC,,non,,1,true,U1965.png,58,False,,,,,
500808,Yeux De Securite Pailette - 12Mm - X3 Paires - Rico,Laine,1020,,,,non,,20,true,,801,False,,,,,
500811,Yeux De Securite Pailette - 40Mm - 1 Paire - Rico,Laine,1120,,,,non,,3,true,,1814,False,,,,,
500807,Yeux De Securite Pailette - 9Mm - X3 Paires - Rico,Laine,800,,,,non,,12,true,,569,False,,,,,
CB023,Yeux Securite -Ambre - Paire - 15Mm,Laine,140,,,,non,,18,true,,2315,False,,,,,
90655,Ann.Bretelle S.Gorge Blanc .Bl.6,Lingerie,480,,,,non,,12,true,,1627,False,,,,,
M.670_008,Anneau Metal Ø 8Mm - X50Pcs - S&M,Lingerie,630,,,110 - ARGENT | 501 - BLANC | 580 - NOIR,non,110 - ARGENT:4|501 - BLANC:5|580 - NOIR:5,14,true,,2112,False,,,,,
M.670_010,Anneau Metal Ø10Mm - *50Pcs - S&M,Lingerie,650,,,501 - BLANC | 580 - NOIR,non,501 - BLANC:5|580 - NOIR:4,9,true,,2097,False,,,,,
M.670_006,Anneau Metal Ø6Mm - *50 Pcs - S&M,Lingerie,600,,,501 - BLANC | 580 - NOIR,non,501 - BLANC:5|580 - NOIR:5,10,true,,99999,False,,,,,
M433.20,Attache Bikini X3- 20 Mm - S&M,Lingerie,650,,,001 - BLANC | 014 - NOIR | 099 - TRANSPARANT,non,001 - BLANC:9|014 - NOIR:2|099 - TRANSPARANT:7,18,true,,2096,False,,,,,
90683,Attachebretelle S/Carte X 4 Blanc,Lingerie,1130,,,,non,,8,true,,1730,False,,,,,
62425,Baleine Soutien Gorce Bli2 N°100,Lingerie,500,,,,non,,3,true,,1531,False,,,,,
62427,Baleine Soutien Gorce Bli2 N°110,Lingerie,500,,,,non,,13,true,,99999,False,,,,,
62428,Baleine Soutien Gorce Bli2 N°115,Lingerie,500,,,,non,,7,true,,99999,False,,,,,
62429,Baleine Soutien Gorce Bli2 N°120,Lingerie,500,,,,non,,3,true,,1833,False,,,,,
62421,Baleine Soutien Gorce Bli2 N°80,Lingerie,500,,,,non,,12,true,,99999,False,,,,,
62422,Baleine Soutien Gorce Bli2 N°85,Lingerie,500,,,,non,,12,true,,2256,False,,,,,
62423,Baleine Soutien Gorce Bli2 N°90,Lingerie,500,,,,non,,14,true,,99999,False,,,,,
62424,Baleine Soutien Gorce Bli2 N°95,Lingerie,500,,,,non,,9,true,,99999,False,,,,,
62426,Baleine Soutien Gorge Bli2 N°105,Lingerie,500,,,,non,,10,true,,99999,False,,,,,
62430,Baleine Soutien Groge Bli2 - 130,Lingerie,500,,,,non,,5,true,,99999,False,,,,,
M2771,Bandes Adhesives Pour Decollete 85Mm - X 36 - S&M,Lingerie,800,,,,non,,4,true,M2771.jpg,428,False,,,,,
994323,Bordure/Poignet Ceinture,Lingerie,1320,,,,non,,1,true,,1622,False,,,,,
994414,Bordure/Poignet Ceinture,Lingerie,1950,,,,non,,2,true,,99999,False,,,,,
994314,Bordure/Poignet Ceinture,Lingerie,1320,,,,non,,4,true,,99999,False,,,,,
ERF.289557,Boucle Bikini Invisible - 12Mm - X2,Lingerie,300,,,,non,,15,true,,99999,False,,,,,
9464206,Boucle Porte- Jarretelle - Plastique Noir X2 - Milward,Lingerie,500,Lot de 2 boucles porte-jarretelles plastique noir Milward,,,non,,1,true,,1827,False,,,,,
9464190,Boucle Porte-Jarretelles - Plastique Blanc X2 - Milward,Lingerie,500,Lot de 2 boucles porte-jarretelles plastique blanc Milward,,,non,,3,true,,99999,False,,,,,
994471,Ceinture,Lingerie,1950,,,,non,,6,true,,99999,False,,,,,
PRY416130,Clip Pour Bikini Metal 20 Mm Argent,Lingerie,900,,,,non,,1,true,,1095,False,,,,,
M2715,Coque Balconnet Mousse - Soutien Gorge -S&M,Lingerie,1200,,,,non,,21,true,M2715.jpg,1205,False,,,,,
992521,Coque Soutien Gorge,Lingerie,1900,,,,non,,1,true,,99999,False,,,,,
M2734.003,Coques Push Up 3/4 *2 - Taille L - 15.5 X12Cm,Lingerie,1050,,,572 - BEIGE,non,572 - BEIGE:1,1,true,,1276,False,,,,,
M2734.001,Coques Push Up 3/4 *2 - Taille S - 14 X 10.5 Cm,Lingerie,915,,,572 - BEIGE,non,572 - BEIGE:3,3,true,,99999,False,,,,,
M2732.003,Coques Triangle *2 - Taille L - 12.5X12.5 Cm,Lingerie,915,,,572 - BEIGE,non,572 - BEIGE:1,1,true,,1380,False,,,,,
M2732.002,Coques Triangle *2 - Taille M - 12X12 Cm,Lingerie,840,,,572 - BEIGE,non,572 - BEIGE:2,2,true,,1963,False,,,,,
M2732.001,Coques Triangle *2 - Taille S - 11.5X11 Cm,Lingerie,760,,,572 - BEIGE,non,572 - BEIGE:2,2,true,,2022,False,,,,,
M2767,Couvre Mamelon Adhesif * 2 - S&M,Lingerie,850,,,,non,,4,true,,737,False,,,,,
LIN_3,Demi Seins,Lingerie,0,,,,non,,21,true,,99999,False,,,,,
M2770,Distributeur Adhesif Decollete - 5M - S&M,Lingerie,1150,,,,non,,6,true,,1722,False,,,,,
140117,Dos De Maillot De Bain Dore,Lingerie,200,,,,non,,290,true,,2499,False,,,,,
140111,Dos De Maillot De Bain Transparent,Lingerie,150,,,,non,,64,true,,99999,False,,,,,
9511_2,Dos Elastique - 2Cm,Lingerie,430,,,,non,,136,true,,99999,False,,,,,
9510_8,Dos Elastique - 8Cm,Lingerie,800,,,,non,,6,true,,99999,False,,,,,
9510_6,Dos Soutien Gorge,Lingerie,650,,,,non,,5,true,,99999,False,,,,,
9511_15,Dos Soutien Gorge Elastique 15Mm,Lingerie,420,,,,non,,63,true,,99999,False,,,,,
M287,Elargisseur Pantalon Pour Femme Enceinte,Lingerie,1250,,,,non,,7,true,,1661,False,,,,,
M2912.01,Epaulettes Droite - T1 - S&M,Lingerie,720,,,,non,,19,true,M2912.01.jpg,493,False,,,,,
M2912.02,Epaulettes Droite - T2 - S&M,Lingerie,750,,,,non,,27,true,,1242,False,,,,,
M2912.03,Epaulettes Droites - T3 - S&M,Lingerie,810,,,,non,,25,true,,1186,False,,,,,
PRY416160,Fermeture Bikini 25Mm,Lingerie,860,,,,non,,3,true,,1142,False,,,,,
PRY416158,Fermeture Pour Bikini 20 Mm Plastique,Lingerie,780,,,,non,,3,true,,99999,False,,,,,
M2763,Filet Lavage Lingerie - S&M,Lingerie,950,,,,non,,8,true,,1344,False,,,,,
M2766.010,Paire Bretelle Soutien Gorge Satine - 10Mm - S&M,Lingerie,800,,,001- BLANC | 014 - NOIR,non,001- BLANC:3|014 - NOIR:4,7,true,M2766.010.jpg,1208,False,,,,,
M2765,Paire Bretelles Transparante - S&M,Lingerie,750,,,,non,,9,true,M2765.jpg,1007,False,,,,,
PRY991941,Paire De Bretelle Soutien Gorge - 10 Mm - Noir,Lingerie,1290,,,,non,,5,true,,99999,False,,,,,
510045,Porte Jartelle,Lingerie,600,,,,non,,2,true,,99999,False,,,,,
RE30,Rallong Soutien Gorge - 2 Crochets - 30Mm,Lingerie,480,,,,non,,26,true,,819,False,,,,,
RE35,Rallong Soutien Gorge - 2 Crochets - 35Mm,Lingerie,500,,,,non,,28,true,,1168,False,,,,,
RE55,Rallong Soutien Gorge - 3 Crochets - 55Mm,Lingerie,550,,,,non,,28,true,,1256,False,,,,,
RE40,Rallong Soutien Gorge -3 Crochets - 40Mm,Lingerie,520,,,,non,,26,true,,975,False,,,,,
ERF.276144,Rallonge Attache De Soutien Gorge - Beige - 19Mm,Lingerie,350,,,,non,,11,true,,1794,False,,,,,
ERF.276205,Rallonge Attache De Soutien Gorge - Beige - 38Mm,Lingerie,500,,,,non,,5,true,,359,False,,,,,
ERF.276151,Rallonge Attache De Soutien Gorge - Blanc - 19Mm,Lingerie,350,,,,non,,20,true,,2379,False,,,,,
ERF.276182,Rallonge Attache De Soutien Gorge - Blanc - 28Mm,Lingerie,470,,,,non,,14,true,,362,False,,,,,
ERF.276212,Rallonge Attache De Soutien Gorge - Blanc - 38Mm,Lingerie,500,,,,non,,7,true,,583,False,,,,,
ERF.276137,Rallonge Attache De Soutien Gorge - Noir - 19Mm,Lingerie,350,,,,non,,20,true,,1783,False,,,,,
ERF.276168,Rallonge Attache De Soutien Gorge - Noir - 28Mm,Lingerie,470,,,,non,,21,true,,742,False,,,,,
ERF.276199,Rallonge Attache De Soutien Gorge - Noir - 38Mm,Lingerie,500,,,,non,,13,true,,1174,False,,,,,
ERF.276267,Rallonge Attache De Soutien-Gorge - Beige - 75 Mm,Lingerie,680,,,,non,,5,true,,701,False,,,,,
ERF.276274,Rallonge Attache De Soutien-Gorge - Blanc- 75 Mm,Lingerie,680,,,,non,,13,true,,99999,False,,,,,
ERF.276250,Rallonge Attache De Soutien-Gorge - Noir - 75 Mm,Lingerie,680,,,,non,,13,true,,2076,False,,,,,
ERF.276175,Rallonge Attache Soutien Gorge - Beige - 28Mm,Lingerie,470,,,,non,,4,true,,627,False,,,,,
RE20,Rallonge Soutien Gorge - 1 Crochet - 20 Mm,Lingerie,450,,,,non,,19,true,,2296,False,,,,,
ERF.276236,Rallonge Soutien Gorge - Beige - 50Mm,Lingerie,520,,,,non,,7,true,,692,False,,,,,
ERF.276243,Rallonge Soutien Gorge - Blanc - 50Mm,Lingerie,520,,,,non,,5,true,,624,False,,,,,
ERF.276229,Rallonge Soutien Gorge - Noir- 50Mm,Lingerie,520,,,,non,,11,true,,623,False,,,,,
545901,Ruban Rigiband - Baleine Au Metre - 8 Mm,Lingerie,250,,,,non,,57,true,,1357,False,,,,,
545902,Ruban Rigibande - Baleine Au Metre - 12 Mm,Lingerie,280,,,,non,,51,true,,1247,False,,,,,
96668.02,"Book - ""Bubble Funny"" - Crative Bubble - Rico",Livres,950,,,,non,,1,true,96668.02.webp,99999,False,,,,,
463496,Book - 1 Mois Pour Se Mettre Au Tricot - Ed Hachette,Livres,4750,,,,non,,1,true,463496.jpg,99999,False,,,,,
004402,Book - 100 Fleurs A Crocheter - Ed Le Temps Apprivoisé,Livres,4050,,,,non,,1,true,004402.jpg,99999,False,,,,,
2287148,Book - 100% Stitch - 25 Diy - Ed Hachette,Livres,3250,,,,non,,2,true,2287148.jpg,99999,False,,,,,
310793,Book - 12 Modeles Tricot - Mamiegang,Livres,4510,,,,non,,1,true,310793.jpg,99999,False,,,,,
G0101946,Book - 200 Points De Tricot Rang Par Rang - Ed Eyrolles,Livres,3450,,,,non,,1,true,G0101946.jpg,99999,False,,,,,
MN29332,Book - 500 Modeles De Bargello Et Canevas - Mango,Livres,4100,,,,non,,2,true,MN29332.jpg,99999,False,,,,,
88.4873.5,Book - A La Fin De Ce Livre ... Du Crochet - Ed Dessain & Tolar,Livres,3620,,,,non,,1,true,88.4873.5.jpg,99999,False,,,,,
320311,Book - Alphabet De La Brodeuse,Livres,1350,,,,non,,2,true,320311.jpg,99999,False,,,,,
MLDI415,Book - Amigurumi Gnome - Ed Saxe,Livres,3250,,,,non,,2,true,MLDI415.webp,99999,False,,,,,
MC466,Book - Amigurumis - Marionettes Au Crochet - Ed Marie Claire,Livres,3250,,,,non,,2,true,MC466.webp,99999,False,,,,,
MC301,Book - Amigurumis Amusants - 16 Projets - Ed Marie Claire,Livres,3150,,,,non,,1,true,MC301.webp,99999,False,,,,,
MN38624,Book - Amigurumis Animaux Super Faciles - Ed Mango,Livres,3450,,,,non,,1,true,MN38624.jpg,99999,False,,,,,
MN38617,Book - Amigurumis Fantastiques - Ed Mango,Livres,3840,,,,non,,2,true,MN38617.jpg,99999,False,,,,,
MN41358,Book - Amigurumis Feel Good - Ed Mango,Livres,3840,,,,non,,2,true,MN41358.jpg,99999,False,,,,,
MN38600,Book - Amigurumis Marins - Ed Mango,Livres,3840,,,,non,,2,true,MN38600.jpg,99999,False,,,,,
G0102304,Book - Amigurumis Reversibles - 12 Modeles - Ed Eyrolles,Livres,3780,,,,non,,2,true,G0102304.webp,99999,False,,,,,
106871,Book - Animaux Tuftes Avec C. Puy,Livres,4120,,,,non,,1,true,106871.jpg,699,False,,,,,
3680066,Book - Atelier Chaussons Au Crochet,Livres,2850,,,,non,,2,true,3680066.jpg,963,False,,,,,
2045708,Book - Bible Granny Squares,Livres,3250,,,,non,,1,true,2045708.jpg,447,False,,,,,
7617540,Book - Bienvenue A Gloutonville - Crochet,Livres,3420,,,,non,,2,true,7617540.webp,99999,False,,,,,
5000439,Book - Broderie D'Asie - Sashko & Point De Croix,Livres,1350,,,,non,,2,true,5000439.webp,99999,False,,,,,
34.4378.1,Book - Broderie Feminin Sacre - Ed Dessain & Tolar,Livres,2360,,,,non,,1,true,34.4378.1.jpg,99999,False,,,,,
BLOG086,Book - Broderie Inspiration Japon,Livres,3860,,,,non,,2,true,BLOG086.webp,99999,False,,,,,
004587,Book - Broderie Sur Canevas,Livres,4300,,,,non,,2,true,004587.jpg,99999,False,,,,,
15426_1,Book - Catalogue Printemps/ Ete N°4 - Natura Lin - 12 Modeles - Dmc,Livres,800,"Livret DMC ""Catalogue Printemps/Été N°4 - Natura Lin"" : 12 modèles tricot/crochet avec le fil Natura Linen",DMC,,non,,3,true,,99999,False,,,,,
G0102100,Book - Coffret 50 Granny Fleurs - Mix & Match,Livres,3280,,,,non,,10,true,G0102100.jpg,153,False,,,,,
MC362,Book - Coudre Pour La Plage - Ed Marie Claire,Livres,4250,,,,non,,2,true,,99999,False,,,,,
901011.02.00,"Book - Crochet ""Sous La Mer"" - Rico",Livres,1050,,,,non,,3,true,,99999,False,,,,,
2286902,Book - Crochet Disney - 35 Projets - Ed Hachette,Livres,3850,,,,non,,1,true,,99999,False,,,,,
MN37771,Book - Crochet Mode Facile - @Coeur Mandarine - Ed Mango,Livres,2100,,,,non,,1,true,,1241,False,,,,,
300.84,Book - Crochet Mode Toute Saison - Bergere De France,Livres,3500,"Livre ""Crochet Mode Toute Saison"" - Bergère de France : modèles crochet vêtements pour toutes saisons",,,non,,1,true,,99999,False,,,,,
004877,Book - Crochet Moderne Au Point Granny - Ed Le Temps Apprivoisé,Livres,4510,,,,non,,2,true,,99999,False,,,,,
004457,Book - Crochet Poupees Astrologiques - Ed Le Temps Apprivoisé,Livres,4050,,,,non,,1,true,,99999,False,,,,,
MN27499,Book - Crochet Zero Dechet Dans Ma Cuisine,Livres,2250,,,,non,,1,true,,99999,False,,,,,
MN28502,Book - Crochet Zero Dechet Dans Ma Salle De Bain,Livres,2250,,,,non,,1,true,,1188,False,,,,,
6216401,Book - Deco Macrame - 40 Projets - Ed Les Ptits Marabout,Livres,1150,,,,non,,1,true,6216401.jpg,1666,False,,,,,
RU15227,Book - Do It Nature - Teintures Vegetales,Livres,2180,,,,non,,3,true,,99999,False,,,,,
G0101428,Book - Douces Peluches Au Crochet - Ed Eyrolles,Livres,3150,,,,non,,2,true,,99999,False,,,,,
EDI8-27,Book - Doudous Tout Doux Au Crochet - Ed Solar,Livres,3810,,,,non,,2,true,,99999,False,,,,,
15934_1,Book - Eco Vita 3 Multicolor - 2026 - Dmc,Livres,1600,"Livret DMC ""Eco Vita 3 Multicolor 2026"" : modèles tricot/crochet avec le fil recyclé Eco Vita 3, coloris multicolores",DMC,,non,,1,true,,886,False,,,,,
G0101067,Book - Essentiel Des Points De Tricot - Ed Eyrolles,Livres,2510,,,,non,,2,true,,99999,False,,,,,
LTA802,Book - Fabuleux Plaids Au Crochet - Ed Lta,Livres,4040,,,,non,,1,true,,729,False,,,,,
MN36569,Book - Incroyables Amigurimi Aquatiques - Mango,Livres,3840,,,,non,,2,true,,99999,False,,,,,
G0102331,Book - Je Courds Mes Culottes - Ed Eyrolles,Livres,4310,,,,non,,1,true,G0102331.webp,99999,False,,,,,
KIDS029,Book - Je Decouvre Le Crochet - Ed Saxe,Livres,2290,,,,non,,1,true,,1180,False,,,,,
KIDS024,Book - Je Decouvre Le Tricotin - Ed Saxe,Livres,2290,,,,non,,2,true,,99999,False,,,,,
MN36996,Book - Je Fais Du Macracme - Mango,Livres,2870,,,,non,,2,true,,99999,False,,,,,
G0100038,Book - Je Tricote Mon 1Er Pull En Circulaire - Ed Eyroles,Livres,3850,,,,non,,1,true,,757,False,,,,,
3209366,Book - Jungle Broderie,Livres,4210,,,,non,,1,true,,99999,False,,,,,
1198014,Book - La Bible Des Amigurumis - Ed Marabout,Livres,3420,,,,non,,1,true,,99999,False,,,,,
BLOG079,Book - La Famille De Lulu Au Crochet - Ed Saxe,Livres,3610,,,,non,,1,true,,99999,False,,,,,
8301970,Book - La Menagerie Des Doudous - Crochet,Livres,3420,,,,non,,2,true,,99999,False,,,,,
186592,Book - La Petite Encyclopedie Des Animaux Au Crochet,Livres,3610,,,,non,,1,true,,99999,False,,,,,
4173320,Book - Le Crochet En 180 Points - Ed Marabout,Livres,2820,,,,non,,1,true,,530,False,,,,,
0966-7,Book - Le Crochet Tunisien - Ed. Marie Claire,Livres,4350,,,,non,,1,true,,99999,False,,,,,
MN28113,Book - Le Grand Livre Des Adorables Animaus De So Croch - Ed Mango,Livres,4250,,,,non,,1,true,,99999,False,,,,,
MC481,Book - Le Livre Pour Tricoter En Rond - Ed Marie Claire,Livres,3420,,,,non,,1,true,,99999,False,,,,,
504389,Book - Le Petit Prince Au Point De Croix,Livres,4720,,,,non,,1,true,,99999,False,,,,,
BLOG095,Book - Le Ptit Monde De Pom'Sa Au Crochet - Ed Saxe,Livres,3610,,,,non,,1,true,,99999,False,,,,,
G0101667,Book - Les Adorables Monstres Khuc Cay - Ed Eyroll,Livres,3720,,,,non,,1,true,G0101667.webp,788,False,,,,,
G00048,Book - Les Amis De Pica Pau 2 - Ed Eyrolles,Livres,3780,,,,non,,2,true,,99999,False,,,,,
G0101379,Book - Les Contes De Notre Enfance Au Crochet,Livres,3670,,,,non,,1,true,G0101379.jpg,776,False,,,,,
894691,Book - Lettre Moderne - Broderie,Livres,1000,,,,non,,2,true,,99999,False,,,,,
MN22838,Book - Macrame - Une Passion Creative - Ed Mango,Livres,3840,,,,non,,1,true,,99999,False,,,,,
307427,Book - Mailles D'Ete - Au Crochet - Phildar,Livres,3060,"Livre ""Mailles d'Été au Crochet"" - Phildar : modèles crochet légers pour l'été",,,non,,2,true,,927,False,,,,,
MC461,Book - Mailles Nordiques - 14 Modeles Tricot - Ed Marie Claire,Livres,3150,,,,non,,1,true,,99999,False,,,,,
15883_1,Book - Merino Essentiel 4 - Enfants Pull - Dmc,Livres,1000,,DMC,,non,,5,true,,99999,False,,,,,
G0102152,Book - Mes Animaux Tout Doux - Ed Eyrolles,Livres,3450,,,,non,,1,true,,845,False,,,,,
2812151,Book - Mes Chales A Tricoter - Ed Marabout,Livres,3420,,,,non,,2,true,,99999,False,,,,,
G0101859,Book - Mes Jolies Oiseaux Au Crochet,Livres,3780,,,,non,,2,true,,99999,False,,,,,
G0101280,Book - Mini Amigurumis - 26 Aniamaus Marins - Ed Eyrolles,Livres,1905,,,,non,,2,true,,99999,False,,,,,
15626D,Book - Mini Motif - Point De Croix - Dmc,Livres,1000,"Livret DMC ""Mini Motifs Point de Croix"" : recueil de petites grilles à broder au point de croix",DMC,,non,,5,true,15626D.webp,1764,False,,,,,
2344475,Book - Mon Cours De Surjeteuse - Ed Marabout,Livres,3060,,,,non,,1,true,,99999,False,,,,,
15930_1,Book - Natura Crochet - 2026 - Dmc,Livres,1400,,DMC,,non,,5,true,,99999,False,,,,,
MINI001,Book - Objectif Crochet - Mes Premiers Amigurumis - Ed Saxe,Livres,1900,,,,non,,2,true,,99999,False,,,,,
MC450,Book - Pas De Panique - Tricot Circulaire - Ed Marie Claire,Livres,3840,,,,non,,1,true,,99999,False,,,,,
MN34848,Book - Petit Cadeaux A Crocheter - 10 Modeles - Ed Mango,Livres,2850,,,,non,,1,true,,99999,False,,,,,
MN32424,Book - Petit Precis De Macrame - Ed Mango,Livres,1900,,,,non,,1,true,,1296,False,,,,,
8167900,Book - Petit Precis De Macrame - Ed Marabout,Livres,2850,,,,non,,2,true,,99999,False,,,,,
4877497,Book - Petit Precis De Raccommodage & Reprisage,Livres,2350,,,,non,,2,true,,99999,False,,,,,
00397_9,Book - Petits Bas A Coudre - 15 Modeles - Le Temps Apprivoise,Livres,4280,,,,non,,1,true,00397_9.jpg,695,False,,,,,
G0102220,Book - Pierre Lapin &Co Au Crochet - Ed Eyrolles,Livres,3830,,,,non,,2,true,,99999,False,,,,,
LTA808,Book - Plaids Illusions Au Crochet - Ed Lta,Livres,4040,,,,non,,2,true,,99999,False,,,,,
1130356,Book - Poupee Vanille & Co - Ed Marabout,Livres,3420,,,,non,,1,true,,99999,False,,,,,
BLOG081,Book - Poupees & Amigurumi De Noel Nordique - Ed Saxe,Livres,3810,,,,non,,1,true,,99999,False,,,,,
BLOG085,Book - Poupees De P'Tite Peste Au Crochet - Ed Saxe,Livres,3440,,,,non,,1,true,,99999,False,,,,,
MN37566,Book - Premiers Pas - Motifs Au Crochet - Ed Mango,Livres,2890,,,,non,,2,true,,99999,False,,,,,
BLOG088,Book - Princes & Princesses Au Crochet - Ed Saxe,Livres,3400,,,,non,,2,true,,99999,False,,,,,
96659.02,Book - Ticoter Des Chaussettes - Rico,Livres,1150,,,,non,,1,true,,1642,False,,,,,
187384,Book - Tricot - J'Apprends Pas A Pas En 12 Projets - Ed Solar,Livres,3710,,,,non,,1,true,,99999,False,,,,,
105711,Book - Tricotez Votre Bien Etre - Ed Tana,Livres,4050,,,,non,,1,true,,99999,False,,,,,
EDI8-08,Book - Tricotin - 20 Projets Deco & Kdo - Ed Solar,Livres,2510,,,,non,,2,true,,99999,False,,,,,
INED347,Book - Une Annee De Granny Squares - Ed Leduc,Livres,3650,,,,non,,2,true,,99999,False,,,,,
MLDI436,Book - Une Annee En Amigurumis - Ed Saxe,Livres,3620,,,,non,,2,true,,99999,False,,,,,
004778,Book - Wallace & Gromit - Au Crochet,Livres,3530,,,,non,,1,true,,99999,False,,,,,
15738_22,Book 10 Happy Cotton,Livres,850,,,,non,,5,true,,99999,False,,,,,
15756_1,Book 12 Modeles Baby Coton,Livres,1830,,,,non,,3,true,,99999,False,,,,,
15892_22,Book 18 - Amigurumi Jo Sport,Livres,850,,,,non,,1,true,,99999,False,,,,,
15933_1,Book 6 Projets Tricot & Crochet - Eco Vita 3 - Dmc,Livres,1600,"Livret DMC ""6 projets Tricot & Crochet - Eco Vita 3"" : modèles à réaliser avec le fil recyclé Eco Vita 3",DMC,,non,,3,true,,99999,False,,,,,
15736_22,Book 8 Happy Cotton,Livres,850,,,,non,,1,true,15736_22.webp,1872,False,,,,,
15691_1,Book A5 Hoooked Lurex,Livres,500,"Livret A5 Hoooked Lurex : 4 modèles à réaliser avec le fil Hoooked Lurex (pochette, panier de rangement, set de table, coussin)",Hoooked,,non,,1,true,,99999,False,,,,,
15774_22,Book Amigourumi N13,Livres,850,,,,non,,4,true,,99999,False,,,,,
15696_22,Book Amigurumi - Baby Love,Livres,850,,,,non,,2,true,,1355,False,,,,,
E2311585,Book Amigurumi En Vacances - Ed. Marie Claire,Livres,4530,,,,non,,2,true,,99999,False,,,,,
15737_22,Book Amigurumi N 9 Happy Cotton,Livres,850,,,,non,,4,true,,99999,False,,,,,
15872_22,Book Amigurumi N14 - Space,Livres,850,,,,non,,8,true,,99999,False,,,,,
15873_22,Book Amigurumi N15 - Transport,Livres,850,,,,non,,8,true,,99999,False,,,,,
15874_22,Book Amigurumi N16 -Nativite,Livres,850,,,,non,,5,true,,99999,False,,,,,
E6538174,Book Apprendre Le Punch Needle En 10 Lecons - Ed. De Saxe,Livres,3850,,,,non,,1,true,,99999,False,,,,,
901020.02,Book Blooming Beauties - Crochet - Rico,Livres,1200,,,,non,,4,true,,99999,False,,,,,
15824_1,Book Catalog Papa Et Moi - Natura Denim * Dmc,Livres,1140,"Livret DMC ""Papa et Moi - Natura Denim"" : modèles tricot/crochet assortis parent-enfant avec le fil Natura Denim",DMC,,non,,2,true,,1645,False,,,,,
15823_1,Book Catalogue - Maman & Moi - Natura - Dmc,Livres,1140,"Livret DMC ""Maman & Moi - Natura"" : modèles tricot/crochet assortis parent-enfant avec le fil Natura",DMC,,non,,4,true,15823_1.webp,1670,False,,,,,
6287,Book Crochet 117 - Katia,Livres,2400,,Katia,,non,,3,true,6287.jpg,1107,False,,,,,
15929_1,Book Eco Vita 4 - Metalic - La Magie De Noel - Dmc,Livres,1500,"Livret DMC ""Eco Vita 4 Métallisé - La Magie de Noël"" : modèles tricot/crochet de saison avec le fil Eco Vita 4 pailleté",DMC,,non,,3,true,,99999,False,,,,,
15895_1,Book Eco Vita Tape - 5 Projets,Livres,1950,,,,non,,4,true,,99999,False,,,,,
17002_22,Book Feutrage Cactus Et Succulantes - Dmc,Livres,1250,"Livret DMC ""Feutrage - Cactus et Succulentes"" : modèles à réaliser en feutrage à l'aiguille",DMC,,non,,3,true,,99999,False,,,,,
17003_22,Book Feutrage Embellissement Fleuris - Dmc,Livres,1250,"Livret DMC ""Feutrage - Embellissement Fleuri"" : modèles de fleurs à réaliser en feutrage à l'aiguille",DMC,,non,,3,true,,99999,False,,,,,
15777_22,Book Haooy Chenille - N°6 - Les Oursons- Dmc,Livres,850,"Livret DMC ""Happy Chenille N°6 - Les Oursons"" : modèles d'oursons en amigurumi avec le fil chenille Happy Chenille",DMC,,non,,3,true,,99999,False,,,,,
15776_22,Book Happy Chenille N°5 - La Vie Au Jardin - Dmc,Livres,850,"Livret DMC ""Happy Chenille N°5 - La Vie au Jardin"" : modèles sur le thème du jardin avec le fil chenille Happy Chenille",DMC,,non,,3,true,,99999,False,,,,,
G0100405,Book Happy Crochet Minature - Ed Eyrolles,Livres,3980,,,,non,,1,true,,99999,False,,,,,
15771_1,Book Home Deco - Nova Vita 4 - Dmc,Livres,2100,"Livret DMC ""Home Déco - Nova Vita 4"" : modèles de décoration intérieure avec le fil recyclé Nova Vita 4",DMC,,non,,1,true,,99999,False,,,,,
311066,Book Je Suis Gaucher Et Je Fais Du Crochet - Ed Marie Claire,Livres,4020,,,,non,,1,true,311066.jpg,731,False,,,,,
E6012648,Book Jouet D'Eveil Au Crochet - Ed. Eyrolles,Livres,4450,,,,non,,2,true,,99999,False,,,,,
E6012341,Book Le Noel De Khuc Cay - Ed Eyrolles,Livres,3450,,,,non,,1,true,,844,False,,,,,
E2678758,Book Les Petits Animaux - Khuc Cay - Ed. Eyrolles,Livres,4280,,,,non,,2,true,,99999,False,,,,,
15849_1,Book Magnum Tweed - Dmc,Livres,1050,"Livret DMC ""Magnum Tweed"" : modèles tricot/crochet réalisés avec le fil grand format Magnum Tweed",DMC,,non,,2,true,,99999,False,,,,,
E6536439,Book Mes Doudous Au Corchet Pr Bebe 6 Ed. De Saxe,Livres,5050,,,,non,,2,true,,99999,False,,,,,
00396_2,Book Mode Au Masculin - Couture - 15 Patrons - Le Temps Apprivoisee,Livres,4280,,,,non,,2,true,00396_2.jpg,99999,False,,,,,
15772_22,Book N 11 - Amigurumi - Objet Vintage - Happy Cotton - Dmc,Livres,850,"Livret DMC N°11 ""Amigurumi Objets Vintage - Happy Cotton"" : modèles d'objets vintage en amigurumi avec le fil Happy Cotton",DMC,,non,,5,true,,99999,False,,,,,
15773_22,Book N12 -Amigurumi - Les Professions,Livres,850,,,,non,,3,true,,99999,False,,,,,
15693_22,Book N2 - Les Partenaires Happy Cotton,Livres,850,,,,non,,2,true,15693_22.webp,1874,False,,,,,
15775_22,Book N4 - Happy Chenille Nos Amis Les Chiens,Livres,850,,,,non,,5,true,15775_22.webp,1379,False,,,,,
15865_1,Book N5 Home Deco Nova Vita 4 Vs Fr,Livres,1390,,,,non,,1,true,,99999,False,,,,,
15866_1,Book N6 Bags Nova Vita 4 Vs Fr,Livres,1000,,,,non,,4,true,,1736,False,,,,,
15896_1,Book Natura - 12 Models - Dmc,Livres,2300,"Livret DMC ""Natura - 12 modèles"" : modèles tricot/crochet réalisés avec le fil Natura",DMC,,non,,1,true,,99999,False,,,,,
15825_1,Book Natura - Baby - Dmc,Livres,1140,"Livret DMC ""Natura Baby"" : modèles layette tricot/crochet avec le fil Natura",DMC,,non,,5,true,,99999,False,,,,,
15931_1,Book Natura Tricot - 2026 - Dmc,Livres,1400,,DMC,,non,,1,true,,99999,False,,,,,
15830_1,Book Natura Xl - C&K - Dmc,Livres,1490,"Livret DMC ""Natura XL - Crochet & Tricot"" : modèles réalisés avec le fil Natura XL",DMC,,non,,4,true,,99999,False,,,,,
15762D_1,Book Natura Xl Mod 11021,Livres,250,,,,non,,1,true,,99999,False,,,,,
E7022968,Book New Adorables Mini Animaux,Livres,3050,,,,non,,1,true,E7022968.jpg,930,False,,,,,
15911_1,Book Nova Vita 4 - 6 Projets - Dmc,Livres,1700,"Livret DMC ""Nova Vita 4 - 6 projets"" : modèles à réaliser avec le fil recyclé Nova Vita 4",DMC,,non,,1,true,15911_1.jpg,830,False,,,,,
15754_1,Book Nova Vita N3,Livres,1700,,,,non,,3,true,,99999,False,,,,,
15770_1,Book Nova Vita Sacs,Livres,1350,,,,non,,3,true,,1030,False,,,,,
15728_22,Book N°2 - Dinosaures - Happy Chenille - Dmc,Livres,850,"Livret DMC N°2 ""Dinosaures - Happy Chenille"" : modèles de dinosaures en amigurumi avec le fil Happy Chenille",DMC,,non,,1,true,15728_22.webp,1378,False,,,,,
15729_22,Book N°3 - Petits Amis - Happy Chenille Dmc,Livres,850,"Livret DMC N°3 ""Petits Amis - Happy Chenille"" : modèles de petits personnages en amigurumi avec le fil Happy Chenille",DMC,,non,,3,true,,99999,False,,,,,
15626A,Book Point De Croix - Abcedaire - Dmc,Livres,1000,"Livret DMC ""Point de Croix - Abécédaire"" : grilles de lettres à broder au point de croix",DMC,,non,,3,true,15626A.webp,1268,False,,,,,
0651_2,Book Punch Needle Creative En Volume,Livres,4350,,,,non,,1,true,,99999,False,,,,,
15890_1,Book Raphia N°1 Hats & Bags - Dmc,Livres,1600,"Livret DMC ""Raphia N°1 - Hats & Bags"" : modèles de chapeaux et sacs réalisés avec le fil effet raphia",DMC,,non,,14,true,15890_1.webp,861,False,,,,,
00398_6,Book Robes A Coudre - 14 Patrons - Le Temps Apprivoise,Livres,4280,,,,non,,1,true,00398_6.jpg,694,False,,,,,
15851_1,Book Special Bebe - 16 Projets Tricots - Dmc,Livres,1250,"Livret DMC ""Spécial Bébé - 16 projets tricot"" : modèles layette à tricoter",DMC,,non,,1,true,,1612,False,,,,,
15847_1,Book Wolly - Homme - Dmc,Livres,1050,"Livret DMC ""Wolly Homme"" : modèles tricot pour homme",DMC,,non,,4,true,,99999,False,,,,,
004839,Coffret 50 Cartes Broderie Sur Canevas,Livres,4130,,,,non,,2,true,004839.jpg,99999,False,,,,,
15905_1,Leaflet Ankara - 2 Projets Femme - Dmc,Livres,350,,DMC,1,non,1:4,4,true,,2363,False,,,,,
15689_1,Leaflet Brio Modèles 7116 - 7119 - Dmc,Livres,180,,DMC,15689G -  CARRE | 15689I - OCTOGONE,non,15689G -  CARRE:3|15689I - OCTOGONE:3,6,true,,99999,False,,,,,
15694_22,Two Of Kind Book Happy Cotton,Livres,850,,,,non,,5,true,,99999,False,,,,,
M.16619,Ecusson Thermo Pelote - S&M,Pelote,600,,,001 - LOVE | 002 - PELOTTE | 003 - COEUR,oui,001 - LOVE:5|002 - PELOTTE:6|003 - COEUR:6,17,true,M.16619.jpg,1198,False,,,,,
KP10941,Enrouleur De Pelote Manuel -Knit Pro,Pelote,6020,,,,non,,1,true,KP10941.jpg,171,False,,,,,
PERLE_8B_DMC,Fil Coton Perlé Dmc - Pelote - N°8,Pelote,540,"Coton perlé DMC N°8, pelote - Fil 100% coton mercerisé non divisible, torsadé et brillant, pour broderie fine et crochet",DMC,ECRU | 3823 | 3743 | 3753 | 3689 | 3688 | 3685 | 3345 | 3328 | 3072 | 3042 | 3041 | 3033 | 996 | 995 | 991 | 986 | 959 | 957 | 955 | 946 | 943 | 928 | 926 | 922 | 919 | 906 | 912 | 911 | 909 | 905 | 902 | 898 | 893 | 892 | 842 | 840 | 828 | 800 | 799 | 798 | 796 | 794 | 793 | 827 | 822 | 816 | 815 | 806 | 801 | 781 | 780 | 762 | 743 | 742 | 740 | 739 | 738 | 727 | 725 | 712 | 702 | 699 | 666 | 676 | 644 | 604 | 603 | 602 | 580 | 552 | 524 | 518 | 517 | 503 | 498 | 435 | 434 | 433 | 422 | 415 | 413 | 369 | 368 | 367 | 356 | 355 | 347 | 341 | 340 | 334 | 333 | 320 | 319 | 315 | 300 | 224 | 211 | 210 | 121 | 115 | 111 | 106 | 105 | 99 | 93 | 90 | 67 | 48 | 53 | 52 | 51 | BLANC | B5200 | 310 | 797 | 122 | 444,oui,ECRU:19|3823:17|3743:10|3753:9|3689:17|3688:16|3685:15|3345:14|3328:17|3072:9|3042:15|3041:5|3033:10|996:18|995:18|991:10|986:12|959:15|957:19|955:20|946:11|943:14|928:13|926:3|922:11|919:16|906:10|912:17|911:9|909:23|905:17|902:11|898:5|893:10|892:18|842:15|840:7|828:9|800:8|799:14|798:9|796:22|794:15|793:10|827:18|822:9|816:16|815:18|806:10|801:13|781:3|780:7|762:14|743:8|742:14|740:11|739:9|738:7|727:11|725:10|712:18|702:10|699:27|666:32|676:13|644:16|604:26|603:7|602:9|580:26|552:12|524:8|518:17|517:14|503:18|498:17|435:12|434:13|433:11|422:19|415:13|413:16|369:17|368:9|367:19|356:14|355:11|347:4|341:11|340:5|334:13|333:15|320:12|319:7|315:10|300:11|224:7|211:7|210:16|121:25|115:25|111:22|106:10|105:16|99:16|93:20|90:29|67:23|48:18|53:20|52:25|51:16|BLANC:35|B5200:23|310:40|797:20|122:10|444:14,1709,true,PERLE_8B_DMC.jpg,38,False,,,,,
BABY_AQUA_DMC,Pelote 100% Baby Aquarelle - Dmc - 50G - Merino,Pelote,1630,"Pelote DMC 100% Baby Aquarelle, 50g - Fil mérinos doux dégradé, pour layette et vêtements bébé",DMC,1380 - BLEU | 1330 - BEIGE | 1340 - ROSE,oui,1380 - BLEU:7|1330 - BEIGE:10|1340 - ROSE:8,25,true,BABY_AQUA_DMC.jpg,163,False,,,,,
BABY_MERINO_DMC,Pelote 100% Baby Merino - Dmc,Pelote,1350,"Pelote DMC 100% Baby Merino - Laine mérinos douce et hypoallergénique, pour layette et vêtements bébé",DMC,72 - JEANS | 01 - BLANC | 82 - VERT D'EAU | 71 - CIEL | 52 - FRAMBOISE | 42 - SAUMON | 83 - TURQUOISE | 05 - ROUGE | 11 - NUDE | 41 - ROSE PALE | 73 - NAVY | 03 - BLANC CASSE | 31 - CAFE | 81 - VERT EAU | 121 - PERLE | 122 - TAUPE | 02 - NOIR | 421 - yaourt fraise,oui,72 - JEANS:25|01 - BLANC:5|82 - VERT D'EAU:26|71 - CIEL:18|52 - FRAMBOISE:29|42 - SAUMON:15|83 - TURQUOISE:7|05 - ROUGE:5|11 - NUDE:7|41 - ROSE PALE:26|73 - NAVY:4|03 - BLANC CASSE:10|31 - CAFE:12|81 - VERT EAU:10|121 - PERLE:9|122 - TAUPE:17|02 - NOIR:20|421 - yaourt fraise:4,249,true,BABY_MERINO_DMC.webp,19,False,,,,,
ALABAMA_K,Pelote Alabama - Katia (50% Acry / 50% Coton),Pelote,800,"Fil 50% coton / 50% acrylique à l'aspect mat, pelote de 50g / 105m. Se tricote avec des aiguilles 3,5–4 mm ou crochet 4 mm. Échantillon 10x10 cm : 19 mailles x 26 rangs. Lavage machine 30°C.",Katia,32 - ROUGE | 79 - CAROTTE | 25 - ORANGE | 76 - CITROUILLE | 82 - MOUTARDE | 70 - GOLDEN BROWN | 66 - JAUNE D'OR | 35 - JAUNE CITRON | 71 - CHOCOLAT | 08 - CAFE AU LAIT | 09 - CREME | 03 - BLANC CASSE | 49 - VIEUX ROSE | 34 - CORAIL | 61 - BORDEAU | 13 - COBALT | 14 - BLEUET | 26 - LAVANDE | 78 - CIEL | 75 - PARME | 68 - EVEQUE | 65 - ROSE BONBON | 77 - CHEVREFEUILLE | 59 - BLEU ROI | 05 - BLEU NUIT | 20 - PAON | 81 - BLEU | 63 - VERT D'EAU | 54 - TURQUOISE | 53 - VERT DE GRIS | 67 - MOUSSE | 02 - NOIR | 01 -BLANC | 12 - GRIS CLAIR | 51 - GRIS FONCE | 73 - OLIVE | 64 - SAPIN | 62 - PELOUSE | 80 - TILLEULE,oui,32 - ROUGE:31|79 - CAROTTE:33|25 - ORANGE:19|76 - CITROUILLE:33|82 - MOUTARDE:33|70 - GOLDEN BROWN:31|66 - JAUNE D'OR:33|35 - JAUNE CITRON:33|71 - CHOCOLAT:15|08 - CAFE AU LAIT:36|09 - CREME:26|03 - BLANC CASSE:5|49 - VIEUX ROSE:40|34 - CORAIL:47|61 - BORDEAU:13|13 - COBALT:28|14 - BLEUET:28|26 - LAVANDE:28|78 - CIEL:38|75 - PARME:4|68 - EVEQUE:28|65 - ROSE BONBON:24|77 - CHEVREFEUILLE:38|59 - BLEU ROI:31|05 - BLEU NUIT:36|20 - PAON:19|81 - BLEU:32|63 - VERT D'EAU:30|54 - TURQUOISE:16|53 - VERT DE GRIS:25|67 - MOUSSE:26|02 - NOIR:32|01 -BLANC:26|12 - GRIS CLAIR:35|51 - GRIS FONCE:38|73 - OLIVE:30|64 - SAPIN:48|62 - PELOUSE:26|80 - TILLEULE:29,1123,true,ALABAMA_K.jpg,4,False,,,,,
ALGASOIE,Pelote Algasoie - Plassard,Pelote,1760,"Pelote Algasoie Plassard : 70% alpaga / 30% soie, 25g/210m, aiguilles dès 3,5mm - Fil léger et doux, marque française depuis 1879",,,non,,9,true,ALGASOIE.webp,73,False,1056,40.0,2026-09-27,pourcentage,40
ANKARA_DMC,Pelote Ankara - 70% Acryl / 30% Mohair - Dmc,Pelote,980,"Pelote de laine Ankara DMC : 70% acrylique / 30% mohair, effet duveteux et chaleureux",DMC,810 -ROUGE | 803 - PRUNE | 800 - MAUVE | 811 - PETROLE | 801 - ANIS | 809 - CREME | 806 - NOIR | 808 - BLANC | 804 - GRIS,oui,810 -ROUGE:36|803 - PRUNE:38|800 - MAUVE:23|811 - PETROLE:30|801 - ANIS:25|809 - CREME:30|806 - NOIR:38|808 - BLANC:38|804 - GRIS:26,284,true,ANKARA_DMC.webp,39,False,,,,,
BALADE,Pelote Balade - Cheval Blanc - 75% Laine - 25% Nylon,Pelote,1450,"Fil chaussette 75% laine mérinos superwash / 25% polyamide - 100g/420m - Aiguilles n°2,5-3 - Lavable machine 30°C",Cheval Blanc,COQUELICOT -4 | LUEUR - 85 | FLANELLE - 58 | PETROLE - 275 | KAKI - 57 | FORET - 49 | TOURNESOL - 101 | CAMAIEU - 28,oui,COQUELICOT -4:3|LUEUR - 85:3|FLANELLE - 58:3|PETROLE - 275:4|KAKI - 57:1|FORET - 49:8|TOURNESOL - 101:4|CAMAIEU - 28:7,33,true,BALADE.jpeg,251,False,,,,,
BALADE_ECO,Pelote Balade Eco - Cheval Blanc - 70% Laine - 25% Nylon,Pelote,1540,"Fil chaussette écologique (fibres recyclées) 70% laine / 25% polyamide / 5% autres fibres - 100g/420m - Aiguilles n°2,5-3",Cheval Blanc,ANTHRACITE - 630,non,ANTHRACITE - 630:8,8,true,,984,False,,,,,
BAMBI_K,Pelote Bambi - Katia - 100% Polyester,Pelote,1020,"Laine douce et chaude au toucher velours, pour vêtements et accessoires de décoration pour la maison.

🧶​ 100 g - 120 m 
Aiguilles  n° 6 / 6.5 - Crochet n° 6
100% Polyester 
37 coloris disponibles 
échantillon :  10 mailles par 15 rangs 
lavable : 40° 
4 pelotes pour un pull T42 au tricot ",Katia,329 - JAUNE | 339 - ORANGE | 315 - NOIR | 317 - TURQUOISE | 334 - JEAN | 335 - LAVANDE | 325 - GRIS CLAIR | 303 - BLEU CIEL | 312 - ROUGE | 333 - MELON | 320 - MOUTARDE | 305 - BLANC CASSE | 326 - VIEUX ROSE | 324 - BEIGE | 301 - ROSE PALE | 331 - GRENOUILLE | 330 - MARRON | 306 - MARRON CLAIR | 338 - EMERAUDE | 314 - GRIS | 328 - VERT D' EAU | 341 - VERT SCRUMP | 327 - BORDEAU | 311 - FUSCHIA | 332 - ANIS | 319 - MARINE | 316 - PARME | 337 - AUBERGINE | 340 - FRAMBOISE | 336 - MAUVE | 342 - SABLE | 343 - BRUN | 344 - GRIS MOYEN | 345 - FORET | 346 - LAGON,oui,329 - JAUNE:9|339 - ORANGE:27|315 - NOIR:19|317 - TURQUOISE:31|334 - JEAN:67|335 - LAVANDE:47|325 - GRIS CLAIR:61|303 - BLEU CIEL:53|312 - ROUGE:42|333 - MELON:21|320 - MOUTARDE:51|305 - BLANC CASSE:9|326 - VIEUX ROSE:61|324 - BEIGE:36|301 - ROSE PALE:39|331 - GRENOUILLE:50|330 - MARRON:17|306 - MARRON CLAIR:18|338 - EMERAUDE:29|314 - GRIS:34|328 - VERT D' EAU:54|341 - VERT SCRUMP:22|327 - BORDEAU:38|311 - FUSCHIA:44|332 - ANIS:28|319 - MARINE:41|316 - PARME:47|337 - AUBERGINE:50|340 - FRAMBOISE:60|336 - MAUVE:31|342 - SABLE:2|343 - BRUN:12|344 - GRIS MOYEN:18|345 - FORET:20|346 - LAGON:18,1206,true,BAMBI_K.jpg,1,False,,,,,
DOUDOU_DMC,Pelote Blanket Doudou - 300G - Polyester - Dmc,Pelote,2010,"Pelote DMC Blanket Doudou, 300g, 100% polyester - Fil extra-doux et épais façon peluche, pour couvertures et amigurumis",DMC,01 - BEIGE | 02 - CIEL | 03 - SAUMON | 1200  - DRAGEE,oui,01 - BEIGE:7|02 - CIEL:1|03 - SAUMON:4|1200  - DRAGEE:6,18,true,DOUDOU_DMC.jpg,29,False,,,,,
BRIDE_CB,Pelote Bride - Cheval Blanc,Pelote,1100,"Fil fin et brillant 100% polyester, à associer à une autre laine - 25g/200m - Aiguilles n°5",Cheval Blanc,OR - 127 | ARGENT - 128,non,OR - 127:8|ARGENT - 128:13,21,true,BRIDE_CB.jpg,724,False,,,,,
CANDY,Pelote Candy - Dmc,Pelote,760,Pelote de laine DMC Candy : fil fantaisie multicolore pour petits accessoires tricot/crochet,DMC,,non,,52,true,CANDY.webp,117,False,,,,,
CAPRI_TONES_K,Pelote Capri Tones - 100% Coton - Katia,Pelote,800,"Coton 100% mercerisé à effet délavé mêlant plusieurs tonalités d'une même couleur, pelote de 50g / 125m. Se tricote avec des aiguilles 2,5–3 mm ou crochet 2 mm. Lavage machine 30°C.",Katia,306 - GRIS | 300 - JAUNE | 304 - GRIS VERT | 307  - ORANGE | 308 - TURQUOISE,non,306 - GRIS:9|300 - JAUNE:9|304 - GRIS VERT:11|307  - ORANGE:4|308 - TURQUOISE:4,37,true,CAPRI_TONES_K.jpg,84,False,,,,,
COCKTAIL_P,Pelote Cocktail - 70% Coton - 30% Poly - 50G - 105 M - Plassard,Pelote,670,"Pelote Cocktail Plassard : 70% coton / 30% polyester, 50g/105m",,80 - LIN | 99 - NOIR | 50 - MALABAR | 51 - ORANGE | 01 - BLANC | 60 - ROUGE | 71 - CIEL | 21 - TURQUOISE | 41 - JAUNE | 34 - FUCHSIA | 27 - ANTHRACITE,oui,80 - LIN:16|99 - NOIR:18|50 - MALABAR:18|51 - ORANGE:21|01 - BLANC:11|60 - ROUGE:14|71 - CIEL:12|21 - TURQUOISE:11|41 - JAUNE:10|34 - FUCHSIA:13|27 - ANTHRACITE:14,158,true,COCKTAIL_P.webp,142,False,402,40,2026-09-27,,
COMBINE_K,Pelote Combine & Shine - Katia,Pelote,1700,"Fil ruban en viscose discontinue très léger avec effet scintillant, conçu pour être tricoté en association avec d'autres fils. Se tricote avec des aiguilles 3,5 mm. Échantillon 10x10 cm : 35 mailles x 44 rangs.",Katia,10 - ARGENT | 60  - MARINE | 20  -NOIr | 50 - TURQUOISE | 40 - VERT | 30 - DORE | 100 - BRONZE | 90 - ROUGE | 80 - FUCHSIA | 70  - ROSE,non,10 - ARGENT:3|60  - MARINE:5|20  -NOIr:4|50 - TURQUOISE:4|40 - VERT:5|30 - DORE:5|100 - BRONZE:3|90 - ROUGE:7|80 - FUCHSIA:3|70  - ROSE:8,47,true,COMBINE_K.jpg,129,False,,,,,
COMETE_CB,Pelote Comete - Cheval Blanc,Pelote,780,"Fil d'été léger avec fil lurex, 48% acrylique / 47% coton / 5% polyester - 50g/130m - Aiguilles n°3-3,5",Cheval Blanc,011 - BLANC | 016 - NATUREL | 012 - NOIR | 081 - GENET | 271 - ORANGE | 179 - GOYAVE | 040 - PIMENT | 305 - RUBIS | 070 - PETAL | 056 - VIEUX ROSE | 037 - FRAMBOISE | 210 - GLACIER | 028 - CAMAIEU | 188 - CARAIBE | 066 - ABYSSE | 079 - EMRAUDE | 043 - CITRON | 049 - FORET | 071 - PERLE,oui,011 - BLANC:56|016 - NATUREL:40|012 - NOIR:61|081 - GENET:58|271 - ORANGE:12|179 - GOYAVE:63|040 - PIMENT:30|305 - RUBIS:15|070 - PETAL:36|056 - VIEUX ROSE:21|037 - FRAMBOISE:65|210 - GLACIER:32|028 - CAMAIEU:47|188 - CARAIBE:43|066 - ABYSSE:61|079 - EMRAUDE:43|043 - CITRON:20|049 - FORET:8|071 - PERLE:46,757,true,COMETE_CB.jpg,54,False,,,,,
DIGITALIS,Pelote Coton - Digitalis - 50G - 120 M - Plassard,Pelote,1050,"Pelote de coton Digitalis Plassard, 50g/120m",,01 - BLANC | 44 - MOUTARDE | 54 - ROUILLE | 24 - BLEU JEAN | 70 AMANDE,oui,01 - BLANC:23|44 - MOUTARDE:30|54 - ROUILLE:29|24 - BLEU JEAN:29|70 AMANDE:22,133,true,DIGITALIS.jpg,173,False,,,,,
MENFIS_K,Pelote Coton - Menfis Color - Katia,Pelote,1630,"Coton 100% multicolore brillant, pelote de 100g / 240m. Se tricote avec des aiguilles 2,5–3,5 mm ou crochet 2–2,5 mm. Échantillon 10x10 cm : 24 mailles x 34 rangs. Lavage machine 30°C.",Katia,119 - PASTEL | 106 - BLEU | 123  - ORANGE | 120 - BLEU MAUVE | 117 - MOUTARDE | 122 - VERT ROSE | 114 - ROUGE,oui,119 - PASTEL:5|106 - BLEU:2|123  - ORANGE:5|120 - BLEU MAUVE:8|117 - MOUTARDE:4|122 - VERT ROSE:10|114 - ROUGE:9,43,true,MENFIS_K.jpg,313,False,,,,,
CAPRI_K,Pelote Coton Capri - Katia,Pelote,650,"Coton léger, brillant et disponible dans une large gamme de couleurs.
Capri est un fil agréable à tricoter pour faire des robes, des pulls d'été. C'est un coton mercerisé ideal pour crocheter des amigurumis
Coton 100% mercerisé. 
pelote de 50g / 125m. 
Se tricote avec des aiguilles 2,5–3 mm ou crochet 2 mm. Échantillon 10x10 cm : 26 mailles x 36 rangs. 
Lavage machine 30°C.",Katia,82130 - VERT | 82151 - VERT | 82185 - VERT | 82197 - VERT | 82149 - VERT | 82105 - VERT | 82171 -VERT | 82156 - VERT | 82170 - VERT | 82158 - VIOLET | 82106 - VIOLET | 82129 - ROSE | 82202 - ROSE | 82059 - ROUGE | 82203 - ROUGE | 82150 - ROUGE | 82164 - ROUGE | 82057 - JAUNE | 82204 - JAUNE | 82200 - CUIVRE | 82201 - CUIVRE | 82166 - CUIVRE | 82127 - BRUN | 82190 - BRUN | 82162 - BRUN | 82126 - BRUN | 82116 - BRUN | 82146 - BLEU | 82117 - BLEU | 82101 - BLEU | 82173 - BLEU GRIS | 82178 - GRIS | 82056 - NOIR | 82050 - BLANC | 82145 - BEIGE | 82051 - BEIGE | 82067 -BEIGE | 82053 - BEIGE | 82159 - SAUMON | 82154 - SAUMON | 82148 - SAUMON,oui,82130 - VERT:17|82151 - VERT:28|82185 - VERT:25|82197 - VERT:27|82149 - VERT:14|82105 - VERT:20|82171 -VERT:32|82156 - VERT:15|82170 - VERT:16|82158 - VIOLET:19|82106 - VIOLET:15|82129 - ROSE:22|82202 - ROSE:37|82059 - ROUGE:42|82203 - ROUGE:6|82150 - ROUGE:27|82164 - ROUGE:16|82057 - JAUNE:11|82204 - JAUNE:11|82200 - CUIVRE:38|82201 - CUIVRE:23|82166 - CUIVRE:18|82127 - BRUN:26|82190 - BRUN:28|82162 - BRUN:4|82126 - BRUN:11|82116 - BRUN:25|82146 - BLEU:10|82117 - BLEU:28|82101 - BLEU:24|82173 - BLEU GRIS:12|82178 - GRIS:30|82056 - NOIR:8|82050 - BLANC:15|82145 - BEIGE:28|82051 - BEIGE:27|82067 -BEIGE:27|82053 - BEIGE:15|82159 - SAUMON:30|82154 - SAUMON:32|82148 - SAUMON:1,860,true,CAPRI_K.jpg,9,False,,,,,
LAVANDULA,Pelote Coton Lavendula - 200G - 700 M - Plassard,Pelote,4250,"Pelote de coton Lavandula Plassard, grand format 200g/700m",,20 - PASTEL | 51 - MULTI NOIR,oui,20 - PASTEL:10|51 - MULTI NOIR:7,17,true,LAVANDULA.jpg,356,False,,,,,
383335.001,Pelote Crazy Pailettes - Poudre - 110M - Rico,Pelote,2000,,,,non,,3,true,383335.001.jpg,533,False,,,,,
383335.002,Pelote Crazy Paillettes - Gris - 110M - Rico,Pelote,2000,,,,non,,7,true,383335.002.jpg,792,False,,,,,
CREATIVEB,Pelote Creative Bubble - 50G - 90M - Rico,Pelote,1010,,,,non,,10,true,CREATIVEB.jpg,191,False,,,,,
AZURITE_TRIMITS,Pelote De Laine Azurite - 100%Acrylique - 50G,Pelote,220,,,0585 - NOIR | 3077 - ANTHRACITE | 3074 - GRIS | 3072 - PERLE | 9702 - ARDOISE | 3036 - BLEU DRAGEE | 2635 - BLEU CELESTE | 0151 - BLEUET | 3040 - BLEU ELECTRIQUE | 1338 - BLEU ROI | 3090 - MARINE | 3015 - MALABAR | 3011 - ROSE | 0156 - ROUGE | 3025 - BORDEAU | 0007 - ORANGE | 0338 -FORET | 0282 - ANIS | 3033 - MENTHE | 0249 - AMANDE | 28715 - PETROL | 31878 - VIEUX ROSE | 31893 - CORAIL | 3019 - FRAMBOISE | 0706 - MAUVE | 283 - AUBERGINE | 0030 - PAILLE | 3006 - JAUNE | 23245 - MOUTARDE | 0029 - BRUN | 28728 - LIN | 31883 - MOKA | 0211 - NATUREL | 0512 - BEIGE | 1515 - KAKI | 1518 - ROSE POUDRE | 1524 - CUIVRE | 1531 - LICHEN | 1979 - SAUMON | 3057 - BLE | 31875 - MAUVE | 31882 - CAFE | 3358 - ROUILLE,oui,0585 - NOIR:17|3077 - ANTHRACITE:37|3074 - GRIS:36|3072 - PERLE:69|9702 - ARDOISE:26|3036 - BLEU DRAGEE:44|2635 - BLEU CELESTE:59|0151 - BLEUET:29|3040 - BLEU ELECTRIQUE:31|1338 - BLEU ROI:21|3090 - MARINE:32|3015 - MALABAR:2|3011 - ROSE:33|0156 - ROUGE:22|3025 - BORDEAU:36|0007 - ORANGE:47|0338 -FORET:41|0282 - ANIS:39|3033 - MENTHE:46|0249 - AMANDE:28|28715 - PETROL:9|31878 - VIEUX ROSE:70|31893 - CORAIL:41|3019 - FRAMBOISE:52|0706 - MAUVE:22|283 - AUBERGINE:32|0030 - PAILLE:50|3006 - JAUNE:8|23245 - MOUTARDE:36|0029 - BRUN:35|28728 - LIN:9|31883 - MOKA:2|0211 - NATUREL:55|0512 - BEIGE:36|1515 - KAKI:32|1518 - ROSE POUDRE:2|1524 - CUIVRE:6|1531 - LICHEN:29|1979 - SAUMON:38|3057 - BLE:23|31875 - MAUVE:20|31882 - CAFE:24|3358 - ROUILLE:22,1348,true,AZURITE_TRIMITS.webp,20,False,,,,,
BABYLUX_CB,Pelote De Laine Babylux,Pelote,440,,,043 - CITRON | 174 - MANDARINE | 106 - MELON | 202 - BONBON | 300 - HORTENSIA | 015 - BLEUET | 094 - AMIRAL | 058 - FLANELLE | 004 - COQUELICOT | 071 - PERLE | 065 - HORIZON | 304 - TAUPE | 016 - NATUREL | 256 - PARME | 070 - PETALE | 011 - BLANC | 079 - EMERAUDE | 166 - ANIS | 292 - LAGON,oui,043 - CITRON:19|174 - MANDARINE:20|106 - MELON:23|202 - BONBON:15|300 - HORTENSIA:17|015 - BLEUET:13|094 - AMIRAL:30|058 - FLANELLE:29|004 - COQUELICOT:17|071 - PERLE:17|065 - HORIZON:29|304 - TAUPE:33|016 - NATUREL:45|256 - PARME:19|070 - PETALE:33|011 - BLANC:32|079 - EMERAUDE:33|166 - ANIS:36|292 - LAGON:32,492,true,BABYLUX_CB.jpg,174,False,,,,,
BRIO_DMC,Pelote De Laine Brio - Dmc,Pelote,1160,"Pelote de laine Brio DMC : mélange acrylique/laine multicolore effet dégradé, pelote 100g/345m, aiguilles/crochet 4mm",DMC,423 - VIN | 408 - LICORNE | 421 - BEIGE | 422 - EMERAUDE | 417 - COBALT | 412 - BONBON | 405 - AUTOMNE | 404 - ROSE | 424 - TURQUOISE | 403 - GRISAILLE | 402 - OCEAN | 418 - COOL DEEP | 406 - PRINTEMPS | 409 - ETE | 415 - ANGLAIS | 400 - RAINBOW | 420 - ROUILLE | 401 - PLAGE | 419 - ROOTS | 416 - ROUGE | 407 - HIVER,oui,423 - VIN:53|408 - LICORNE:11|421 - BEIGE:23|422 - EMERAUDE:29|417 - COBALT:37|412 - BONBON:32|405 - AUTOMNE:17|404 - ROSE:29|424 - TURQUOISE:37|403 - GRISAILLE:26|402 - OCEAN:37|418 - COOL DEEP:21|406 - PRINTEMPS:24|409 - ETE:21|415 - ANGLAIS:24|400 - RAINBOW:35|420 - ROUILLE:22|401 - PLAGE:31|419 - ROOTS:17|416 - ROUGE:24|407 - HIVER:30,580,true,BRIO_DMC.webp,25,False,,,,,
EKOFIL_OKE,Pelote De Laine Ekofil - 100% Acrylique - 50G - Oke,Pelote,310,,,012 - NOIR | 016 - NATUREL | 120 - BICHE | 071 - PERLE | 058 - FLANELLE | 030 - ANTHRACITE | 096 - MINERALE | 291 - TURQUOISE | 272 - PETROL | 015 - BLEUET | 013 - ARDOISE | 056 - VIEUX ROSE | 027 - TERRE | 110 - SABLE | 081 - GENET | 101 - TOURNESOL | 097 - JAUNE | 310 - MULTI ORANGE | 006 - BLEU | 321 - MULTI PASTEL | 332 - MULTI PAON | 152 - CANARD | 057 - KAKI | 045 - VERT FONCE | 203 - BOUTEILLE | 111 - SAUMON | 009 - ROSE  FLUO | 252 - PRUNE | 106 - MELON | 002 - MURIER | 063 - BLUSH | 070 - PETAL | 082 - FRAMBOISE | 011 - BLANC | 031 - CERISE | 004 - COQULICOT | 326 - MULTI BLEU | 041 - MAUVE | 042 - BRUN | 094 - AMIRAL | 077 - GRIS CLAIR,non,012 - NOIR:84|016 - NATUREL:68|120 - BICHE:34|071 - PERLE:30|058 - FLANELLE:60|030 - ANTHRACITE:29|096 - MINERALE:23|291 - TURQUOISE:3|272 - PETROL:2|015 - BLEUET:18|013 - ARDOISE:25|056 - VIEUX ROSE:9|027 - TERRE:17|110 - SABLE:33|081 - GENET:2|101 - TOURNESOL:26|097 - JAUNE:34|310 - MULTI ORANGE:5|006 - BLEU:16|321 - MULTI PASTEL:2|332 - MULTI PAON:2|152 - CANARD:8|057 - KAKI:34|045 - VERT FONCE:38|203 - BOUTEILLE:7|111 - SAUMON:2|009 - ROSE  FLUO:14|252 - PRUNE:14|106 - MELON:1|002 - MURIER:10|063 - BLUSH:18|070 - PETAL:17|082 - FRAMBOISE:23|011 - BLANC:78|031 - CERISE:20|004 - COQULICOT:59|326 - MULTI BLEU:5|041 - MAUVE:20|042 - BRUN:9|094 - AMIRAL:30|077 - GRIS CLAIR:15,944,true,EKOFIL_OKE.jpg,77,False,,,,,
FAUVE_CB,Pelote De Laine Fauve - Cheval Blanc,Pelote,600,"Fil effet fausse fourrure 100% polyester, très doux - 50g/20m - Aiguilles n°7",Cheval Blanc,BRUN - 042 | PERLE  - 058 | ACIER - 307 | PAILLE - 138,oui,BRUN - 042:12|PERLE  - 058:17|ACIER - 307:12|PAILLE - 138:22,63,true,FAUVE_CB.jpg,402,False,,,,,
LAPONIE,Pelote De Laine Laponie,Pelote,1100,,,,non,,46,true,LAPONIE.jpg,35,False,,,,,
NATURA_DMC,Pelote De Laine Natura - 100% Coton - 50G - Dmc,Pelote,990,"Pelote de laine Natura DMC : 100% coton, 50g - Fil doux et mat, idéal vêtements été et layette",DMC,M909 - BLUE LEMON | M908 - MEADOW | M906 - PURPLE RAIN | M931 -RAINBOW | M904 - BARLEY SUGAR | N105 - LAND OF FIRE | N111 - ORANGE | N47 - SAFRAN | N199 - ETAMINE | N16 - TOURNESOL | N85 - GIROFLEE | N83 - BLE | N18 - CORAL | N23 - PASSION | N555 - HEMOGLOBINE | N22 - TROPIC BROWN | N11 - NOIR | N09 - GRIS ARGENT | N01 - IBIZA | N02 - IVORY | N35 - NACAR | N36 - GARDENIA | N03 - SABLE | N80 - SALOME | N78 - LIN | N81 - ACANTHE | N44 - AGATHA | N37 - CANELLE | N59 - PRUNE | N106 - LIGHT BLUE | N30 - GLYCINE | N32 - ROSE SORAYA | N31 - MALVA | N61 - CRIMSON | N62 - CERISE | N114 - TAGADA | N52 - GERANIUM | N07 - SPRING ROSE | N404 - DRAGEE | N98 - GERBERA | N06 - ROSE LAYETTE | N13 - PISTACHE | N82 - LOBELIA | N34 - BOURGOGNE | N48 - CHARTREUSE | N20 -JADE | N14 - GREEN VALLEY | N112 - ELECTRIC BLUE | N64 - PRUSSIAN | N70 - PACIFIQUE | N27 - STAR LIGHT | N53 - BLUE LIGHT | N28 - ZAPHIRE | N26 - BLUE JEAN | N121 - GREY | N56 - AZUR | N87 - GLACIER | N05 - BLEU LAYETTE | N99 - SISHUAN | N25 - AQUAMARINA | N49 - TURQUOISE | N878 - EIDER | N100 - AQUA | N12 - LIGHT GREEN | N76 - BAMBOO | N989 - PESTO | N500 - ORANGE BRIQUE | N501 - MOKA CHOCOLAT | N502 - CHOCOLAT NOIR | N503 - ARGILE DOUCE | N504 -  FORET TROPICALE | N41 - SIENA,oui,M909 - BLUE LEMON:9|M908 - MEADOW:14|M906 - PURPLE RAIN:5|M931 -RAINBOW:4|M904 - BARLEY SUGAR:4|N105 - LAND OF FIRE:24|N111 - ORANGE:21|N47 - SAFRAN:20|N199 - ETAMINE:26|N16 - TOURNESOL:26|N85 - GIROFLEE:18|N83 - BLE:23|N18 - CORAL:21|N23 - PASSION:26|N555 - HEMOGLOBINE:23|N22 - TROPIC BROWN:26|N11 - NOIR:34|N09 - GRIS ARGENT:29|N01 - IBIZA:19|N02 - IVORY:13|N35 - NACAR:34|N36 - GARDENIA:16|N03 - SABLE:26|N80 - SALOME:18|N78 - LIN:20|N81 - ACANTHE:14|N44 - AGATHA:27|N37 - CANELLE:24|N59 - PRUNE:20|N106 - LIGHT BLUE:17|N30 - GLYCINE:22|N32 - ROSE SORAYA:27|N31 - MALVA:16|N61 - CRIMSON:23|N62 - CERISE:19|N114 - TAGADA:17|N52 - GERANIUM:14|N07 - SPRING ROSE:18|N404 - DRAGEE:25|N98 - GERBERA:25|N06 - ROSE LAYETTE:7|N13 - PISTACHE:22|N82 - LOBELIA:21|N34 - BOURGOGNE:20|N48 - CHARTREUSE:23|N20 -JADE:5|N14 - GREEN VALLEY:22|N112 - ELECTRIC BLUE:25|N64 - PRUSSIAN:21|N70 - PACIFIQUE:6|N27 - STAR LIGHT:24|N53 - BLUE LIGHT:19|N28 - ZAPHIRE:27|N26 - BLUE JEAN:26|N121 - GREY:21|N56 - AZUR:18|N87 - GLACIER:18|N05 - BLEU LAYETTE:22|N99 - SISHUAN:29|N25 - AQUAMARINA:9|N49 - TURQUOISE:5|N878 - EIDER:15|N100 - AQUA:17|N12 - LIGHT GREEN:22|N76 - BAMBOO:26|N989 - PESTO:5|N500 - ORANGE BRIQUE:10|N501 - MOKA CHOCOLAT:10|N502 - CHOCOLAT NOIR:10|N503 - ARGILE DOUCE:9|N504 -  FORET TROPICALE:10|N41 - SIENA:20,1351,true,NATURA_DMC.webp,22,False,,,,,
NATURA_GLAM,Pelote De Laine Natura Glam,Pelote,620,,,,non,,96,true,NATURA_GLAM.jpg,167,False,372,40,2026-09-27,,
NATURA_MED_DMC,Pelote De Laine Natura Med - 100% Coton - 50G - Dmc,Pelote,1050,"Pelote de laine Natura Medium DMC : 100% coton, 50g, version plus épaisse que la Natura classique",DMC,03 -VANILLE | 12 -ELEPHANT | 10 - TANGERINE | 310 -BLUSH | 109 -ORANGER | 07 - CUMULUS | 04 -BARBE A PAPA | 137 -AQUA | 08 - LICHEN | 05 -ECARLATE | 55 -SUPER RED | 444 - FUCHSIA | 134 -PINK | 44 -FLAMANT ROSE | 136 - ROSE PARME | 120 - ALUMINIUM | 77 -GAULOISE | 700 - BLEU ROYAL | 177 -BLEU DE PRUSSE | 138 -EMERAUDE | 198 -PISTACHE | 99 - BOUTON D'OR | 02 -NOIR | 01 - BLANC | 11 - MARRON | 31 - MASTIC | 87 - LICHEN,oui,03 -VANILLE:14|12 -ELEPHANT:12|10 - TANGERINE:10|310 -BLUSH:14|109 -ORANGER:20|07 - CUMULUS:17|04 -BARBE A PAPA:19|137 -AQUA:12|08 - LICHEN:19|05 -ECARLATE:32|55 -SUPER RED:8|444 - FUCHSIA:16|134 -PINK:25|44 -FLAMANT ROSE:19|136 - ROSE PARME:13|120 - ALUMINIUM:21|77 -GAULOISE:24|700 - BLEU ROYAL:22|177 -BLEU DE PRUSSE:28|138 -EMERAUDE:14|198 -PISTACHE:14|99 - BOUTON D'OR:14|02 -NOIR:30|01 - BLANC:28|11 - MARRON:9|31 - MASTIC:20|87 - LICHEN:20,494,true,NATURA_MED_DMC.webp,69,False,,,,,
NATURA_XL_DMC,Pelote De Laine Natura Xl - 100% Coton -100G - Dmc,Pelote,1760,"Pelote de laine Natura XL DMC : 100% coton, 100g, version grand format de la gamme Natura",DMC,01- BLANC | 31 - CREME | 03  - ECRU | 12 - NUAGE | 72 - FJORD | 11 - KAKI | 09 - SOLEIL | 82 - CITRUS | 92 - CURRY | 83  -WASABI | 05 - ECARLATE | 101 - TERRACOTTA | 10 - ORANGE | 08  - TREFLE | 07 - LAGON | 73 - AQUA | 81 - EMERAUDE | 42 - ACANTHE | 41 - GUIMAUVE | 71 - CEDRE | 06  - PRUNE | 43 - FUCHSIA | 02 - NOIR | 32  - SABLE | 61 - MAUVE,oui,01- BLANC:19|31 - CREME:20|03  - ECRU:23|12 - NUAGE:22|72 - FJORD:28|11 - KAKI:37|09 - SOLEIL:20|82 - CITRUS:10|92 - CURRY:14|83  -WASABI:1|05 - ECARLATE:22|101 - TERRACOTTA:18|10 - ORANGE:19|08  - TREFLE:20|07 - LAGON:18|73 - AQUA:21|81 - EMERAUDE:14|42 - ACANTHE:19|41 - GUIMAUVE:19|71 - CEDRE:35|06  - PRUNE:19|43 - FUCHSIA:20|02 - NOIR:28|32  - SABLE:15|61 - MAUVE:23,504,true,NATURA_XL_DMC.webp,123,False,,,,,
REVELATION_DMC,Pelote De Laine Revelation - Dmc - 150G,Pelote,1900,"Pelote de laine Revelation DMC : 80% acrylique / 20% laine, pelote ""cake"" 150g/520m, aiguilles/crochet 4mm, effet dégradé de couleurs",DMC,203 - SAUMON | 204 - LAGON | 206 - JAUNE | 207 - FORET | 208 - RECIF | 209 - GRIS | 212 - GALAXIE | 211 - OCEAN | 210 - FLEUR | 202 - LICORNE | 200 - ROSE | 201 - PRINTEMPS | 205 - MARRON,non,203 - SAUMON:16|204 - LAGON:19|206 - JAUNE:15|207 - FORET:20|208 - RECIF:9|209 - GRIS:19|212 - GALAXIE:14|211 - OCEAN:18|210 - FLEUR:12|202 - LICORNE:8|200 - ROSE:12|201 - PRINTEMPS:13|205 - MARRON:12,187,true,REVELATION_DMC.jpg,42,False,,,,,
REVELATION_GLI_DMC,Pelote De Laine Revelation Glitter - Dmc - 150Gr,Pelote,2100,"Pelote de laine Revelation Glitter DMC : version pailletée de la Revelation (80% acrylique/20% laine), 150g, effet dégradé scintillant",DMC,505 - VERT | 502 - SAUMON | 503 - JAUNE | 506 - LAGON | 501- BOY&GIRL | 500 - BONBON | 507 - MARRON | 504 - LICORNE,non,505 - VERT:10|502 - SAUMON:9|503 - JAUNE:14|506 - LAGON:14|501- BOY&GIRL:21|500 - BONBON:10|507 - MARRON:13|504 - LICORNE:17,108,true,REVELATION_GLI_DMC.webp,43,False,,,,,
RUBAN,Pelote De Laine Ruban,Pelote,1090,,,,non,,18,true,RUBAN.jpg,112,False,,,,,
SALSA_CB,Pelote De Laine Salsa - Cheval Blanc,Pelote,660,"Fil d'été aspect velours, 60% coton / 40% acrylique - 50g/110m - Aiguilles n°3,5-4",Cheval Blanc,101 - TOURNESOL | 410 - MULTI JAUNE | 180 - CHAMALLOW | 179 - PAMPLEMOUSE | 409 - MULTI ORANGE | 004 - COQUELICOT | 094 - AMIRAL | 028 - CAMAIEU | 188 - CARAÏBE | 016 - NATUREL | 408 - MULTI FUCHSIA | 070 - PETALE | 404 - MULTI MAUVE | 011 - BLANC | 012 - NOIR | 306 - CENDRE | 071 - PERLE | 401 - MULTI NATUREL | 038 - MASTIC | 402 - JACQUERD ORANGE | 403 - JACQUARD BLEU JEAN | 406 - JACQUARD ROSE | 407 - JACQUARD PERLE,oui,101 - TOURNESOL:28|410 - MULTI JAUNE:28|180 - CHAMALLOW:15|179 - PAMPLEMOUSE:18|409 - MULTI ORANGE:14|004 - COQUELICOT:55|094 - AMIRAL:1|028 - CAMAIEU:11|188 - CARAÏBE:39|016 - NATUREL:1|408 - MULTI FUCHSIA:10|070 - PETALE:24|404 - MULTI MAUVE:7|011 - BLANC:14|012 - NOIR:42|306 - CENDRE:73|071 - PERLE:21|401 - MULTI NATUREL:20|038 - MASTIC:44|402 - JACQUERD ORANGE:16|403 - JACQUARD BLEU JEAN:14|406 - JACQUARD ROSE:18|407 - JACQUARD PERLE:18,531,true,SALSA_CB.jpg,34,False,,,,,
SUNNY_CB,Pelote De Laine Sunny,Pelote,600,,,012 - NOIR | 030 - ANTHRACITE | 071 - PERLE | 011 - BLANC | 205 - MOKA | 059 - FICELLE | 038 - MASTIC | 151 - CUIVRE | 049 - BRUN | 050 - CACAO | 063 - CAMELIA | 002 - MURIER | 153 - BORDEAUX | 044 - EGLANTINE | 256 - PARME | 007 - AUBERGINE | 056 - VIEUX ROSE | 289 - POUDRE | 048 - PRAIRIE | 098 - NIL | 152 - CANARD | 043 - CITRON | 271 - ORANGE | 032 - POUSSIN | 180 - CHAMALLOW+ | 186 - CREVETTE | 179 - PAMPLEMOUSSE | 004 - COQUELICOT | 049 - FORET | 272 - TURQUOISE | 275 - PETROLE | 008 - NATTIER | 293 - BLEU | 291 - PORCELAINE | 307 - SOURCE | 094 - AMIRAL | 188 - CARAIBE,oui,012 - NOIR:31|030 - ANTHRACITE:35|071 - PERLE:47|011 - BLANC:14|205 - MOKA:35|059 - FICELLE:27|038 - MASTIC:15|151 - CUIVRE:19|049 - BRUN:40|050 - CACAO:6|063 - CAMELIA:34|002 - MURIER:47|153 - BORDEAUX:48|044 - EGLANTINE:58|256 - PARME:36|007 - AUBERGINE:60|056 - VIEUX ROSE:49|289 - POUDRE:41|048 - PRAIRIE:46|098 - NIL:52|152 - CANARD:53|043 - CITRON:7|271 - ORANGE:31|032 - POUSSIN:47|180 - CHAMALLOW+:40|186 - CREVETTE:32|179 - PAMPLEMOUSSE:78|004 - COQUELICOT:47|049 - FORET:38|272 - TURQUOISE:34|275 - PETROLE:34|008 - NATTIER:17|293 - BLEU:76|291 - PORCELAINE:45|307 - SOURCE:70|094 - AMIRAL:46|188 - CARAIBE:30,1465,true,SUNNY_CB.jpg,10,False,,,,,
UTTACRYL_CB,Pelote De Laine Uttacryl,Pelote,310,,,FLANELLE | HORIZON | JEANS | PETALE | CANARD | AUBERGINE | MAUVE | JADE | CITRON | VIOLETTE | GREGE | BLANC | BOUTEILLE | PERLE | BICHE | NOIR | KAKI | MURIER | POUSSIN | PIVOINE | CERISE | TOURNESOL | ARDOISE | NATUREL | COQUELICOT | VERT FONCE,oui,FLANELLE:16|HORIZON:10|JEANS:11|PETALE:21|CANARD:26|AUBERGINE:23|MAUVE:12|JADE:7|CITRON:22|VIOLETTE:1|GREGE:28|BLANC:20|BOUTEILLE:20|PERLE:8|BICHE:2|NOIR:20|KAKI:18|MURIER:15|POUSSIN:17|PIVOINE:18|CERISE:20|TOURNESOL:23|ARDOISE:10|NATUREL:25|COQUELICOT:45|VERT FONCE:20,458,true,UTTACRYL_CB.jpg,1146,False,,,,,
VELVET_DMC,Pelote Velvet - DMC - 100% Polyester,Pelote,1020,"Le velours est un fil extrêmement chaud et doux. Son effet chenille unique le rend idéal pour les pulls, cardigans et doudous.

🧶​100g  - 100m 
100% Polyester 
Aiguilles / crochet n° 6
16 coloris disponibles 
échantillon : 10 mailles sur 17 rangs 
lavable : 40°",DMC,015 - VERT | 014 - VERT D'EAU | 009 - GRIS | 016 - ROUGE | 007 -AUBERGINE | 005 - ROSE | 013 - VIEUX ROSE | 011 - FUCHSIA | 006 - LAVANDE | 001 - TAUPE | 002 -BLANC | 004 - BLANC CASSE | 003 - CIEL | 008 - JEAN | 012 - BLEU ROI | 010 - NOIR,oui,015 - VERT:57|014 - VERT D'EAU:40|009 - GRIS:47|016 - ROUGE:45|007 -AUBERGINE:44|005 - ROSE:14|013 - VIEUX ROSE:41|011 - FUCHSIA:48|006 - LAVANDE:45|001 - TAUPE:44|002 -BLANC:25|004 - BLANC CASSE:32|003 - CIEL:94|008 - JEAN:37|012 - BLEU ROI:50|010 - NOIR:51,714,true,VELVET_DMC.jpg,3,False,,,,,
ECO_VITA12_DMC,Pelote Eco Vita 12 - 250G - Dmc,Pelote,1850,"Pelote Eco Vita 12 DMC : fil tubulaire 80% matières recyclées, 250g/55m, aiguilles/crochet 12mm - Pour paniers, coussins, macramé",DMC,075 - BLEU ROI | 076 - BLEU JEAN | 074 - MARINE | 02 - NOIR | 091 - CITRON | 121 - GRIS | 071 - BLEU LAYETTE | 084 - ANIS - | 10 - ORANGE | 043 - FUCHSIA | 082 - EMERAUDE | 11 - BRUN | 092 - JAUNE | 062 - PARME | 072 - TURQUOISE | 083 - KAKI | 05 - ROUGE | 061 - AUBERGINE | 073 - PETROLE | 012 - ANTHRACITE | 041 - ROSE | 031 - BEIGE | 081 - CIEL | 03 - LIN,oui,075 - BLEU ROI:9|076 - BLEU JEAN:18|074 - MARINE:15|02 - NOIR:8|091 - CITRON:7|121 - GRIS:14|071 - BLEU LAYETTE:7|084 - ANIS -:5|10 - ORANGE:7|043 - FUCHSIA:8|082 - EMERAUDE:13|11 - BRUN:12|092 - JAUNE:7|062 - PARME:4|072 - TURQUOISE:8|083 - KAKI:10|05 - ROUGE:7|061 - AUBERGINE:8|073 - PETROLE:5|012 - ANTHRACITE:11|041 - ROSE:10|031 - BEIGE:19|081 - CIEL:8|03 - LIN:12,232,true,ECO_VITA12_DMC.webp,24,False,,,,,
ECO_VITA3_DMC,Pelote Eco Vita 3Mm - 100G - Dmc,Pelote,1590,"Pelote Eco Vita 3mm DMC : fil tubulaire recyclé, 100g, aiguilles/crochet adaptées à l'épaisseur 3mm",DMC,001 - BLANC | 003 - BEURRE | 103 - BEIGE | 011 - BRUN | 109 - SAUMON | 105 - CORAIL | 005 - ROUILLE | 115 - VIEUX ROSE | 155 - FUCHSIA | 004 - ROSE | 555 - ROUGE | 055 - BORDEAU | 205 - PRUNE | 009 - JAUNE | 138 - ANIS | 198 - LIN | 118 - NICKEL | 018 - KAKI | 187 - LAGON | 107 - BLEU ROI | 137 - CAMAIEU | 007 - AMIRAL | 117 - GRIS BLEU | 136 - MAUVE | 110 - GRIS CLAIR | 112 - GRIS | 102 - GRIS FONCE | 002 - NOIR | 111 - LIN,oui,001 - BLANC:17|003 - BEURRE:5|103 - BEIGE:14|011 - BRUN:16|109 - SAUMON:15|105 - CORAIL:13|005 - ROUILLE:8|115 - VIEUX ROSE:16|155 - FUCHSIA:11|004 - ROSE:12|555 - ROUGE:17|055 - BORDEAU:13|205 - PRUNE:7|009 - JAUNE:12|138 - ANIS:18|198 - LIN:15|118 - NICKEL:14|018 - KAKI:14|187 - LAGON:9|107 - BLEU ROI:19|137 - CAMAIEU:11|007 - AMIRAL:23|117 - GRIS BLEU:14|136 - MAUVE:12|110 - GRIS CLAIR:18|112 - GRIS:12|102 - GRIS FONCE:10|002 - NOIR:21|111 - LIN:16,402,true,ECO_VITA3_DMC.webp,26,False,,,,,
ECO_VITA3_MULT_DMC,Pelote Eco Vita 3Mm - Multicolor - 100G - Dmc,Pelote,1650,"Pelote Eco Vita 
crochet / aiguilles  n° 4 / 5 
DMC 
coloris multicolore : fil tubulaire recyclé,  80% coton  - 20 % fibres recyclés
100g - 250 m ",DMC,600 - ROSE - BLEU | 601 - VIOLET - VERT | 603 - ORANGE TURQUOISE | 604 - ROUGE BLEU | 606 - ORANGE | 607 - ROSE VERT,oui,600 - ROSE - BLEU:11|601 - VIOLET - VERT:6|603 - ORANGE TURQUOISE:2|604 - ROUGE BLEU:13|606 - ORANGE:12|607 - ROSE VERT:15,59,true,ECO_VITA3_MULT_DMC.webp,97,False,,,,,
ECO_VITA4_COLO_DMC,Pelote Eco Vita 4 - Color - Dmc - 250G,Pelote,2500,"Pelote Eco Vita 4 Color DMC : fil tubulaire recyclé, 250g, version colorée/chinée",DMC,100 - VIOLET | 101 - BLEU | 102 - PASTEL | 103 - ORANGE | 105- TURQUOISE | 106 - MULTI | 107 - PRUNE | 108 - VIOLET VERT,non,100 - VIOLET:3|101 - BLEU:3|102 - PASTEL:6|103 - ORANGE:11|105- TURQUOISE:9|106 - MULTI:8|107 - PRUNE:11|108 - VIOLET VERT:8,59,true,ECO_VITA4_COLO_DMC.webp,45,False,,,,,
ECO_VITA4_DMC,Pelote Eco Vita 4 - Dmc - 250G,Pelote,2300,"Eco Vita, un fil tubulaire d'une épaisseur de 4 mm. 
La construction du fil lui donne plus de résistance et crée une pièce plus solide. Facile à travailler. Certification Oekotex.
Utilisation : crochet, tricot, macramé

Pelote de 250gr/200m
Crochet : 4 mm, aiguilles 4 mm
Composition : 80% coton recyclé, 20% polyester",DMC,72 - NOIR | 100 - BLANC | 78 - PETROLE | 05 - ROUGE | 59 -SAUMON | 105 -ROUILLE | 15 - CORAIL | 104 -PECHE | 41 - DRAGEE | 09 - JAUNE | 12 - KAKI | 92 - MOUTARDE | 138 - ANIS | 08 - LICHEN | 83 - TURQUOISE | 112 - BRUN | 77 -JEAN | 04  - VIEUX ROSE | 89 - EMERAUDE | 122 - GRIS | 07 - CIEL | 111 - LIN | 01 - ECRU | 131 - CHANVRE,oui,72 - NOIR:10|100 - BLANC:16|78 - PETROLE:12|05 - ROUGE:10|59 -SAUMON:14|105 -ROUILLE:8|15 - CORAIL:15|104 -PECHE:14|41 - DRAGEE:16|09 - JAUNE:15|12 - KAKI:9|92 - MOUTARDE:15|138 - ANIS:16|08 - LICHEN:12|83 - TURQUOISE:12|112 - BRUN:7|77 -JEAN:13|04  - VIEUX ROSE:12|89 - EMERAUDE:7|122 - GRIS:8|07 - CIEL:12|111 - LIN:14|01 - ECRU:10|131 - CHANVRE:10,287,true,ECO_VITA4_DMC.jpg,7,False,,,,,
ECO_VITA4_MULTI,Pelote Eco Vita 4 - Multi -Dmc,Pelote,2400,"Pelote Eco Vita 4 DMC, coloris multicolore : fil tubulaire recyclé, 250g",DMC,JAUNE  - 108 | ORANGE  - 105 | BLEU  - 177 | NOIR - 122 | ROSE - 103 | MARRON  - 311,oui,JAUNE  - 108:9|ORANGE  - 105:2|BLEU  - 177:4|NOIR - 122:13|ROSE - 103:1|MARRON  - 311:3,32,true,ECO_VITA4_MULTI.webp,55,False,,,,,
ECO_VITA4_XMAS_DMC,Pelote Eco Vita 4 - X Mas - Dmc,Pelote,2400,"Pelote Eco Vita 4 DMC, édition Noël : fil tubulaire recyclé, 250g, coloris de saison",DMC,12 - GRIS | 03 - OR | 115 - ROUGE | 128 -KAKI | 311 -ARGENT | 08 - VERT | 721 - NOIR | 042 - SAUMON | 084 - PETROL,oui,12 - GRIS:12|03 - OR:13|115 - ROUGE:12|128 -KAKI:8|311 -ARGENT:13|08 - VERT:14|721 - NOIR:12|042 - SAUMON:10|084 - PETROL:13,107,true,ECO_VITA4_XMAS_DMC.webp,16,False,,,,,
T_SHIRT_DMC,Pelote Eco Vita Fil T-Shirt - 450 G - Dmc,Pelote,1950,"Pelote Eco Vita fil T-Shirt DMC, 450g : fil recyclé façon trapilho, pour tricot/crochet/macramé d'accessoires déco (paniers, coussins, sacs)",DMC,GREY | RED | WHITE | GREEN | LILAC | MINT | NUDE | PETROL,non,GREY:4|RED:1|WHITE:1|GREEN:1|LILAC:1|MINT:1|NUDE:1|PETROL:1,11,true,T_SHIRT_DMC.jpg,28,False,,,,,
RAFFIA,Pelote Eco Vita Raffia - Dmc,Pelote,1400,"Pelote Eco Vita Raffia DMC : fil plat effet raphia, pour accessoires d'été et déco",DMC,,non,,80,true,RAFFIA.webp,51,False,,,,,
TAPE_YARN_DMC,Pelote Eco Vita Tape Yarn - 250G - Dmc,Pelote,2120,"Pelote Eco Vita Tape Yarn DMC, 250g/120m : fil tubulaire 80% coton recyclé/20% polyester recyclé, crochet/aiguilles 10-12mm, pour paniers, coussins et sacs",DMC,JAUNE - 09 | RED - 05 | BROWN  - 11 | NOIR - 02 | KAKI - 128 | BLANC - 01 | GRIS CLAIR  - 12 | GRIS  - 122 | BEIGE  - 103 | CANARD  - 07,oui,JAUNE - 09:3|RED - 05:1|BROWN  - 11:2|NOIR - 02:4|KAKI - 128:4|BLANC - 01:2|GRIS CLAIR  - 12:5|GRIS  - 122:5|BEIGE  - 103:1|CANARD  - 07:4,31,true,TAPE_YARN_DMC.webp,91,False,,,,,
DECO_8,Pelote Fil Coton - Deco 8 - 100G,Pelote,1050,,,BLANC | NOIR | ECRU | BEIGE - 20 | LIGHT JAUNE - 25 | LIGHT GREEN  - 30 | ROSE - 35 | SAUMON - 40 | RED - 45 | LIGHT BLUE - 50 | NAVY  - 55 | JAUNE - 60 | BLEU  - 70 | FUCHSIA - 75 | GREEN - 80 | BRONZE - 120 | PURPULE - 125 | GRIS - 140,oui,BLANC:10|NOIR:3|ECRU:5|BEIGE - 20:6|LIGHT JAUNE - 25:5|LIGHT GREEN  - 30:4|ROSE - 35:6|SAUMON - 40:5|RED - 45:3|LIGHT BLUE - 50:5|NAVY  - 55:5|JAUNE - 60:3|BLEU  - 70:5|FUCHSIA - 75:12|GREEN - 80:6|BRONZE - 120:3|PURPULE - 125:3|GRIS - 140:9,98,true,DECO_8.webp,181,False,,,,,
FILEAU,Pelote Fil'Eau - Cheval Blanc - 100% Polyester,Pelote,1400,"Fil éponge 100% polyester pour éponges et gants de toilette - 100g/85m - Aiguilles n°4-4,5",Cheval Blanc,,non,,28,true,FILEAU.jpg,570,False,,,,,
FUNNY_AZTECA_K,Pelote Funny Azteca - Katia - 53% Laine - 47%,Pelote,1450,"Fil 53% laine vierge / 47% acrylique à effet multicolore jaspé, pelote de 100g / 180m. Se tricote avec des aiguilles 5–5,5 mm ou crochet 6–7 mm. Échantillon 10x10 cm : 17 mailles x 23 rangs. Lavage machine 30°C programme laine.",Katia,ARC EN CIEL - 204 | CAMELEON - 200 | SUNRISE - 203 | ARLEQUIN  - 205 | LAGON - 202,oui,ARC EN CIEL - 204:6|CAMELEON - 200:16|SUNRISE - 203:16|ARLEQUIN  - 205:11|LAGON - 202:7,56,true,FUNNY_AZTECA_K.jpg,96,False,,,,,
GEISHA,Pelote Geisha - Plassard,Pelote,2020,"Pelote Geisha Plassard : 100% soie (bourrette de soie), 50g/200m - Fil noble et brillant",,,non,,11,true,GEISHA.webp,44,False,1212,40,2026-09-27,,
CHENILLE_DMC,Pelote Happy Chenille - 15G - Dmc,Pelote,330,"Pelote Happy Chenille DMC, 15g : fil chenille doux façon peluche, pour petits accessoires et amigurumis",DMC,10 - MOKA | 11 - GRIS CLAIR | 12 - TAUPE | 13 - CORAIL | 14 - PAILLE | 15 - MELON | 16 - MENTHE A L'EAU | 17 - AZUR | 18 - BLEU | 19 - MAUVE | 20 - BLANC | 21 - CREME | 22 - NOIR | 23 - GRIS | 24 - FUSHCIA | 25 - JAUNE | 27 - VERT | 29 - ANIS | 30 - TURQUOISE | 26 - ROI | 28 - MARRON | 31 - VERMILLON | 32 - ORANGE | 33 - VIOLET | 34 - ROUGE,oui,10 - MOKA:19|11 - GRIS CLAIR:7|12 - TAUPE:5|13 - CORAIL:12|14 - PAILLE:47|15 - MELON:26|16 - MENTHE A L'EAU:27|17 - AZUR:8|18 - BLEU:25|19 - MAUVE:23|20 - BLANC:17|21 - CREME:27|22 - NOIR:40|23 - GRIS:25|24 - FUSHCIA:24|25 - JAUNE:24|27 - VERT:18|29 - ANIS:23|30 - TURQUOISE:35|26 - ROI:32|28 - MARRON:22|31 - VERMILLON:26|32 - ORANGE:21|33 - VIOLET:27|34 - ROUGE:22,582,true,CHENILLE_DMC.webp,49,False,,,,,
HAPPY_COTTON_DMC,Pelote Happy Cotton - 20Gr - 100% Coton - Dmc,Pelote,310,"Pelote Happy Cotton DMC, 20g, 100% coton : fil pour amigurumis et petits accessoires",DMC,766 - FRILLY | 755 - JAMMY | 790 - KETCHUP | 793 - SORBET | 787 - SUNDAEE | 779 - FIZZ | 796 - ANGEL | 758 - SCHOOL DAYS | 750 - BEACH HUT | 759 - PEBBLE | 761 - DOLLY | 799 - BUBBLEGUM | 753 - WIGWAM | 791 - CHILI | 770 - LEMONADE | 780 - TREETOP | 785 - BUBBLY | 751 - TEA TIME | 774 - STOMP | 775 - LIQUORICE | 763 - PUFF | 768 - SULK | 789  - LIPPY | 756 - CURRANT BUN | 778 - SHERBET | 782 - LAUNDRY | 752 - WIGWAM | 786 -YACHT | 767 - SPLASH | 772 - SAFARI | 762 - SHOWER | 769 - UNICORN | 795 - GIGGLE | 794 - MELON | 788 - QUACK | 781  - WICKET | 784 - SEASIDE | 765  -BATH TIME | 777 - COOKIE | 773  - SANDCASTEL | 760 - FLAMINGO | 764 - PIGGY | 754 - CHERRYADE | 771 - BUTTERCUP | 792 - JUCY | 783 - SQUEAKY | 797 - BUNTING | 798 - PRINCESS | 757 - MOONBEAH | 776 - BISCUIT,non,766 - FRILLY:28|755 - JAMMY:27|790 - KETCHUP:31|793 - SORBET:48|787 - SUNDAEE:41|779 - FIZZ:30|796 - ANGEL:37|758 - SCHOOL DAYS:38|750 - BEACH HUT:25|759 - PEBBLE:37|761 - DOLLY:12|799 - BUBBLEGUM:32|753 - WIGWAM:28|791 - CHILI:39|770 - LEMONADE:33|780 - TREETOP:32|785 - BUBBLY:46|751 - TEA TIME:36|774 - STOMP:33|775 - LIQUORICE:40|763 - PUFF:31|768 - SULK:33|789  - LIPPY:30|756 - CURRANT BUN:27|778 - SHERBET:32|782 - LAUNDRY:35|752 - WIGWAM:34|786 -YACHT:41|767 - SPLASH:35|772 - SAFARI:61|762 - SHOWER:61|769 - UNICORN:50|795 - GIGGLE:33|794 - MELON:34|788 - QUACK:31|781  - WICKET:32|784 - SEASIDE:28|765  -BATH TIME:26|777 - COOKIE:28|773  - SANDCASTEL:31|760 - FLAMINGO:34|764 - PIGGY:29|754 - CHERRYADE:33|771 - BUTTERCUP:38|792 - JUCY:31|783 - SQUEAKY:21|797 - BUNTING:47|798 - PRINCESS:26|757 - MOONBEAH:34|776 - BISCUIT:34,1713,true,HAPPY_COTTON_DMC.jpg,37,False,,,,,
INGENUA_K,Pelote Ingenua - Katia - 78% Mohair - 13% Polya - 9% Laine,Pelote,1620,"Fil 78% mohair / 13% polyamide / 9% laine mérinos au poil long et aérien, pelote de 50g / 140m. Se tricote avec des aiguilles 5–5,5 mm. Échantillon 10x10 cm : 16 mailles x 20 rangs. Lavage machine 30°C programme délicat.",Katia,16 - JAUNE | 45 - FUCHSIA | 02 - NOIR | 09 - ANTHRACITE | 42 - GRIS | 03 -BLANC CASSE | 38 - JEAN | 69 -  EMRAUDE | 78 - ANIS | 86 - ORANGE | 72 - ROUILLE | 88 - AUBERGINE | 19 - VIN | 89 - LAGON | 84 - BLEU D'EAU | 80 - VERT D'EAU | 63 - VIEUX ROSE | 35 - CREME | 73 - CAFE CREME,non,16 - JAUNE:10|45 - FUCHSIA:10|02 - NOIR:10|09 - ANTHRACITE:2|42 - GRIS:5|03 -BLANC CASSE:3|38 - JEAN:1|69 -  EMRAUDE:8|78 - ANIS:4|86 - ORANGE:8|72 - ROUILLE:5|88 - AUBERGINE:10|19 - VIN:4|89 - LAGON:6|84 - BLEU D'EAU:1|80 - VERT D'EAU:10|63 - VIEUX ROSE:2|35 - CREME:4|73 - CAFE CREME:5,108,true,INGENUA_K.jpg,21,False,,,,,
INSTAGRANNY,Pelote Instagranny - Katia - 100%Laine,Pelote,780,"Fil 100% mérinos présenté en 3 cycles de couleurs pour crocheter 3 granny squares identiques sans changer de pelote, pelote de 50g / 95m. Se travaille avec des aiguilles 5–6 mm ou crochet 5–5,5 mm.",Katia,,non,,21,true,INSTAGRANNY.jpg,315,False,,,,,
KNITTY_6_DMC,Pelote Knitty 6 - Acrylique - 100G - Dmc,Pelote,600,"Knitty 6 DMC est un fil 100% acrylique de très belle qualité. Il est proposé dans une belle gamme comprenant des couleurs vives et des tons neutres. Ce fil remarquable en tout point, est idéal pour confectionner des accessoires de mode et de décoration, ainsi que des vêtements. 

Composition : 100% acrylique
Taille crochet : 6mm
Taille d'aiguilles à tricoter : 6mm
Poids/longueur : 100gr | 140m",DMC,675 - BLEU LAYETTE | 741-BLEU CIEL | 667 - LAVANDE | 994 - BLEU JEAN | 971 - MARINE | 839 - FORET | 904 - OLIVE | 785 - ANIS | 829 -EMERAUDE | 691 - CANARD | 670 - MOUTARDE | 993 - BEURRE | 936 - BEIGE | 812 -BLANC CASSE | 819 - JAUNE | 623 - ORANGE | 779 - ROUILLE | 841 - BORDEAUX | 701 - VIOLET | 719 - MAUVE | 958 - ROSE | 622 - SAUMON | 846 - FRAMBOISE | 961 - BLANC | 814 - GRIS | 786 - ANTHRACITE | 965 - NOIR | 947 - MARRON | 969 - BLEUET | 698 - ROUGE | 927 - CAFE | 930 - ECRU CHINE,oui,675 - BLEU LAYETTE:21|741-BLEU CIEL:30|667 - LAVANDE:41|994 - BLEU JEAN:33|971 - MARINE:9|839 - FORET:43|904 - OLIVE:16|785 - ANIS:31|829 -EMERAUDE:48|691 - CANARD:29|670 - MOUTARDE:27|993 - BEURRE:26|936 - BEIGE:34|812 -BLANC CASSE:37|819 - JAUNE:42|623 - ORANGE:25|779 - ROUILLE:37|841 - BORDEAUX:37|701 - VIOLET:21|719 - MAUVE:16|958 - ROSE:36|622 - SAUMON:39|846 - FRAMBOISE:36|961 - BLANC:34|814 - GRIS:36|786 - ANTHRACITE:32|965 - NOIR:29|947 - MARRON:17|969 - BLEUET:21|698 - ROUGE:48|927 - CAFE:20|930 - ECRU CHINE:14,965,true,KNITTY_6_DMC.webp,6,False,,,,,
LILIUM,Pelote Laine - Lilium - 55% Coton - 45% Visc - 50 G -170M - Plassard,Pelote,920,"Pelote de laine Lilium Plassard : 55% coton / 45% viscose, 50g/170m",,01 - BLANC | 42 - OR | 51 - ORANGE | 31 - VIEUX ROSE | 24 - BLEU JEAN | 21 -  CANARD | 99 - NOIR,oui,01 - BLANC:6|42 - OR:10|51 - ORANGE:10|31 - VIEUX ROSE:13|24 - BLEU JEAN:3|21 -  CANARD:7|99 - NOIR:9,58,true,LILIUM.jpg,41,False,,,,,
AMBRE_CB,Pelote Laine Ambre -Cheval Blanc,Pelote,810,"Fil fin d'été bambou/coton, 70% viscose de bambou / 30% coton - 50g/150m - Aiguilles n°2,5-3",Cheval Blanc,277 - PAPRIKA | 167 - DUNE | 061 - VIOLET | 256 - PETALE | 299 - COLVERT | 030 - ANTHRACITE | 012 - NOIR | 071 - PERLE | 101 - TOURNESOL | 210 - GLACIER | 056 - VIEUX ROSE | 007 - AUBERGINE | 004 - COQUELICOT | 094 - AMIRAL | 141 - GRIS,oui,277 - PAPRIKA:41|167 - DUNE:24|061 - VIOLET:18|256 - PETALE:31|299 - COLVERT:5|030 - ANTHRACITE:18|012 - NOIR:27|071 - PERLE:12|101 - TOURNESOL:22|210 - GLACIER:18|056 - VIEUX ROSE:14|007 - AUBERGINE:17|004 - COQUELICOT:44|094 - AMIRAL:36|141 - GRIS:3,330,true,AMBRE_CB.jpg,107,False,,,,,
AZULEJO_K,Pelote Laine Azulejo - Katia,Pelote,820,"Fil fantaisie 65% acrylique, 17% polyamide, 11% laine, 7% alpaga, pelote de 100g / 130m. Se tricote avec des aiguilles 6–7 mm. Échantillon 10x10 cm : 12 mailles x 17 rangs. Lavage machine 30°C.",Katia,MOUTARDE - 405 | ORANGE  - 411 | ROUILLE - 406 | JAUNE - 308,oui,MOUTARDE - 405:3|ORANGE  - 411:6|ROUILLE - 406:11|JAUNE - 308:3,23,true,AZULEJO_K.jpg,98,False,,,,,
BABYLUX_MULTI_CB,Pelote Laine Babylux Multicolor - Cheval Blanc,Pelote,440,"Fil layette effet chiné/jacquard, env. 90% acrylique / 10% polyamide - 50g/165m - Aiguilles n°2,5-3",Cheval Blanc,407 - MULTICO | 501 | 400 | 412 - JAUNE VERT | 413 | 303  - PIVOINE | 102 - LONDRES | 105 - MULTI VERT FLUO | 302 - MULTI ACACIA | 401 - MULTI JACINTHE | 402 - MULTI AZUR,oui,407 - MULTICO:14|501:2|400:10|412 - JAUNE VERT:19|413:18|303  - PIVOINE:9|102 - LONDRES:16|105 - MULTI VERT FLUO:10|302 - MULTI ACACIA:9|401 - MULTI JACINTHE:3|402 - MULTI AZUR:20,130,true,BABYLUX_MULTI_CB.jpg,111,False,,,,,
KNITTY_10_DMC,Pelote Laine Knitty 10 - Acrylique - 100G - Dmc,Pelote,650,"Pelote de laine Knitty 10 DMC, 100% acrylique, 100g",DMC,950 - ROUGE | 833 - FRAISE | 779 - ROUILLE | 766 - MOUTARDE | 957 - JAUNE | 841 - BORDEAU | 622 - SAUMON | 958 - ROSE | 984 - FRAMBOISE | 884 - MAUVE | 961 - BLANC | 814 - GRIS | 790 - ANTHRACITE | 840 - VIOLET | 927 - MOKA | 936 - BEIGE | 993 - BEURRE | 812 - CREME | 785 - ANIS | 904 - OLIVE | 839 - SAPIN | 691 - EMERAUDE | 611 - ARDOISE | 994 - JEAN | 829 - PAON | 727 - TURQUOISE | 971 - MARINE | 965 - NOIR | 969 - CIEL | 740 - PETROL | 979 - BLEU ROI | 930 - ECRU CHINE,oui,950 - ROUGE:18|833 - FRAISE:38|779 - ROUILLE:24|766 - MOUTARDE:61|957 - JAUNE:19|841 - BORDEAU:22|622 - SAUMON:57|958 - ROSE:27|984 - FRAMBOISE:44|884 - MAUVE:18|961 - BLANC:52|814 - GRIS:27|790 - ANTHRACITE:51|840 - VIOLET:42|927 - MOKA:28|936 - BEIGE:2|993 - BEURRE:34|812 - CREME:20|785 - ANIS:22|904 - OLIVE:43|839 - SAPIN:40|691 - EMERAUDE:31|611 - ARDOISE:34|994 - JEAN:41|829 - PAON:36|727 - TURQUOISE:30|971 - MARINE:50|965 - NOIR:7|969 - CIEL:64|740 - PETROL:28|979 - BLEU ROI:22|930 - ECRU CHINE:8,1040,true,KNITTY_10_DMC.webp,17,False,,,,,
KNITTY_4_DMC,Pelote Laine Knitty 4 - 100% Acrylique - 50G- Dmc,Pelote,350,"Knitty 4 est un fil synthétique  100% acrylique DK de haute qualité. 
Ce fil moderne, léger et lavable en machine, est un choix idéal pour la confection de vêtements. 

Pelote de 50gr/140m 

Taille du crochet / aiguilles  : 4mm ",DMC,854 - BLEU CIEL | 960 - BLEU PISCINE | 667 - BLEUET | 979 - BLEU ROI | 699 - VERT POMME | 882 - VERT ANIS | 853 - VERT D'EAU | 727 - TURQUOISE | 668 - BLEU CANARD | 691 - BLEU PETROLE | 766 - CUIVRE | 947 - MARRON | 904 - OLIVE | 634 - KAKI | 839- FORET | 916 - GAZON | 819 - JAUNE | 978 - TOURNESOL | 666 - MOUTARDE | 993 - BEURRE | 728 - CORAIL | 977 - ROUGE | 700 - ROUILLE | 833 - FRUIT ROUGE | 841 - BORDEAU | 851 - DRAGEE | 702 - MALABAR | 992 - ROSE | 689 - MAGENTA | 679 - PRUNE | 840 - VIOLET | 961 - BLANC | 965 - NOIR | 790 - ANTHRACITE | 838 - GRIS | 814 - PERLE | 850 - LILA | 959 - LAVANDE | 884 - MAUVE | 971 - MARINE | 812 - ECRU | 994 - JEAN | 647 - ORANGE | 964 - MOKA | 556 - BRICK | 560 - LAGON | 561 - MOKA | 564 -FUCHSIA | 569 - MOUTARDE | 570 - ORANGE | 573 - VIEUX ROSE | 575 - MARRON FONCE | 582 - ANIS | 590 - GREG | 591 - GRIS BLEU | 596 - OURS | 602 - SAPIN | 609 - JEAN | 611 - BLEU MARINE | 616 - ROSE | 617 - FRAISE | 633 -  GRIS | 635 - ROUILLE | 698 - ROUGE | 824 - TURQUOISE | 825 - VERT | 927 - MOKA | 944 - ROSE | 958 - ROSE LILA | 646 - VIEUX ROSE,non,854 - BLEU CIEL:40|960 - BLEU PISCINE:28|667 - BLEUET:20|979 - BLEU ROI:41|699 - VERT POMME:21|882 - VERT ANIS:28|853 - VERT D'EAU:37|727 - TURQUOISE:17|668 - BLEU CANARD:29|691 - BLEU PETROLE:21|766 - CUIVRE:32|947 - MARRON:40|904 - OLIVE:28|634 - KAKI:21|839- FORET:27|916 - GAZON:87|819 - JAUNE:42|978 - TOURNESOL:35|666 - MOUTARDE:33|993 - BEURRE:34|728 - CORAIL:43|977 - ROUGE:24|700 - ROUILLE:24|833 - FRUIT ROUGE:33|841 - BORDEAU:20|851 - DRAGEE:31|702 - MALABAR:23|992 - ROSE:29|689 - MAGENTA:29|679 - PRUNE:16|840 - VIOLET:88|961 - BLANC:54|965 - NOIR:59|790 - ANTHRACITE:21|838 - GRIS:37|814 - PERLE:38|850 - LILA:33|959 - LAVANDE:33|884 - MAUVE:28|971 - MARINE:28|812 - ECRU:37|994 - JEAN:38|647 - ORANGE:9|964 - MOKA:41|556 - BRICK:19|560 - LAGON:19|561 - MOKA:20|564 -FUCHSIA:19|569 - MOUTARDE:19|570 - ORANGE:18|573 - VIEUX ROSE:20|575 - MARRON FONCE:17|582 - ANIS:19|590 - GREG:20|591 - GRIS BLEU:16|596 - OURS:20|602 - SAPIN:20|609 - JEAN:19|611 - BLEU MARINE:20|616 - ROSE:20|617 - FRAISE:20|633 -  GRIS:20|635 - ROUILLE:20|698 - ROUGE:10|824 - TURQUOISE:19|825 - VERT:20|927 - MOKA:18|944 - ROSE:20|958 - ROSE LILA:20|646 - VIEUX ROSE:20,1969,true,KNITTY_4_DMC.webp,8,False,,,,,
LOUVE_CB,Pelote Laine Louve - Cheval Blanc,Pelote,850,Fil effet fourrure épais 100% polyester - 50g/33m - Aiguilles n°9,Cheval Blanc,210  - GLACIER | 071 - PERLE | 012 - NOIR | 305 - ROUGE | 293 - AMIRAL | 036 - GRIS | 094 - MARINE | 018 - CARAMEL | 350 - LOUP | 319 - OURS | 056 - VIEUX ROSE | 146 - VERT SAUGE | 130 - HAVANE,oui,210  - GLACIER:10|071 - PERLE:20|012 - NOIR:9|305 - ROUGE:6|293 - AMIRAL:8|036 - GRIS:25|094 - MARINE:3|018 - CARAMEL:23|350 - LOUP:6|319 - OURS:11|056 - VIEUX ROSE:14|146 - VERT SAUGE:20|130 - HAVANE:19,174,true,LOUVE_CB.jpg,65,False,,,,,
LUMINA_DMC,Pelote Laine Lumina - Dmc - 141,Pelote,1550,Pelote de laine Lumina DMC : fil avec effet brillant/pailleté pour touche scintillante en tricot/crochet,DMC,NOIR  - L310 | ARGENT - L168 | MORDORE - L677 | L3866,oui,NOIR  - L310:12|ARGENT - L168:3|MORDORE - L677:5|L3866:18,38,true,LUMINA_DMC.webp,32,False,,,,,
MAGNUM_COLOR_DMC,Pelote Laine Magnum Colorful - Dmc - 400G,Pelote,3940,"Pelote de laine Magnum Colorful DMC, 400g : très grand format XXL, mélange coloré de fils acryliques, aiguilles/crochet 5mm - Pour couvertures et ponchos en une pelote",DMC,014 -BLEU VERT | 013 - MARRON GRIS | 012 - GRIS | 015 - BLEU | 016 - MAUVE,oui,014 -BLEU VERT:2|013 - MARRON GRIS:2|012 - GRIS:6|015 - BLEU:5|016 - MAUVE:6,21,true,MAGNUM_COLOR_DMC.jpg,76,False,,,,,
MAGNUM_TWEED_DMC,Pelote Laine Magnum Tweed - Dmc,Pelote,3350,"Pelote de laine Magnum Tweed DMC : mélange acrylique/laine/viscose tacheté effet tweed, grand format 400g",DMC,732 -BLEU | 086 - VERT | 636 - MARINE | 663 - BORDEAU | 929 - CREME | 637 - CANARD,non,732 -BLEU:1|086 - VERT:5|636 - MARINE:6|663 - BORDEAU:6|929 - CREME:4|637 - CANARD:6,28,true,,182,False,,,,,
NATURA_LINEN_DMC,Pelote Laine Natura Linen - 58% Lin /26% Viscose /18% Coton - Dmc,Pelote,1250,"Pelote de laine Natura Linen DMC : 58% lin / 26% viscose / 18% coton, fil léger et frais pour l'été",DMC,01 - BLANC | 134 - ROSE | 123- NOIR | 07 - BLEUET | 17 - BLEU ROI | 05 - ROUGE | 08  - VERT | 03- NATUREL | 31 - LIN | 071 -GRIS,oui,01 - BLANC:23|134 - ROSE:10|123- NOIR:29|07 - BLEUET:14|17 - BLEU ROI:10|05 - ROUGE:22|08  - VERT:19|03- NATUREL:8|31 - LIN:17|071 -GRIS:30,182,true,NATURA_LINEN_DMC.jpg,72,False,,,,,
PIROUETTE_DMC,Pelote Laine Pirouette - Dmc,Pelote,2300,"Pelote de laine Pirouette DMC : 100% acrylique multicolore dégradé, pelote 200g/500m, aiguilles/crochet 5mm",DMC,843 - MULTI | 842 - NUIT | 497 - ROUGE | 694 - GRIS | 801 - ACIER | 416 - ANIS | 845 - FORET | 708 - HARRY POTTER | 847 - NUIT FUCHSIA | 695 -MULTI JAUNE | 707 - MULTI TURQUOISE,oui,843 - MULTI:6|842 - NUIT:9|497 - ROUGE:6|694 - GRIS:12|801 - ACIER:6|416 - ANIS:8|845 - FORET:8|708 - HARRY POTTER:6|847 - NUIT FUCHSIA:11|695 -MULTI JAUNE:5|707 - MULTI TURQUOISE:9,86,true,PIROUETTE_DMC.webp,52,False,,,,,
TEDDY_DMC,Pelote Laine Teddy - Dmc,Pelote,920,"Pelote de laine Teddy DMC : fil bouclette texturé, pelote 50g/90m, aiguilles/crochet 5,5mm - Idéal amigurumis et vêtements enfant",DMC,BLEU  - 315 | GRIS  - 312 | BLANC - 310,oui,BLEU  - 315:2|GRIS  - 312:4|BLANC - 310:4,10,true,TEDDY_DMC.webp,187,False,,,,,
CC4712,Pelote Macrame 65 - 3Mm - 250G - 65M -Care&Create,Pelote,1300,,,LIN - 156 | BRUN - 158 | ROUILLE - 115 | ECRU - 154 | JAUNE - 104 | GRIS - 166,oui,LIN - 156:10|BRUN - 158:4|ROUILLE - 115:4|ECRU - 154:4|JAUNE - 104:5|GRIS - 166:6,33,true,CC4712.jpg,61,False,,,,,
ECO_TWIST,Pelote Macrame Eco Twist - Hoooked - 250 G,Pelote,1300,"Fil macramé 100% coton recyclé (chutes textiles), structure torsadée (16 brins), largeur 3mm - Crochet/aiguilles 6-8mm - Idéal macramé, crochet, tissage",Hoooked,,non,,7,true,ECO_TWIST.jpg,396,False,,,,,
ECOTWIST_H,Pelote Macrame Eco Twist - Hoooked - 3Mm - 250 G,Pelote,1300,,Hoooked,E1110 - TEAK | E200 - LOTUS | E805 - ASPEN | E801 - LIME | E300 - BISCUIT | E710 - BRICK | E100 - AMANDE | E470 - CURRY | E803 - JADE | E810 - LAGOON | E902 - PETROL | E310 - TAUPE | E804 - PINE | E1000 - RUBY | E560 - CHERRY,non,E1110 - TEAK:5|E200 - LOTUS:5|E805 - ASPEN:5|E801 - LIME:4|E300 - BISCUIT:6|E710 - BRICK:5|E100 - AMANDE:4|E470 - CURRY:4|E803 - JADE:5|E810 - LAGOON:3|E902 - PETROL:5|E310 - TAUPE:6|E804 - PINE:4|E1000 - RUBY:6|E560 - CHERRY:4,71,true,,94,False,,,,,
MERINO4_DMC,Pelote Merino Essentiel 4 - 50% Merino - 50% Acryl - Dmc,Pelote,820,Pelote Merino Essentiel 4 DMC : 50% laine mérinos / 50% acrylique,DMC,889 - PRUNE | 858 - AUBERGINE | 879 - VIEUX ROSE | 881 -ROSE | 872 - TAUPE | 880 - BEURRE | 886 - CAPPUCCINO | 888 - CANARD - | 885 -GRIS DE LIN | 851 - CREME | 864 - VERT DE GRIS | 863 - CIEL | 862 - GRIS | 873 - NOIR | 887 - JEAN | 884 - BLEUET | 850 - BLANC | 854 - CHOCOLAT | 859 - TAUPE | 865 - BLEU ROI | 866 - POUSSIN | 867 - FORET | 875 - PAILLE | 876 - CUIVRE | 871 - ROUGE | 852 - MARINE | 853 - ROUILLE | 860 - LILA | 870 - HIBISCUS | 878 - TOURNESOL | 874 - PRAIRIE | 869 - MOUTARDE,oui,889 - PRUNE:42|858 - AUBERGINE:14|879 - VIEUX ROSE:28|881 -ROSE:11|872 - TAUPE:20|880 - BEURRE:4|886 - CAPPUCCINO:22|888 - CANARD -:38|885 -GRIS DE LIN:11|851 - CREME:22|864 - VERT DE GRIS:41|863 - CIEL:40|862 - GRIS:15|873 - NOIR:23|887 - JEAN:18|884 - BLEUET:28|850 - BLANC:10|854 - CHOCOLAT:20|859 - TAUPE:14|865 - BLEU ROI:7|866 - POUSSIN:17|867 - FORET:24|875 - PAILLE:20|876 - CUIVRE:28|871 - ROUGE:16|852 - MARINE:20|853 - ROUILLE:20|860 - LILA:20|870 - HIBISCUS:20|878 - TOURNESOL:16|874 - PRAIRIE:19|869 - MOUTARDE:13,661,true,MERINO4_DMC.webp,15,False,,,,,
MILOS_K,Pelote Milos - Katia - Polyester/Coton,Pelote,520,"Fil 40% coton recyclé / 40% polyester recyclé / 20% polyester parsemé de mini paillettes, pelote de 50g / 85m. Se tricote avec des aiguilles 4–4,5 mm ou crochet 4,5–5 mm. Lavage machine 30°C.",Katia,MARINE - 92 | CANARD - 83 | GRIS - 81 | ROSE - 85,non,MARINE - 92:36|CANARD - 83:40|GRIS - 81:43|ROSE - 85:37,156,true,,247,False,,,,,
NATURA_DENIM_DMC,Pelote Nautura Denim - 100 % Coton - Dmc,Pelote,1150,"Pelote Natura Denim DMC : 100% coton, effet délavé façon denim, gamme Natura",DMC,137 | 17 | 07 | 02 | 12 | 132 | 133,oui,137:13|17:20|07:15|02:10|12:10|132:8|133:8,84,true,NATURA_DENIM_DMC.jpg,106,False,,,,,
NOMADE_CB_,Pelote Nomade - Coton / Acrylique - Cheval Blanc,Pelote,720,"Gros fil d'été 50% coton / 50% acrylique - 50g/50m - Aiguilles n°5-5,5",Cheval Blanc,JAUNE - 051 | MOUTARDE - 101 | TAUPE - 022 | ROSE - 289 | BLEU  - 307 | VERT  - 049 | MARINE - 094,oui,JAUNE - 051:24|MOUTARDE - 101:23|TAUPE - 022:13|ROSE - 289:14|BLEU  - 307:10|VERT  - 049:26|MARINE - 094:30,140,true,NOMADE_CB_.jpg,157,False,,,,,
LOU,Pelote Polyester - Lou - 50 G - 105M - Plassard,Pelote,650,"Pelote Lou Plassard : 100% polyester, 50g/105m",,110 - BLANC | 210 - ROUGE | 209 - FUCHSIA | 201 - MAUVE | 207 - VERT,non,110 - BLANC:11|210 - ROUGE:20|209 - FUCHSIA:14|201 - MAUVE:14|207 - VERT:19,78,true,,355,False,,,,,
POLYNESIA_K,Pelote Polynesia Gradient - Coton/Lin - Katia,Pelote,3850,"Fil 56% coton / 22% lin / 22% viscose combinant un brin soyeux et un brin mat, pelote de 50g / 165m. Se tricote avec des aiguilles 3,5–4,5 mm. Échantillon 10x10 cm : 24 mailles x 28 rangs. Lavage machine 30°C.",Katia,307 - ROSE | 303 - VIN | 305 - VERT ROUGE | 304 - VERT | 306 - LAGON | 301 - ROUGE,oui,307 - ROSE:3|303 - VIN:4|305 - VERT ROUGE:6|304 - VERT:5|306 - LAGON:3|301 - ROUGE:8,29,true,POLYNESIA_K.jpg,64,False,,,,,
PRESTO,Pelote Presto - Cheval Blanc,Pelote,1500,"Grosse laine XXL tricot express, 88% acrylique / 12% laine - 150g/44m - Aiguilles n°15",Cheval Blanc,NOIR | FLANELLE | BLANC | MIEL | ROUGE | JEANS | PRUNE | TERRE,non,NOIR:2|FLANELLE:5|BLANC:2|MIEL:7|ROUGE:6|JEANS:7|PRUNE:5|TERRE:3,37,true,,236,False,,,,,
REGIA_S,Pelote Regia 100G - 75% Laine - 25% Polyamide - Schachenmayr,Pelote,1820,"Pelote Regia Schachenmayr, 100g : 75% laine / 25% polyamide - Fil à chaussettes résistant au lavage en machine, marque allemande de référence",,BLEU - 09396 | ROUILLE - 01155 | ABEILLE - 05391 | MULTI - 09386,non,BLEU - 09396:7|ROUILLE - 01155:10|ABEILLE - 05391:9|MULTI - 09386:7,33,true,,854,False,,,,,
RIB_NEON,Pelote Ribbon Xl Neon Hoooked - 250G,Pelote,2950,Fil ruban épais 100% fibres recyclées (70% coton / 30% polyester) - 250g/85m - Crochet/aiguilles 8-12mm - Coloris fluo,Hoooked,,non,,6,true,RIB_NEON.jpg,542,False,,,,,
SERAPHINE,Pelote Seraphine - Plassard,Pelote,1150,"Pelote Séraphine Plassard : 50% laine vierge / 39% acrylique / 11% viscose, fil retordu à aspect tweedé, aiguilles n°4",,,non,,64,true,SERAPHINE.jpg,257,False,,,,,
SUMMER_K,Pelote Summer Confort - Katia - Maillot De Bain,Pelote,1250,"Fil 78% viscose / 22% polyamide de type cordelette légèrement élastique avec traitement antibactérien, pelote de 50g / 105m. Se tricote avec des aiguilles 3,5–4 mm. Échantillon 10x10 cm : 23 mailles x 33 rangs. Lavage machine 30°C.",Katia,GRIS - 75 | NOIR - 79 | ROUGE - 78 | BLANC - 60 | MENTHE - 82 | TURQUOISE - 73 | LAVANDE - 80 | CIEL - 63 | VERT D'EAU  - 62 | ANIS - 81 | JAUNE - 70 | BRONZE - 69 | FUCHSIA - 77 | SAUMON - 68,oui,GRIS - 75:29|NOIR - 79:13|ROUGE - 78:12|BLANC - 60:4|MENTHE - 82:4|TURQUOISE - 73:14|LAVANDE - 80:14|CIEL - 63:13|VERT D'EAU  - 62:14|ANIS - 81:12|JAUNE - 70:9|BRONZE - 69:1|FUCHSIA - 77:12|SAUMON - 68:3,154,true,SUMMER_K.webp,33,False,,,,,
SUPERBA_RICO,Pelote Superba - Socks - Rico - 75% Laine / 25% Polyamide - 100G,Pelote,1520,,,BLEU - 009 | VERT FLUO - 011 | JAUNE - 002 | ORANGE - 007 | VIEUX ROSE - 005 | CREME - 014 | NOIR - 020,non,BLEU - 009:9|VERT FLUO - 011:8|JAUNE - 002:10|ORANGE - 007:7|VIEUX ROSE - 005:9|CREME - 014:10|NOIR - 020:10,63,true,,374,False,,,,,
WOW_REWASHI_K,Pelote Wow Rewashi - Katia,Pelote,1320,"Fil ruban 70% polyester / 30% viscose avec torsion unique apportant corps et consistance, pelote de 100g / 90m. Se tricote avec des aiguilles 6–6,5 mm ou crochet 6,5–7 mm. Échantillon 10x10 cm : 12 mailles x 17 rangs. Lavage machine 30°C.",Katia,ANIS - 65 | EMERAUDE - 66 | JAUNE - 64 | BLEU  - 67 | ORANGE - 63 | FUCHSIA - 61 | NOIR - 68 | ROSE - 62,oui,ANIS - 65:22|EMERAUDE - 66:11|JAUNE - 64:14|BLEU  - 67:9|ORANGE - 63:8|FUCHSIA - 61:19|NOIR - 68:9|ROSE - 62:5,97,true,WOW_REWASHI_K.jpg,82,False,,,,,
WOW_SPLASH_K,Pelote Wow Splash - Katia - 46% Laine/46% Acry,Pelote,1400,"Fil chaînette 46% laine mérinos / 46% acrylique / 8% polyamide à effet tweed jaspé, pelote de 150g / 165m. Se tricote avec des aiguilles 6–7 mm ou crochet 6,5–7 mm. Échantillon 10x10 cm : 15 mailles x 20 rangs. Lavage machine 30°C programme laine.",Katia,MAUVE / ORANGE  - 205 | FLUO ORANGE  - 204 | FLUO JAUNE - 203,oui,MAUVE / ORANGE  - 205:5|FLUO ORANGE  - 204:3|FLUO JAUNE - 203:2,9,true,WOW_SPLASH_K.jpg,131,False,,,,,
ZPAGETTI_H,Pelote Zpagetti - Fil T Shirt - Hoooked - 700G,Pelote,2250,"Fabriqué à partir de lisières de textile haut de gamme issues de l'industrie de la mode, ce fil jersey est à la fois robuste, élastique et 100% durable. Idéal pour créer des objets de décoration volumineux en un clin d'œil.

🧶​ 700 g - 120 m 
Aiguilles / Crochet n° 8 à 12 mm
90% coton recyclé - 10% autres fibres recyclées (chutes textiles)
plus de 50 coloris disponibles 
lavage à la main ",Hoooked,MINT LIGHT BLUE | MIXED PRINT | COLORWAY FRUIT | COLORWAY OCEAN | MIXED STRIPES | ANTHRACITE | GREY | GREEN | TURQUOISE AQUA | tous coloris | DARK BLUE | DARK GREEN | BLACK,non,MINT LIGHT BLUE:4|MIXED PRINT:1|COLORWAY FRUIT:2|COLORWAY OCEAN:2|MIXED STRIPES:1|ANTHRACITE:3|GREY:1|GREEN:3|TURQUOISE AQUA:1|tous coloris:110|DARK BLUE:3|DARK GREEN:3|BLACK:4,138,true,ZPAGETTI_H.jpg,2,False,,,,,
M525,Accroche Telephone Adhesive X3 - S&M,Petite mercerie,550,,,,non,,11,true,M525.jpg,2240,False,,,,,
M50,Adaptateur A Tige Basse Machine A Coudre,Petite mercerie,980,,,,non,,1,true,M50.jpg,1027,False,,,,,
M51,Adaptateur A Tige Haute Machine A Coudre,Petite mercerie,1100,,,,non,,3,true,,99999,False,,,,,
ERF.289748,Adaptateur Pour Cones,Petite mercerie,250,,,,non,,8,true,,2253,False,,,,,
62515,Adhésif Bohin,Petite mercerie,1200,"Ruban adhésif de couture Bohin, pour fixer temporairement tissu ou patron avant piqûre",Bohin,,non,,3,true,62515.webp,673,False,,,,,
98471,Agrafe Maillot De Bain - 16Mm - Argent - Bohin,Petite mercerie,650,"Agrafe pour maillot de bain Bohin, 16mm, coloris argent",Bohin,,non,,2,true,98471.webp,2098,False,,,,,
88004,Agrafe Ressort Bohin - Blanc 0,Petite mercerie,450,"Agrafe à ressort Bohin, coloris or, pour fermeture de vêtement",Bohin,,non,,8,true,88004.webp,1909,False,,,,,
88110,Agrafes Bohin,Petite mercerie,480,"Agrafes de couture Bohin, pour fermeture de vêtements",Bohin,,non,,8,true,,2280,False,,,,,
88104,Agrafes Bohin,Petite mercerie,390,"Agrafes de couture Bohin, pour fermeture de vêtements",Bohin,,non,,15,true,88104.webp,99999,False,,,,,
88108,Agrafes Bohin - Noire - Taille N°2,Petite mercerie,480,"Agrafes de couture Bohin, coloris noir",Bohin,,non,,8,true,,1855,False,,,,,
88983,Agrafes Jupes Bohin,Petite mercerie,510,"Agrafes pour jupes Bohin, fermeture robuste de ceinture",Bohin,,non,,11,true,88983.webp,2238,False,,,,,
88988,Agrafes Jupes Bohin,Petite mercerie,510,"Agrafes pour jupes Bohin, fermeture robuste de ceinture",Bohin,,non,,6,true,88988.webp,1812,False,,,,,
78650,Agrafes Pantalons Bohin,Petite mercerie,150,"Agrafes pour pantalons Bohin, coloris nickel",Bohin,,non,,13,true,78650.webp,2034,False,,,,,
78652,Agrafes Pantalons Bohin,Petite mercerie,150,"Agrafes pour pantalons Bohin, coloris nickel",Bohin,,non,,36,true,78652.webp,2304,False,,,,,
89383,Agrafes Pantalons Bohin - Nickel X 3,Petite mercerie,510,"Agrafes pour pantalons Bohin, coloris nickel lot de 3",Bohin,,non,,4,true,89383.webp,565,False,,,,,
89388,Agrafes Pantalons Bohin - Noir X 3,Petite mercerie,510,"Agrafes pour pantalons Bohin, coloris noir lot de 3",Bohin,,non,,13,true,89388.webp,992,False,,,,,
88006,Agrafes Ressort - Nickel -N°1 - Bohin,Petite mercerie,450,"Agrafe à ressort Bohin, taille N°1, coloris or, pour fermeture de vêtement",Bohin,,non,,15,true,88006.webp,1610,False,,,,,
88008,Agrafes Ressort - Nickel -N°2 - Bohin,Petite mercerie,480,"Agrafe à ressort Bohin, taille N°2, coloris or, pour fermeture de vêtement",Bohin,,non,,15,true,88008.webp,2287,False,,,,,
88010,Agrafes Ressort - Nickel -N°3 - Bohin,Petite mercerie,450,"Agrafe à ressort Bohin, taille N°3, coloris or, pour fermeture de vêtement",Bohin,,non,,10,true,88010.webp,1912,False,,,,,
88106,Agrafes Ressort - Noir -N°1 - Bohin,Petite mercerie,450,"Agrafe à ressort Bohin, taille N°1, coloris or, pour fermeture de vêtement",Bohin,,non,,13,true,88106.webp,2301,False,,,,,
12116,Aiguille Emballage Droit A72 6A,Petite mercerie,200,,,,non,,24,true,,2146,False,,,,,
H272,Aimant,Petite mercerie,500,,,,non,,1,true,,99999,False,,,,,
92399,Aimant Acier Sur Carte,Petite mercerie,1060,,,,non,,3,true,,99999,False,,,,,
92134,Ampoule Baïonnette Bohin,Petite mercerie,790,"Ampoule de rechange à baïonnette pour machine à coudre, marque Bohin",Bohin,,non,,2,true,92134.webp,413,False,,,,,
92135,Ampoule Vis Bohin,Petite mercerie,790,"Ampoule de rechange à vis pour machine à coudre, marque Bohin",Bohin,,non,,8,true,92135.webp,602,False,,,,,
M9244,Anneau A Porte Cles Unite - 28Mm - S&M,Petite mercerie,400,,,,non,,39,true,M9244.jpg,814,False,,,,,
AW003,Anneau Bois X2 - 7 Cm - Hoooked,Petite mercerie,650,,Hoooked,,non,,4,true,,2093,False,,,,,
K0002,Anneau Dentition Silicone Lapin Gris - Bohin,Petite mercerie,1050,"Anneau de dentition en silicone Bohin, pour la confection de jouets bébé",Bohin,,non,,2,true,,99999,False,,,,,
CC.3001.40,Anneau Etriers - 40Mm,Petite mercerie,360,,,,non,,4,true,,2370,False,,,,,
CC3001.32,Anneau Etriers 32Mm - X2 - Care& Create,Petite mercerie,300,,,GD  - GOLD,non,GD  - GOLD:5,5,true,CC3001.32.jpg,2156,False,,,,,
MTR_6,Anneau Nickel - 25Mm,Petite mercerie,50,,,,non,,476,true,,2248,False,,,,,
M.697,Anneau Sac Metal X2 - 33 Mm - S&M,Petite mercerie,870,,,100 - OR - | 048 - ROSE,non,100 - OR -:1|048 - ROSE:4,5,true,M.697.jpg,132,False,,,,,
CC3000.26,Anneau Ø26 Mm X 4 - Acier - Care&Create,Petite mercerie,830,,,NB - NOIR | GD - GOLD | NK - ARGENT,oui,NB - NOIR:7|GD - GOLD:3|NK - ARGENT:7,17,true,CC3000.26.jpg,652,False,,,,,
M.225,Anneaux 20Mm - X4 - Ouverture Facile - S&M,Petite mercerie,450,,,OR - 100 | ARGENT - 120,non,OR - 100:12|ARGENT - 120:11,23,true,M.225.jpg,326,False,,,,,
89940,Anneaux Etriers 12Mm Argent,Petite mercerie,550,,,,non,,4,true,,2212,False,,,,,
89941,Anneaux Etriers 12Mm Bronze,Petite mercerie,440,,,,non,,6,true,,2038,False,,,,,
89942,Anneaux Etriers 20Mm Argent,Petite mercerie,550,,,,non,,15,true,,99999,False,,,,,
89944,Anneaux Etriers 20Mm Bronze,Petite mercerie,470,,,,non,,1,true,,1058,False,,,,,
CC3001.20,Anneaux Etriers 20Mm X 2 - Care&Create,Petite mercerie,230,,,GD - GOLD | RG - ROSE | NK - ARGENT,oui,GD - GOLD:2|RG - ROSE:4|NK - ARGENT:1,7,true,CC3001.20.jpg,1875,False,,,,,
CC3001.25,Anneaux Etriers 25Mm - X2 - Care&Create,Petite mercerie,290,,,NK - ARGENT | RG - ROSE | GD- GOLD,oui,NK - ARGENT:1|RG - ROSE:5|GD- GOLD:6,12,true,CC3001.25.jpg,1308,False,,,,,
89947,Anneaux Etriers 28Mm Argent,Petite mercerie,570,,,,non,,12,true,,99999,False,,,,,
89946,Anneaux Etriers 28Mm Bronze,Petite mercerie,570,,,,non,,9,true,,99999,False,,,,,
M9217,Anneaux Fermoire X 10 - S&M,Petite mercerie,200,,,,non,,23,true,M9217.jpg,1178,False,,,,,
M670,Anneaux Metal Ø 10Mm X50 - Argent - S&M,Petite mercerie,650,,,,non,,27,true,,2095,False,,,,,
M670.06,Anneaux Metal Ø 6Mm X50 - Argent - S&M,Petite mercerie,600,,,,non,,10,true,,99999,False,,,,,
7004.46.55,Anneaux Porte Cle X10 - 24Mm - Rico,Petite mercerie,1050,,,,non,,2,true,,683,False,,,,,
7004.46.56,Anneaux Porte Cles X10 - 18Mm - Rico,Petite mercerie,1050,,,,non,,7,true,,1856,False,,,,,
624142,Anneaux Pour Crocheter Ø30Mm X30,Petite mercerie,1150,,,,non,,3,true,,99999,False,,,,,
CC3602,Anse Pour Sac 51Cm,Petite mercerie,2100,,,,non,,5,true,,99999,False,,,,,
98494,Anse Sac - 40 Cm - Dore - Bohin,Petite mercerie,1950,"Anse de sac Bohin 40cm, coloris dore",Bohin,,non,,3,true,98494.jpg,1410,False,,,,,
98491,Anse Sac - 40 Cm - Fuchsia - Bohin,Petite mercerie,1950,"Anse de sac Bohin 40cm, coloris fuchsia",Bohin,,non,,4,true,98491.jpg,99999,False,,,,,
98529,Anse Sac 60 Cm - Turquoise - Bohin,Petite mercerie,2420,"Anse de sac Bohin 60cm, coloris turquoise",Bohin,,non,,3,true,98529.jpg,99999,False,,,,,
98497,Anse Sac 60Cm - Noir - Bohin,Petite mercerie,2420,"Anse de sac Bohin 60cm, coloris noir",Bohin,,non,,3,true,98497.jpg,99999,False,,,,,
38200.15.01,Anse Sac Bambou - Demi Cercle Nature - 15 Cm - Rico,Petite mercerie,2350,,,,non,,3,true,,99999,False,,,,,
38201.22.01,Anse Sac Bambou - Rond Natruel - 22Cm - Rico,Petite mercerie,2710,,,,non,,1,true,,1093,False,,,,,
38201.15.03,Anse Sac Bambou - Rond Noir - 15 Cm - Rico,Petite mercerie,2350,,,,non,,1,true,,1222,False,,,,,
CC.3601,Anse Sac Simili - 110 Cm - 1.5 Cm Large,Petite mercerie,1700,,,,non,,4,true,,555,False,,,,,
M332.12,Appareil A Biais - 12Mm - S&M,Petite mercerie,1620,,,,non,,4,true,,1538,False,,,,,
M332.18,Appareil A Biais 18Mm,Petite mercerie,1740,,,,non,,3,true,,1497,False,,,,,
M332.25,Appareil A Biais 25Mm,Petite mercerie,2050,,,,non,,3,true,,1358,False,,,,,
91500,Appareil A Tracer Dore - Bohin,Petite mercerie,1150,"Roulette à tracer/marquer dorée Bohin, pour reporter les repères d'un patron sur le tissu",Bohin,,non,,11,true,91500.webp,882,False,,,,,
ERF.289588,Arret De Cordon Blanc,Petite mercerie,400,,,,non,,7,true,,1537,False,,,,,
ERF275642,Arret De Cordon Blanc - X 2 - Distrifil,Petite mercerie,400,,,,non,,8,true,,951,False,,,,,
ERF.275635,Arret De Cordon Noir Par 2,Petite mercerie,400,,,,non,,9,true,,1213,False,,,,,
94299,Arrete Maille 11.5Cm Etui De 2,Petite mercerie,660,,,,non,,2,true,,99999,False,,,,,
ERF.289571,Arrets De Cordon Noir,Petite mercerie,400,,,,non,,8,true,,1072,False,,,,,
90688,Attache Bretelle X 4 -Noir,Petite mercerie,1130,,,,non,,12,true,,99999,False,,,,,
98532,Attache Maillot Canon Fusil - 16Mm - Bohin,Petite mercerie,650,"Attache pour maillot de bain Bohin, style ""canon de fusil"", 16mm",Bohin,,non,,5,true,98532.webp,99999,False,,,,,
K3005,Attache Tetine Silicone Bleu Gris -Bohin,Petite mercerie,590,"Attache-tétine en silicone Bohin, pour la confection d'attaches sucette",Bohin,,non,,1,true,,2169,False,,,,,
PRY401205,Attache Torchons X5 - Blanc,Petite mercerie,1110,,,,non,,5,true,,99999,False,,,,,
7094.44.83,"Badge ""Keep Cool "" - 2.5Cm - Rico",Petite mercerie,320,,,,non,,5,true,,99999,False,,,,,
7094.44.49,"Bagde ""Bride"" - 2.5Cn -Rico",Petite mercerie,320,,,,non,,6,true,,99999,False,,,,,
7094.44.45,"Bagde ""I Love You"" - 2.5Cn -Rico",Petite mercerie,320,,,,non,,6,true,,99999,False,,,,,
7094.44.43,"Bagde ""Made With Love"" - 2.5Cm -Rico",Petite mercerie,320,,,,non,,6,true,,99999,False,,,,,
7094.44.51,"Bagde ""Mr"" - 2.5Cn -Rico",Petite mercerie,320,,,,non,,11,true,,99999,False,,,,,
7094.44.52,"Bagde ""Mrs"" - 2.5Cn -Rico",Petite mercerie,320,,,,non,,6,true,,99999,False,,,,,
7094.44.44,"Bagde ""Princess"" - 2.5Cn -Rico",Petite mercerie,320,,,,non,,5,true,,99999,False,,,,,
7094.44.39,"Bagde ""Super Mama"" - 2.5Cm -Rico",Petite mercerie,320,,,,non,,10,true,,2106,False,,,,,
M694,Bague Compte Rang (Pile) - S&M,Petite mercerie,900,,,,non,,8,true,,1475,False,,,,,
CL348,Bague Guide Fil - Clover,Petite mercerie,650,,,,non,,3,true,,99999,False,,,,,
CL349,Bague Guide Fil - Grande Taille - Clover,Petite mercerie,800,,,,non,,5,true,,2003,False,,,,,
62420,Baleine Soutien Gorge Bli2 N°75,Petite mercerie,500,,,,non,,5,true,,99999,False,,,,,
98761,Bijou A Coudre Abeille Gris N6 -Bohin,Petite mercerie,900,"Bijou à coudre Bohin motif abeille, coloris gris, pour customiser un vêtement",Bohin,,non,,4,true,98761.webp,99999,False,,,,,
98766,Bijou A Coudre Abeille Or N11 -Bohin,Petite mercerie,1040,"Bijou à coudre Bohin motif abeille, coloris or, pour customiser un vêtement",Bohin,,non,,3,true,98766.webp,99999,False,,,,,
K7560,Bloquer A Granny - Katia 23 X 23 Cm,Petite mercerie,3120,,Katia,,non,,14,true,K7560.webp,235,False,,,,,
15348_B,Bobinette A Laine X6,Petite mercerie,600,,,,non,,17,true,,99999,False,,,,,
4919,Bobineur Electrique - Pour Canette - Distrifil,Petite mercerie,4450,,,,non,,4,true,,99999,False,,,,,
9154625,Boite A Canettes - 50 P -12 X 11 X 4.7Cm - Milward,Petite mercerie,1080,"Boîte à canettes Milward, 50 places, 12x11x4,7cm",,,non,,4,true,,1761,False,,,,,
98780,"Boite A Couture ""Cadeau"" (Remplie)",Petite mercerie,4900,,,,non,,6,true,,162,False,,,,,
MRM.137,Boite A Couture -Remplie - 94 Pièces - 18.5 X25.5X14.5 Cm,Petite mercerie,7000,,,,non,,1,true,MRM.137.jpg,448,False,,,,,
MRM,Boite A Couture 18.5X25.5X14.5 - Divers Models,Petite mercerie,4020,,,MRM.605 - ABEILLE,non,MRM.605 - ABEILLE:1,1,true,,787,False,,,,,
MRM.587,Boite A Couture Abeille 18.5X25.5X14.5,Petite mercerie,4600,,,,non,,1,true,,99999,False,,,,,
M468T27,Boite Bouton Porte Épingles,Petite mercerie,1330,,,,non,,3,true,,99999,False,,,,,
MRFB.647,Boite Couture Animaux - 16.5X29X18 Cm,Petite mercerie,5020,,,,non,,1,true,,99999,False,,,,,
612545,Boite Couture Bois 36X22X19 - Prym,Petite mercerie,10700,"Boîte à couture en bois, 36 x 22 x 19cm, pour ranger fils, aiguilles et petit matériel de couture",Prym,,non,,2,true,612545.jpg,99999,False,,,,,
HGMA.593,Boite Couture Licorne 17.8X24.5X14.5,Petite mercerie,6200,,,,non,,1,true,HGMA.593.webp,99999,False,,,,,
MRLTLE.438,Boite Couture Mouton - 25X25X17 Cm,Petite mercerie,6020,,,,non,,1,true,,99999,False,,,,,
HGRC,Boite Couture Ronde 18 X18 X 13.5,Petite mercerie,5120,,,617 - MOUTON,non,617 - MOUTON:1,1,true,,99999,False,,,,,
06549,Boite Couture Rose + 2 Ranges Fils - Vide - Bohin,Petite mercerie,3150,,Bohin,,non,,1,true,06549.jpg,967,False,,,,,
98424,"Boite Couture Transparante ""S"" - 20X10X 11 Cm - Bohin",Petite mercerie,1750,"Boîte à couture Bohin 11cm, vide",Bohin,,non,,3,true,98424.webp,870,False,,,,,
06540,Boite Couture Transparante Vide - 30X17X14Cm - Bohin,Petite mercerie,3150,,Bohin,,non,,1,true,06540.jpg,968,False,,,,,
MRME.651,Boite Couture Vichy Abeille - 18.5X25.5X14.5 Cm,Petite mercerie,4950,,,,non,,1,true,,99999,False,,,,,
MRL.616,Boite De Couture Mouton - 23.5X31X20,Petite mercerie,6300,,,,non,,1,true,MRL.616.jpg,99999,False,,,,,
CC00,Boite De Rangement 26X16X14 Cm Plastqiue,Petite mercerie,2000,,,003 - VIOLET,non,003 - VIOLET:1,1,true,,1317,False,,,,,
CC0014,Boite De Rangement Bobine / Grande,Petite mercerie,3400,,,,non,,2,true,,99999,False,,,,,
CC0013,Boite De Rangement Bobine Fil Et Cone,Petite mercerie,3400,,,,non,,2,true,,99999,False,,,,,
CC0011,Boite De Rangement Couture,Petite mercerie,3400,,,,non,,1,true,,905,False,,,,,
7094.61.41,Boite De Strass Argent - 300Pcs - 2 À 5 Mm - Rico,Petite mercerie,1850,,,,non,,6,true,,99999,False,,,,,
K01,Boite Perles Verre - 15 G,Petite mercerie,200,,,014.07 - ETOILES | 050.04 - BATON VERT - 6mm | 050.05 - BATON BLEU  - 6mm | 050.25 - BATON ROSE - 6 mm | 050.29 - BATON VIOLET  - 6mm | 150.03 - BATON ROUGE - 7mm | 150.04 - BATON VERT - 7mm | 150.05 - BATON BLEU - 7mm | 150.07 - BATON MULTI - 7mm | 250.24 - ROND MAUVE | 407.0 - SEQUIN CARRE  ARGENT | 454.28 - ROND VERT - 4mm,non,014.07 - ETOILES:4|050.04 - BATON VERT - 6mm:4|050.05 - BATON BLEU  - 6mm:5|050.25 - BATON ROSE - 6 mm:5|050.29 - BATON VIOLET  - 6mm:5|150.03 - BATON ROUGE - 7mm:5|150.04 - BATON VERT - 7mm:3|150.05 - BATON BLEU - 7mm:3|150.07 - BATON MULTI - 7mm:5|250.24 - ROND MAUVE:5|407.0 - SEQUIN CARRE  ARGENT:5|454.28 - ROND VERT - 4mm:4,53,true,,1216,False,,,,,
CC0012,Boite Rangement 80 Bobines,Petite mercerie,3400,,,,non,,2,true,,99999,False,,,,,
403160,Boite Rivet Argent X400,Petite mercerie,18900,,,,non,,1,true,403160.jpg,99999,False,,,,,
M348,Boitier A Canette - S&M,Petite mercerie,850,,,,non,,3,true,,1452,False,,,,,
CC3003.30,Boucle A Ceinture - 30 Mm - Care&Create,Petite mercerie,450,,,OR -GD | ARGENT - NK | NOIR - NB,oui,OR -GD:7|ARGENT - NK:9|NOIR - NB:9,25,true,CC3003.30.jpg,1244,False,,,,,
CC3006.40,Boucle A Coulisse - 40Mm X 2 - Care&Create,Petite mercerie,520,,,NB - NOIR | GD - GOLD | NK - ARGENT,oui,NB - NOIR:7|GD - GOLD:11|NK - ARGENT:6,24,true,CC3006.40.jpg,99999,False,,,,,
M1342.15,Boucle A Ouverture Rapide - Plast X2 - 15Mm - S&M,Petite mercerie,450,,,,non,,13,true,,1462,False,,,,,
M1342.32,Boucle A Ouverture Rapide X2 - 32Mm - S&M,Petite mercerie,500,,,,non,,18,true,,2257,False,,,,,
CC3003.20,Boucle Ceinture - 20Mm - Care&Create,Petite mercerie,350,,,OR - GD | ARGENT - NK | NOIR - NB,oui,OR - GD:9|ARGENT - NK:9|NOIR - NB:4,22,true,CC3003.20.jpg,1575,False,,,,,
9460121,Boucle Ceinture / Bikini - 63.5 X 35Mm - Nickel - Milward,Petite mercerie,1100,"Boucle de ceinture/bikini Milward, 63,5x35mm, coloris nickel",,,non,,1,true,,99999,False,,,,,
PRY416242,Boucle Ceinture Ac Rabat - 30 Mm - Fer Noir - Prym,Petite mercerie,650,"Boucle de ceinture avec rabat, 30mm, finition fer noir",Prym,,non,,2,true,PRY416242.jpg,2091,False,,,,,
ERF.275581,Boucle Clip Plastique Noir - 25Mm,Petite mercerie,360,,,,non,,3,true,,495,False,,,,,
CC3006.30,Boucle Coulisse - 30Mm - X2 - Care& Create,Petite mercerie,380,,,GD - GOLD | NB - NOIR | NK - ARGENT,oui,GD - GOLD:12|NB - NOIR:5|NK - ARGENT:14,31,true,CC3006.30.jpg,1408,False,,,,,
89952,Boucle Coulisse 20Mm - Argent - Bohin,Petite mercerie,520,"Boucle à coulisse Bohin 20mm, coloris argent, pour régler la longueur d'une bretelle ou sangle",Bohin,,non,,10,true,89952.webp,1127,False,,,,,
PRY416295,Boucle De Ceinture - 30 Mm - Metal Argent Mat - Prym,Petite mercerie,1570,"Boucle de ceinture 30mm, métal argenté mat",Prym,,non,,2,true,PRY416295.jpg,1503,False,,,,,
PRY416296,Boucle De Ceinture - 40Mm - Metal Argent Mat - Prym,Petite mercerie,1670,"Boucle de ceinture 40mm, métal argenté mat",Prym,,non,,2,true,PRY416296.jpg,99999,False,,,,,
M1332.050,Boucle De Ceinture - 50Mm - S&M,Petite mercerie,550,,,,non,,4,true,,2219,False,,,,,
SG004,Boucle De Ceinture Agrent - 30Mm - Hoooked,Petite mercerie,700,"Boucle de ceinture argentée, 30mm, pour ceinture ou sangle en cuir/simili",Hoooked,,non,,4,true,,1569,False,,,,,
M8936,Boucle De Ceinture Demi Lune Raffia - 5Cm - S&M,Petite mercerie,910,,,,non,,1,true,,2111,False,,,,,
M8939,Boucle De Ceinture Rond Bois - 5Cm - S&M,Petite mercerie,1200,,,,non,,4,true,,99999,False,,,,,
M8934,Boucle De Ceinture Rond Raffia Caramel - 5 Cm - S&M,Petite mercerie,650,,,,non,,2,true,,99999,False,,,,,
M8937,Boucle De Ceinture Rond Raffia Clair - 5Cm - S&M,Petite mercerie,990,,,,non,,4,true,,99999,False,,,,,
ERF.275598,Boucle De Reglage - 32 Mm - Noir,Petite mercerie,370,,,,non,,10,true,,99999,False,,,,,
7094.33.17,Boucle De Serage Rapide - 10 Mm -Color - Rico,Petite mercerie,150,,,,non,,80,true,,573,False,,,,,
7094.33.18,Boucle De Serage Rapide - 10Mm - Noir - Rico,Petite mercerie,150,,,,non,,30,true,,689,False,,,,,
M9219,Boucle Oreille Dormeuse X20 - S&M,Petite mercerie,360,,,,non,,3,true,M9219.jpg,376,False,,,,,
89995,Boucle Ouv.Rapide Mini 10Mm Blx2,Petite mercerie,840,,,,non,,1,true,,99999,False,,,,,
98548,Boucle Ouverture Rapide 20Mm X 2,Petite mercerie,550,,,,non,,22,true,,327,False,,,,,
98550,Boucle Ouverture Rapide 25Mm,Petite mercerie,400,,,,non,,80,true,,99999,False,,,,,
98552,Boucle Ouverture Rapide 30Mm,Petite mercerie,400,,,,non,,86,true,,725,False,,,,,
BOC_4,Boucle Ouverture Rapide 4Cm,Petite mercerie,400,,,,non,,79,true,,723,False,,,,,
BOC_5,Boucle Ouverture Rapide 5Cm,Petite mercerie,550,,,,non,,150,true,,2215,False,,,,,
BOC_6,Boucle Ouverture Rapide 6Cm,Petite mercerie,650,,,,non,,3,true,,1332,False,,,,,
CC3005.30,Boucle Rectangle Metal - 30 Cm - X 2 - Care&Create,Petite mercerie,320,,,NB - NOIR | NK  - ARGENT | GD - GOLD,oui,NB - NOIR:8|NK  - ARGENT:10|GD - GOLD:8,26,true,CC3005.30.jpg,1641,False,,,,,
CC3005.40,Boucle Rectangle Metal - 40 Cm - X2 - Care&Create,Petite mercerie,400,,,NK - ARGENT | GD - OR | NB - NOIR,oui,NK - ARGENT:9|GD - OR:9|NB - NOIR:9,27,true,CC3005.40.jpg,99999,False,,,,,
M.648.20,Boucle Regalge - X2 - 20Mm - S&M,Petite mercerie,400,,,008 - BRONZE | 100 - OR,non,008 - BRONZE:9|100 - OR:8,17,true,,2009,False,,,,,
M.648.25,Boucle Regalge - X2 - 25 Mm - S&M,Petite mercerie,415,,,100 - OR | 008 - BRONZE,non,100 - OR:9|008 - BRONZE:6,15,true,,1663,False,,,,,
M.648.30,Boucle Regalge - X2 - 30Mm - S&M,Petite mercerie,470,,,008 -BRONZE | 120 - ARGENT | 100 - OR,non,008 -BRONZE:1|120 - ARGENT:8|100 - OR:11,20,true,M.648.30.jpg,889,False,,,,,
M.648.50,Boucle Regalge - X2 - 50Mm - S&M,Petite mercerie,520,,,008 - BRONZE | 120 - ARGENT,non,008 - BRONZE:5|120 - ARGENT:2,7,true,,2232,False,,,,,
M.648.15,Boucle Reglage - X2 - 15Mm - S&M,Petite mercerie,400,,,100 - GOLD | 120 - ARGENT,non,100 - GOLD:9|120 - ARGENT:15,24,true,,99999,False,,,,,
BOC_13,Boucle Reglage 15Mm,Petite mercerie,70,,,,non,,222,true,,99999,False,,,,,
BOC_14,Boucle Reglage 20Mm,Petite mercerie,100,,,,non,,113,true,,2334,False,,,,,
BOC_15,Boucle Reglage 40Mm,Petite mercerie,200,,,,non,,221,true,,2147,False,,,,,
BOC_10,Boucle Reglage Simple 15Mm X2,Petite mercerie,150,,,,non,,33,true,,99999,False,,,,,
BOC_11,Boucle Reglage Simple 20Mm X2,Petite mercerie,180,,,,non,,5,true,,2227,False,,,,,
BOC_12,Boucle Reglage Simple 30Mm X2,Petite mercerie,240,,,,non,,18,true,,1762,False,,,,,
BOC_17,Boucle Reglage Simple 40Mm,Petite mercerie,200,,,,non,,56,true,,2349,False,,,,,
M1336.025,Boucle Triangle - Metal - 30 X 25 Mm - *2 - S&M,Petite mercerie,370,,,100 - OR | 110 - ARGENT | 580 - NOIR,non,100 - OR:5|110 - ARGENT:5|580 - NOIR:5,15,true,,99999,False,,,,,
M1336.032,Boucle Triangle - Metal - 37X29 Mm - *2 - S&M,Petite mercerie,430,,,100 - OR | 110 - ARGENT | 580 - NOIR,non,100 - OR:5|110 - ARGENT:5|580 - NOIR:5,15,true,,99999,False,,,,,
M1336.040,Boucle Triangle - Metal - 47X36 Mm -*2 - S&M,Petite mercerie,620,,,100 - OR | 110 - ARGENT | 580 - NOIR,non,100 - OR:4|110 - ARGENT:5|580 - NOIR:5,14,true,,2119,False,,,,,
89951,Boucle À Coulisse - 20 Mm - Bronze - Bohin,Petite mercerie,520,"Boucle à coulisse Bohin 20mm, coloris bronze, pour régler la longueur d'une bretelle ou sangle",Bohin,,non,,5,true,89951.webp,1508,False,,,,,
89950,Boucle À Coulisse Bohin Argent - 25Mm,Petite mercerie,520,"Boucle à coulisse Bohin 25mm, coloris argent, pour régler la longueur d'une bretelle ou sangle",Bohin,,non,,15,true,89950.webp,99999,False,,,,,
89954,Boucle À Coulisse Bohin Argent - 40Mm,Petite mercerie,690,"Boucle à coulisse Bohin 40mm, coloris argent, pour régler la longueur d'une bretelle ou sangle",Bohin,,non,,8,true,89954.webp,99999,False,,,,,
89953,Boucle À Coulisse Bohin Bronze - 25Mm,Petite mercerie,520,"Boucle à coulisse Bohin 25mm, coloris bronze, pour régler la longueur d'une bretelle ou sangle",Bohin,,non,,13,true,89953.webp,1804,False,,,,,
89955,Boucle À Coulisse Bohin Bronze - 40Mm,Petite mercerie,690,"Boucle à coulisse Bohin 40mm, coloris bronze, pour régler la longueur d'une bretelle ou sangle",Bohin,,non,,8,true,89955.webp,99999,False,,,,,
M1341.40,Boucles Coulissante Plast - X2 - 40 Mm - S&M,Petite mercerie,240,,,,non,,19,true,,99999,False,,,,,
M1341.25,Boucles Coulissante Plast X2 - 25Mm - S&M,Petite mercerie,130,,,,non,,22,true,,2551,False,,,,,
BOC_8,Boucles De Ceinture A Coulisse - Or /Argent - 30Mm,Petite mercerie,400,,,,non,,190,true,,99999,False,,,,,
615130,Boucles De Sac A Main Argent 18Mm,Petite mercerie,1190,,,,non,,2,true,,99999,False,,,,,
615132,Boucles De Sac A Main Laiton 18Mm,Petite mercerie,1190,,,,non,,2,true,,99999,False,,,,,
ERF.275543,Boucles Reglage Plastique Noir - 25Mm X 2,Petite mercerie,260,,,,non,,6,true,,1301,False,,,,,
PTM_24,Boucles Salopette Argent - 25Mm,Petite mercerie,200,,,,non,,28,true,,99999,False,,,,,
PTM_27,Boucles Salopette Argent - 32Mm,Petite mercerie,300,,,,non,,45,true,,1407,False,,,,,
PTM_25,Boucles Salopette Bronze - 25Mm,Petite mercerie,300,,,,non,,25,true,,2414,False,,,,,
PTM_26,Boucles Salopette Bronze - 35Mm,Petite mercerie,300,,,,non,,40,true,,1913,False,,,,,
98314,Bout. Pression - Noir - 30 Mm - Bli 2,Petite mercerie,1250,,,,non,,25,true,,99999,False,,,,,
M268,"Bouton De Col A Vis X 7Ex -Ø 5, 7 Et 9Mm - S&M",Petite mercerie,800,,,,non,,2,true,,1200,False,,,,,
MA150,Bouton Magnetique Recouvert Cuir - Hoooked,Petite mercerie,1050,"Bouton magnétique recouvert de cuir, fermeture pour sacs et pochettes",Hoooked,BLACK | MARRON,non,BLACK:1|MARRON:2,3,true,MA150.jpg,896,False,,,,,
PTM_3,Boutons Jeans - Gm,Petite mercerie,310,,,,non,,2621,true,,283,False,,,,,
PTM_4,Boutons Jeans - Pm,Petite mercerie,200,,,,non,,2030,true,,1680,False,,,,,
90410,Boutons Pression Blis.6 Noir 3,Petite mercerie,580,,,,non,,1,true,,1421,False,,,,,
90106,Boutons Pression Bohin,Petite mercerie,560,Boutons pression à coudre Bohin,Bohin,,non,,3,true,,807,False,,,,,
90408,Boutons Pression Bohin,Petite mercerie,560,Boutons pression à coudre Bohin,Bohin,,non,,21,true,,99999,False,,,,,
90405,Boutons Pression Bohin,Petite mercerie,560,Boutons pression à coudre Bohin,Bohin,,non,,15,true,,1061,False,,,,,
90501,Boutons Pression Bohin - Plastique Blanc X15,Petite mercerie,520,Boutons pression à coudre Bohin - blanc,Bohin,,non,,12,true,90501.webp,755,False,,,,,
90503,Boutons Pression Bohin - Plastique Transparant - 10 Mm X 20,Petite mercerie,520,Boutons pression à coudre Bohin - 10mm,Bohin,,non,,14,true,90503.webp,1138,False,,,,,
90502,Boutons Pression Bohin - Plastique Transparant - 7Mm X24,Petite mercerie,520,Boutons pression à coudre Bohin - 7mm,Bohin,,non,,17,true,90502.webp,1562,False,,,,,
98986,Bracelet Porte Épingles Magnetique Violet - Bohin,Petite mercerie,1400,"Bracelet porte-épingles magnétique Bohin, se porte au poignet pour garder les épingles à portée de main",Bohin,,non,,3,true,98986.webp,1579,False,,,,,
PRY610294,Braclete Porte Epingle Plastique - Prym,Petite mercerie,1570,"Bracelet porte-épingles en plastique, se porte au poignet pour garder les épingles à portée de main",Prym,,non,,1,true,PRY610294.jpg,1504,False,,,,,
M8842,Broche Fleur Pivoine - S&M,Petite mercerie,1750,,,,non,,1,true,M8842.jpg,604,False,,,,,
M.8916,Broche Fleurs 8.5Cm - S&M,Petite mercerie,450,,,512 - VIEUX ROSE | 572 - CAFE | 936 - VERT FLUO | 923 - ORANGE FLUO | 833 - BLEU,non,512 - VIEUX ROSE:2|572 - CAFE:2|936 - VERT FLUO:1|923 - ORANGE FLUO:1|833 - BLEU:1,7,true,M.8916.jpg,732,False,,,,,
97195,Brosse Adhesive - Rouleau - Bohin,Petite mercerie,1150,"Brosse adhésive à rouleau Bohin, pour dépoussiérer et retirer les peluches du textile",Bohin,,non,,3,true,97195.webp,99999,False,,,,,
97199,Brosse Renove Tissus Sur Carte,Petite mercerie,800,,,,non,,6,true,,99999,False,,,,,
98534,Brosse Rouleau 60 Feuilles S/Susp,Petite mercerie,900,,,,non,,4,true,,1394,False,,,,,
98473,Brosse Velours Text. 25 Cm - Manche,Petite mercerie,1100,,,,non,,1,true,,99999,False,,,,,
91343,Canettes Bohin - Acier - Bombee,Petite mercerie,900,"Canette acier bombée Bohin, pour machine à coudre",Bohin,,non,,24,true,91343.webp,1901,False,,,,,
91342,Canettes Bohin - Acier - Plate,Petite mercerie,900,"Canette acier plate Bohin, pour machine à coudre",Bohin,,non,,14,true,91342.webp,287,False,,,,,
91340,Canettes Bohin - Pastique - Plate,Petite mercerie,500,"Canette plastique plate Bohin, pour machine à coudre",Bohin,,non,,12,true,91340.webp,231,False,,,,,
91341,Canettes Bohin - Plastique - Bombee,Petite mercerie,470,"Canette plastique bombée Bohin, pour machine à coudre",Bohin,,non,,17,true,91341.webp,743,False,,,,,
PRY610362,Canettes X4 - 20.5Mm - Brother Janome Singer - Prym,Petite mercerie,700,"Lot de 4 canettes Ø20,5mm compatibles machines à coudre Brother, Janome et Singer",Prym,,non,,3,true,,2057,False,,,,,
PRY416671,Carte 2 Arrets Cordon,Petite mercerie,860,,,,non,,7,true,,1431,False,,,,,
PRY416670,Carte 2 Arrets De Cordon,Petite mercerie,860,,,,non,,9,true,,2123,False,,,,,
PRY612399,Casier Rangement 9 Boites - Prym,Petite mercerie,3580,"Casier de rangement avec 9 boîtes plastique transparentes à couvercles amovibles, pour petits accessoires de couture",Prym,,non,,1,true,PRY612399.jpg,99999,False,,,,,
99009,"Centimetre 1.5M Enrouleur - ""Sauvage",Petite mercerie,1600,,,,non,,1,true,,681,False,,,,,
98924,Centimetre Enrouleur - Cabinet Curiosite - Bohin,Petite mercerie,1600,"Mètre ruban enrouleur rétractable Bohin, 150cm, collection décorative",Bohin,,non,,1,true,98924.webp,504,False,,,,,
98998,"Centimetre Enrouleur 1.5M - ""Voyage De Benjamin"" - Bohin",Petite mercerie,1600,"Mètre ruban enrouleur rétractable Bohin, 150cm, collection décorative",Bohin,,non,,13,true,98998.webp,1493,False,,,,,
22291,Centimetre Patchwork 3M,Petite mercerie,2600,,,,non,,9,true,,225,False,,,,,
91906,Centimetre Ruban Adhes.150Cm,Petite mercerie,960,,,,non,,4,true,,99999,False,,,,,
CC.4701.15,Cercle En Bambou - 15 Cm - Distrifil,Petite mercerie,450,,,,non,,1,true,CC.4701.15.jpg,2312,False,,,,,
CC.4701.20,Cercle En Bambou - 20 Cm - Distrifil,Petite mercerie,480,,,,non,,4,true,,99999,False,,,,,
CC.4701.25,Cercle En Bambou - 25 Cm - Distrifil,Petite mercerie,520,,,,non,,1,true,CC.4701.25.jpg,2230,False,,,,,
TM20C,Cercle En Hetre - 20 Cm Diametre,Petite mercerie,480,,,,non,,24,true,,1849,False,,,,,
TM25C,Cercle Herte - Dia 25Cm - Milpoint,Petite mercerie,520,,,,non,,42,true,,2233,False,,,,,
RE038,Cercle Plastique Poignee Sac - Marron - 22Cm - Hoooked,Petite mercerie,1500,,Hoooked,,non,,3,true,,99999,False,,,,,
RE014,Cercle Plastique Poignee Sac - Noir - 22Cm - Hoooked,Petite mercerie,1500,,Hoooked,,non,,2,true,,99999,False,,,,,
CC3600,Chaine Pour Sac 120Cm,Petite mercerie,840,,,,non,,18,true,,546,False,,,,,
92142,Cire Pour Fil+Support Blister 1,Petite mercerie,420,,,,non,,2,true,,1970,False,,,,,
S67302,Clip Bloque Nappe X 6 - S&M,Petite mercerie,800,,,,non,,11,true,,2205,False,,,,,
89998,Clip Bretelles 18Mm Pm Blist. X2,Petite mercerie,980,,,,non,,6,true,,810,False,,,,,
89999,Clip Bretelles 25Mm Gm Blist. X2,Petite mercerie,980,,,,non,,1,true,,308,False,,,,,
M.526,Clip Pour Cordon Telephone Metal - X4 - S&M,Petite mercerie,520,,,ARGENT - 120 | OR - 100,non,ARGENT - 120:3|OR - 100:3,6,true,M.526.jpg,633,False,,,,,
98931,Coffret Couture Homme,Petite mercerie,2950,,,,non,,3,true,,99999,False,,,,,
PRY968020,Colle Anti Effilochage - 22.5Ml - Prym,Petite mercerie,1780,"Colle anti-effilochage transparente, 22,5ml - Renforce boutonnières, coutures et bords de tissu contre l'effilochage, résistante au lavage",Prym,,non,,5,true,PRY968020.jpg,99999,False,,,,,
65502,Colle Bohin,Petite mercerie,1560,"Colle textile Bohin, pour coller/fixer le tissu",Bohin,,non,,22,true,65502.webp,27,False,,,,,
CLEO.TEX1-250,"Colle Enduit ""Texti Plast"" - Cleopatre",Petite mercerie,2320,,,,non,,3,true,,1228,False,,,,,
65503,Colle Spray Temporaire - 500Ml - Bohin,Petite mercerie,2530,"Colle spray temporaire Bohin, 500ml : fixation provisoire de patrons/tissus avant couture, ne colle pas de façon définitive",Bohin,,non,,21,true,65503.jpg,1156,False,,,,,
PRY416385,Coulisse Reglage - 25 Mm X 2 - Plastique Noir,Petite mercerie,380,,,,non,,5,true,,99999,False,,,,,
610475,Couteau Chenille,Petite mercerie,2500,,,,non,,1,true,,99999,False,,,,,
611387,Couteau Rotatif 60Mm,Petite mercerie,4850,,,,non,,2,true,,99999,False,,,,,
CRAI_1,Craie Tailleur,Petite mercerie,160,,,,non,,7,true,,99999,False,,,,,
91495,Craie Tailleur + Biseautage,Petite mercerie,570,,,,non,,3,true,,799,False,,,,,
65504,Crayon Colle Bohin,Petite mercerie,840,"Crayon colle textile Bohin, pour fixer temporairement tissus, patrons ou appliqués avant couture",Bohin,,non,,23,true,65504.webp,99999,False,,,,,
65506,Crayon Colle Bohin - Recharge,Petite mercerie,360,Recharge pour crayon colle textile Bohin,Bohin,,non,,1,true,65506.webp,99999,False,,,,,
98925,"Crayon Craie "" Curiosite "" - Blanc",Petite mercerie,450,,,,non,,16,true,,1243,False,,,,,
98926,"Crayon Craie "" Curiosite "" - Noir",Petite mercerie,450,,,,non,,17,true,,2300,False,,,,,
75722,"Crayon Craie ""Blossom Lila"" - Noir",Petite mercerie,450,,,,non,,19,true,,2311,False,,,,,
90794,Crayon Craie Bi Couleur Rouge/Bleu -Bohin,Petite mercerie,520,"Crayon craie tailleur bicolore (rouge/bleu) Bohin, pour marquer le tissu",Bohin,,non,,18,true,90794.webp,516,False,,,,,
75715,"Crayon Craie X 4 - Blanc - Modele ""Sauvage"" - Bohin",Petite mercerie,450,"Lot de 4 crayons craie Bohin, blanc, pour marquer les tissus foncés",Bohin,,non,,18,true,75715.webp,786,False,,,,,
75716,"Crayon Craie X 4 - Noir - Modele ""Sauvage"" - Bohin",Petite mercerie,450,"Lot de 4 crayons craie Bohin, noir, pour marquer les tissus clairs",Bohin,,non,,23,true,75716.webp,1609,False,,,,,
91493,Crayon Porte Mine - Bohin,Petite mercerie,2380,"Porte-mine à craie Bohin, pour un marquage fin et précis du tissu",Bohin,,non,,4,true,91493.jpg,684,False,,,,,
9287639,Crochet Smyrne - Tapis - Milward,Petite mercerie,950,Crochet Smyrne Milward pour tapis au point noué,,,non,,3,true,,1868,False,,,,,
M.647.20,D Ring - 20Mm - X 2 - S&M,Petite mercerie,420,,,100 - OR,non,100 - OR:1,1,true,,1728,False,,,,,
M.647.25,D Ring - 25Mm - X 2 - S&M,Petite mercerie,410,,,100- OR | 120 - ARGENT,non,100- OR:8|120 - ARGENT:6,14,true,M.647.25.jpg,931,False,,,,,
M.647.30,D Ring X 2 - 30 Mm - S&M,Petite mercerie,410,,,100 - OR | 120 - ARGENT | 008 - BRONZE | 048 - ROSE,non,100 - OR:4|120 - ARGENT:6|008 - BRONZE:3|048 - ROSE:5,18,true,,1295,False,,,,,
M.647.40,D Ring X2 - 40Mm - S&M,Petite mercerie,430,,,100 - OR | 120 - ARGENT | 008 - BRONZE | 048 - ROSE,non,100 - OR:5|120 - ARGENT:6|008 - BRONZE:6|048 - ROSE:5,22,true,M.647.40.jpg,1144,False,,,,,
ERF.275017,Decouseur Grand Modele,Petite mercerie,470,,,,non,,25,true,,341,False,,,,,
9261431,Decouseur Milward Blanc - Gd,Petite mercerie,680,"Découseur Milward, blanc, grand modèle",,,non,,24,true,,657,False,,,,,
ERF.025544,Decouseur Petit Modele,Petite mercerie,390,,,,non,,25,true,,250,False,,,,,
PRY_651751,Des A Coudre Ergonomique - Prym,Petite mercerie,1250,"Dé à coudre ergonomique Prym, pour protéger le doigt lors de la couture à la main",Prym,TAILLE S - ORANGE | TAILLE M - MAUVE | TAILLE L - VERT | TAILLE XL  - BLEU,oui,TAILLE S - ORANGE:7|TAILLE M - MAUVE:4|TAILLE L - VERT:6|TAILLE XL  - BLEU:2,19,true,PRY_651751.jpg,130,False,,,,,
M18290,Duvet Plumes - 5 Gr - Boite,Petite mercerie,700,,,,non,,6,true,,99999,False,,,,,
OOOPS11,Ecusson A Coudre Cupcake,Petite mercerie,955,,,,non,,2,true,,99999,False,,,,,
OOOPS12,Ecusson A Coudre Oops,Petite mercerie,955,,,,non,,1,true,,1857,False,,,,,
M284,Elargisseur Pantalon Bande,Petite mercerie,700,,,,non,,6,true,,1568,False,,,,,
F125,Elastique A Bretelle,Petite mercerie,300,,,,non,,25,true,,2282,False,,,,,
PRY416655,Embout Cordon Plas. - 26X14Mm - Noir X2,Petite mercerie,860,,,,non,,3,true,,1141,False,,,,,
PRY416651,Embout Cordon Plas. 23 X9 Mm - Noir X 2,Petite mercerie,860,,,,non,,4,true,,1430,False,,,,,
PRY416681,Embout D'Arret Cordon - 35 X 15Mm - Plas. Noir X 2,Petite mercerie,600,,,,non,,1,true,,2133,False,,,,,
M698_P,Embout Lacet X Paire,Petite mercerie,200,,,,non,,13,true,,2129,False,,,,,
M698,Embouts Lacets X10 S&M,Petite mercerie,540,,,,non,,9,true,,1763,False,,,,,
81999,Enfile Aiguille Bohin,Petite mercerie,520,"Enfile-aiguille Bohin, facilite l'enfilage du fil dans le chas de l'aiguille",Bohin,,non,,44,true,81999.webp,168,False,,,,,
9136557,Enfile Aiguille Machine - Milward,Petite mercerie,1100,Enfile-aiguille pour machine à coudre Milward,,,non,,7,true,,920,False,,,,,
ERF.276403,Epaulettes Demi Lune - 13 Mm - Blanc,Petite mercerie,590,,,,non,,1,true,,1220,False,,,,,
ERF.276434,Epaulettes Raglan - 13Mm - X2 - Noir,Petite mercerie,850,,,,non,,5,true,,99999,False,,,,,
ERF.276427,Epaulettes Raglans 13Mm - X2 - Blanc,Petite mercerie,800,,,,non,,1,true,,1995,False,,,,,
38005,"Etiquette ""Made By Me"" - 20X80Mm - Rico",Petite mercerie,200,,,,non,,15,true,,99999,False,,,,,
M8914,"Etiquette A Coudre ""Fait Avec Amour"" - S&M",Petite mercerie,100,,,,non,,26,true,M8914.jpg,109,False,,,,,
M8913,"Etiquettes ""Handemade "" - S&M",Petite mercerie,100,,,,non,,389,true,M8913.jpg,183,False,,,,,
ETI_IKATEE,Etiquettes Tissees A Coudre - Ikatee,Petite mercerie,250,,,,non,,182,true,,145,False,,,,,
6140,Etui Magentique Pour Aiguilles Couture -Dmc,Petite mercerie,1200,,DMC,,non,,1,true,,1211,False,,,,,
90460,Extensions Bouton,Petite mercerie,1000,,,,non,,5,true,,648,False,,,,,
98511,Fermeture Cartable Argent,Petite mercerie,600,,,,non,,4,true,,1192,False,,,,,
PRY615244,Fermoir A Cliquet - 30 Cm - Metal,Petite mercerie,1800,,,,non,,1,true,,99999,False,,,,,
98523,Fermoir Arondie Sac N°2 - 20 Cm - Bronze - Bohin,Petite mercerie,1750,"Fermoir de sac Bohin 20cm, coloris bronze",Bohin,,non,,6,true,98523.jpg,99999,False,,,,,
98521,Fermoir Arrondi Porte Monnaie - N°1 - 8 Cm - Bronze - Bohin,Petite mercerie,1200,"Fermoir de porte-monnaie Bohin 8cm, coloris bronze",Bohin,,non,,3,true,98521.webp,99999,False,,,,,
U2368,Fermoir Bois Sac Magnetique - 20 X 8 Cm - Dmc,Petite mercerie,2250,,DMC,FONCE | NATUREL,non,FONCE:3|NATUREL:3,6,true,U2368.webp,99999,False,,,,,
BOC_16,Fermoir Cartable,Petite mercerie,450,,,,non,,124,true,,2021,False,,,,,
98512,Fermoir Cartable Bronze 27Mm,Petite mercerie,600,,,,non,,11,true,,2139,False,,,,,
CC.3004.30,Fermoir Griffe Pour Ceinture - 30Mm - Care&Create,Petite mercerie,300,,,NOIR - NB | OR - GD | ARGENT - NK,oui,NOIR - NB:5|OR - GD:10|ARGENT - NK:2,17,true,CC.3004.30.jpg,99999,False,,,,,
CC.3004.20,Fermoir Griffes Pour Ceinture - 20Mm - Care&Create,Petite mercerie,270,,,OR - GD | ARGENT - NK | NOIR - NB,oui,OR - GD:5|ARGENT - NK:2|NOIR - NB:2,9,true,CC.3004.20.jpg,99999,False,,,,,
98519,Fermoir Sac Carre N°11 - 8Cm - Argent - Bohin,Petite mercerie,810,"Fermoir de sac Bohin 8cm, coloris argent",Bohin,,non,,3,true,98519.webp,1984,False,,,,,
98543,Fermoir Tourniquet Argent Blist 1,Petite mercerie,720,,,,non,,7,true,,99999,False,,,,,
98544,Fermoir Tourniquet Bronze Blist 1,Petite mercerie,820,,,,non,,10,true,,99999,False,,,,,
98525,Fermoire Carre Sac N°8 - 16Cm - Bronze - Bohin,Petite mercerie,1650,"Fermoir de sac Bohin 16cm, coloris bronze",Bohin,,non,,5,true,98525.webp,99999,False,,,,,
M9213,Fermoire Mousqueton Bijou - *10 - S&M,Petite mercerie,600,,,100 - OR | 110 - ARGENT,non,100 - OR:9|110 - ARGENT:7,16,true,M9213.jpg,1190,False,,,,,
91782,Feutre Effacable,Petite mercerie,1020,,,,non,,5,true,,1299,False,,,,,
91785,Feutre Effacable Eau - P.Fine - Bleu - Bohin,Petite mercerie,1000,"Feutre effaçable à l'eau Bohin, pointe fine, marquage temporaire qui disparaît au lavage/à l'humidité",Bohin,,non,,21,true,91785.webp,337,False,,,,,
91797,Feutre Textiles Noir,Petite mercerie,1280,,,,non,,34,true,,636,False,,,,,
99025,Filet Repassage / Pattemouille - 49*34Cm - Bohin,Petite mercerie,990,"Pattemouille (filet de repassage) Bohin, 49x34cm : protège le tissu de la chaleur directe du fer",Bohin,,non,,4,true,99025.webp,1842,False,,,,,
PRY615939,"Fond De Sac ""Caroline "" Simili Moutarde 32 X 12 X 6 Cm",Petite mercerie,2420,,,,non,,1,true,,99999,False,,,,,
61594,"Fond De Sac ""Liv"" Paille - Prym",Petite mercerie,2810,"Fond de sac en paille, modèle Liv, pour renforcer la base d'un sac tricoté ou crocheté",Prym,,non,,3,true,61594.jpg,99999,False,,,,,
MA123,Fond De Sac Simili - Hoooked,Petite mercerie,2020,"Fond de sac en simili cuir, pour renforcer la base d'un sac tricoté ou crocheté",Hoooked,,non,,3,true,MA123.jpg,576,False,,,,,
PRY615940,"Fond Sac ""Caroline "" Simili - Bleu - 32X12X6Cm",Petite mercerie,2420,,,,non,,1,true,,99999,False,,,,,
RE070,Forme Coeur X 3 -Pour Macrame - Hoooked,Petite mercerie,2050,"Lot de 3 formes cœur en bois, pour suspensions et décorations macramé",Hoooked,,non,,5,true,RE070.png,99999,False,,,,,
RE072,Forme Etoile X 3 -Pour Macrame - Hoooked,Petite mercerie,2050,"Lot de 3 formes étoile en bois, pour suspensions et décorations macramé",Hoooked,,non,,3,true,RE072.png,99999,False,,,,,
RE071,Forme Lune X 3 -Pour Macrame - Hoooked,Petite mercerie,2050,"Lot de 3 formes lune en bois, pour suspensions et décorations macramé",Hoooked,,non,,3,true,RE071.png,99999,False,,,,,
RE075,Forme Nuage Pour Macrame - 20 Cm - Hoooked,Petite mercerie,2050,"Forme nuage en bois, 20cm, pour suspension murale macramé",Hoooked,,non,,1,true,,1555,False,,,,,
PRY611700,Fourche Dentelle - 20- 100 Mm,Petite mercerie,1430,,,,non,,2,true,,99999,False,,,,,
OD.45067,Gel Paillete Tissus - Odif - Ambre - 70Ml,Petite mercerie,1150,,,,non,,3,true,,99999,False,,,,,
OD.45073,Gel Paillete Tissus - Odif - Argent - 70Ml,Petite mercerie,1150,,,,non,,3,true,,99999,False,,,,,
OD.45074,Gel Paillete Tissus - Odif - Onyx - 70Ml,Petite mercerie,1150,,,,non,,3,true,,99999,False,,,,,
OD.45068,Gel Paillete Tissus - Odif - Or - 70Ml,Petite mercerie,1150,,,,non,,2,true,,99999,False,,,,,
OD.45122,Gel Paillete Tissus - Odif - Rose Des Sables - 70Ml,Petite mercerie,1150,,,,non,,3,true,,99999,False,,,,,
OD.45139,Gel Paillete Tissus - Odif - Rose Gold - 70Ml,Petite mercerie,1150,,,,non,,3,true,,99999,False,,,,,
OD.45066,Gel Paillete Tissus - Odif - Ruby - 70Ml,Petite mercerie,1150,,,,non,,2,true,,99999,False,,,,,
62542,Guide Couture Patchwork 6X6Mm - 20Cm - Bohin,Petite mercerie,1070,"Guide de couture patchwork Bohin, quadrillage 6x6mm, 20cm, pour des marges de couture précises",Bohin,,non,,7,true,62542.webp,943,False,,,,,
9138571,Guide De Couture - Machine A Coudre - Couture Volumineuse - Milward,Petite mercerie,650,"Guide de couture pour machine à coudre Milward, spécial coutures volumineuses",,,non,,5,true,,99999,False,,,,,
M66,Guide Magnetique - Machine A Coudre - S&M,Petite mercerie,930,,,,non,,4,true,,1362,False,,,,,
ERF.274614,Huile Machine,Petite mercerie,410,,,,non,,8,true,,1085,False,,,,,
M441,Huile Machine S&M,Petite mercerie,815,,,,non,,5,true,M441.jpg,775,False,,,,,
62541,Jauge Bohin,Petite mercerie,990,"Jauge de couture Bohin, pour mesurer ourlets et espacer régulièrement plis/boutons",Bohin,,non,,5,true,62541.webp,99999,False,,,,,
65511,Jauge Extensible Boutonnieres - Bohin,Petite mercerie,3450,"Jauge extensible Bohin, pour espacer régulièrement les boutonnières",Bohin,,non,,3,true,65511.jpg,884,False,,,,,
PRY673134,Jeu De Pose Pour Pression A Griffe - Prym 8 Et 10 Mm,Petite mercerie,1090,"Jeu de pose pour boutons pression à griffe Ø8 et 10mm, compatible pince Vario",Prym,,non,,5,true,PRY673134.jpg,99999,False,,,,,
71996,Jeux De Pose Oeillets Bohin,Petite mercerie,150,Jeu d'outils Bohin pour la pose d'œillets,Bohin,,non,,8,true,,99999,False,,,,,
72094,Jeux De Pose Pression Bohin,Petite mercerie,670,Jeu d'outils Bohin pour la pose de boutons pression sur boutons pression,Bohin,,non,,2,true,,99999,False,,,,,
MPP2.NOEL,Kit Couture - Guirlande Feutrine - Noel,Petite mercerie,1900,,,,non,,4,true,,99999,False,,,,,
TK05A,Kit Couture - Oiseau/ Abeille / Fraise 9X14X2.5,Petite mercerie,3750,,,,non,,2,true,,198,False,,,,,
MPP2.001,Kit Couture Bavoir - Mon Petit Patron,Petite mercerie,2100,,,,non,,1,true,,99999,False,,,,,
MPP2.008,Kit De Couture - Jeu Du Morpion,Petite mercerie,700,,,,non,,3,true,,99999,False,,,,,
91350,Kit Entretien Bohin,Petite mercerie,1050,Kit d'entretien/nettoyage Bohin pour machine à coudre,Bohin,,non,,5,true,,1778,False,,,,,
91351,Kit Nettoyage Machine - Bohin,Petite mercerie,1450,Kit d'entretien/nettoyage Bohin pour machine à coudre,Bohin,,non,,6,true,91351.webp,1037,False,,,,,
9442974,Kit Pince Interchangeable - 5 En 1 - X 100 Jeux De Boutons - Milward,Petite mercerie,8850,Kit pince interchangeable 5-en-1 Milward avec 100 jeux de boutons pression,,,non,,1,true,9442974.jpg,99999,False,,,,,
PRY611367,Lame De Recharge Cranter - Couteau Rotatif 45Mm - Prym,Petite mercerie,2530,"Lame de rechange à cranter Ø45mm pour couteau rotatif Prym Ergonomics, acier inoxydable, protège-lame inclus",Prym,,non,,2,true,PRY611367.jpg,99999,False,,,,,
CFPL30,Lampe De Cou Rechargeable Usb,Petite mercerie,3900,,,,non,,3,true,,476,False,,,,,
CFPL8289E,Lampe Loupe De Table Purelite,Petite mercerie,6150,,,,non,,1,true,CFPL8289E.jpg,522,False,,,,,
CFPL34,Lampe Loupe Led A Pince,Petite mercerie,3980,,,,non,,2,true,,800,False,,,,,
NL_10,Lampe Main Libres Tour De Cou - Dual Light,Petite mercerie,4520,,,,non,,2,true,,99999,False,,,,,
MA181,Lannier Sac 40Cm - Simili Chocolat - Hoooked,Petite mercerie,1500,,Hoooked,,non,,2,true,,99999,True,,,,,
MA120,Lanniere Sac 40 Cm - Smili Cappuccino - Hoooked,Petite mercerie,1500,,Hoooked,,non,,2,true,,99999,True,,,,,
AM001,Lot Perle Bois - Macarame X3 - Hoooked,Petite mercerie,300,"Lot de 3 perles en bois, pour finitions de créations macramé",Hoooked,,non,,2,true,AM001.jpg,2140,False,,,,,
ERF.122441,Loupe Broderie,Petite mercerie,1890,,,,non,,5,true,,1354,False,,,,,
M9248,Marqueur De Rang Plastique - X20 - S&M,Petite mercerie,500,,,,non,,54,true,M9248.jpg,85,False,,,,,
9297752,Marqueur Permament Textile - Noir - Milward,Petite mercerie,600,"Marqueur permanent textile Milward, pointe large, noir",,,non,,12,true,,1389,False,,,,,
9297769,Marqueur Permanent Pointe Fine - Noir - Milward,Petite mercerie,750,"Marqueur permanent textile Milward, pointe fine, noir",,,non,,18,true,,405,False,,,,,
M9247,Marqueurs De Rang Metal - X 40 - S&M,Petite mercerie,500,,,,non,,112,true,M9247.jpg,237,False,,,,,
9484497,Martingale - Elastique - Noir - Milward,Petite mercerie,800,"Martingale élastique Milward, noir - Pour ajuster un tour de taille",,,non,,5,true,,568,False,,,,,
PRY673117,Matrice A Retirer Pression Plastique - Prym,Petite mercerie,1100,Matrice pour retirer les boutons pression plastique - Accessoire du système de pose sans couture Prym,Prym,,non,,1,true,,99999,False,,,,,
673115,Matrice Rechange Ø12.4 - Prince Pression Prym,Petite mercerie,950,"Matrice de rechange Ø12,4mm pour pince à pression Prym",Prym,,non,,2,true,673115.jpg,1862,False,,,,,
673116,Matrice Rechange Ø9 - Pince Pression Prym,Petite mercerie,900,Matrice de rechange Ø9mm pour pince à pression Prym,Prym,,non,,1,true,673116.jpg,1902,False,,,,,
62540,Mesure Ourlet,Petite mercerie,850,,,,non,,3,true,,99999,False,,,,,
PTM_41,Metier À Tisser Dmc,Petite mercerie,1200,,DMC,,non,,6,true,,99999,False,,,,,
22399,Metre Ruban - 150 Cm - Bohin,Petite mercerie,850,"Mètre ruban de couture Bohin, 150cm",Bohin,,non,,47,true,22399.webp,59,False,,,,,
91910,Metre Ruban Extra-Long 3M Bli.X1,Petite mercerie,750,,,,non,,4,true,,407,False,,,,,
PRY611915,Mini Fer A Repasser Vapeur,Petite mercerie,6850,,,,non,,1,true,PRY611915.jpg,86,False,,,,,
M6929,Mouchoirs 100% Coton - 5Pièces - S&M,Petite mercerie,2500,,,,non,,1,true,M6929.jpg,234,False,,,,,
CC3007.30,Mousqueton - X 2 - 30 Mm - Care & Create,Petite mercerie,870,,,GD - GOLD | NK - ARGENT | NB - NOIR,oui,GD - GOLD:10|NK - ARGENT:1|NB - NOIR:8,19,true,CC3007.30.jpg,450,False,,,,,
CC3007.15,Mousqueton - X2 - 15 Mm - Care&Create,Petite mercerie,550,,,GD  - GOLD | NB - NOIR | NK - ARGENT,oui,GD  - GOLD:7|NB - NOIR:4|NK - ARGENT:2,13,true,CC3007.15.jpg,1469,False,,,,,
CC3007.40,Mousqueton 40Mm X2 - Distrifil - Care&Create,Petite mercerie,950,,,GD - GOLD | NK - ARGENT | NB - NOIR,oui,GD - GOLD:6|NK - ARGENT:15|NB - NOIR:5,26,true,CC3007.40.jpg,1858,False,,,,,
90430,Mousqueton Argent - 35Mm X2 - Bohin,Petite mercerie,920,"Mousqueton Bohin 35mm, coloris argent x2, pour anses de sac et accessoires",Bohin,,non,,8,true,,1376,False,,,,,
90438,Mousqueton Argent Gm - 45Mm - Bohin,Petite mercerie,1400,"Mousqueton Bohin 45mm grand modèle, coloris argent, pour anses de sac et accessoires",Bohin,,non,,10,true,90438.webp,99999,False,,,,,
90432,Mousqueton Bronze - 35Mm X2 - Bohin,Petite mercerie,920,"Mousqueton Bohin 35mm, coloris bronze x2, pour anses de sac et accessoires",Bohin,,non,,7,true,,1373,False,,,,,
90440,Mousqueton Bronze - Gm - 45 Mm - Bohin,Petite mercerie,1400,"Mousqueton Bohin 45mm grand modèle, coloris bronze, pour anses de sac et accessoires",Bohin,,non,,9,true,90440.webp,99999,False,,,,,
M50125,Mousqueton Coeur Sac - S&M,Petite mercerie,1050,,,,non,,11,true,,99999,False,,,,,
90436,Mousqueton Dore - 35Mm X2 - Bohin,Petite mercerie,920,"Mousqueton Bohin 35mm, coloris dore x2, pour anses de sac et accessoires",Bohin,,non,,7,true,,1375,False,,,,,
MUSKSILVER,Mousqueton Nickel - 3.5 Cm X 2 -Hoooked,Petite mercerie,680,"Mousqueton coloris nickel, 3,5 x 2cm, pour anses de sac et accessoires",Hoooked,,non,,6,true,MUSKSILVER.jpg,99999,False,,,,,
H453.25,Mousqueton Pour Sangle 25Mm,Petite mercerie,260,,,,non,,3,true,,99999,False,,,,,
M.646.25,Mousqueton Sangle - 25Mm - X2 - S&M,Petite mercerie,780,,,100 - GOLD | 110 - ARGENT | 008 - BRONZE,non,100 - GOLD:5|110 - ARGENT:8|008 - BRONZE:6,19,true,M.646.25.jpg,849,False,,,,,
M.646.30,Mousqueton Sangle - 30Mm - X2 - S&M,Petite mercerie,900,,,100- GOLD | 110 - ARGENT | 008 - BRONZE,non,100- GOLD:4|110 - ARGENT:6|008 - BRONZE:4,14,true,M.646.30.jpg,719,False,,,,,
H453.32,Mousqueton Sangle 32Mm,Petite mercerie,290,,,,non,,4,true,,99999,False,,,,,
M.646.01,Mousqueton Sangle 7/9 Mm - X2 - S&M,Petite mercerie,700,,,048 - ROSE,non,048 - ROSE:3,3,true,M.646.01.jpg,481,False,,,,,
90445,Mousquetons Bohin - Argent X2,Petite mercerie,1000,"Mousqueton Bohin, coloris argent x2, pour anses de sac et accessoires",Bohin,,non,,17,true,,1316,False,,,,,
90447,Mousquetons Bohin - Bronze,Petite mercerie,1000,"Mousqueton Bohin, coloris bronze, pour anses de sac et accessoires",Bohin,,non,,9,true,,1356,False,,,,,
90442,Mousquetons Bohin - Dore 45 Mm,Petite mercerie,1400,"Mousqueton Bohin 45mm, coloris dore, pour anses de sac et accessoires",Bohin,,non,,8,true,90442.webp,1069,False,,,,,
90448,Mousquetons Bohin - Dore X2,Petite mercerie,1100,"Mousqueton Bohin, coloris dore x2, pour anses de sac et accessoires",Bohin,,non,,6,true,,99999,False,,,,,
M399,"Mètre Enrouleur Fantaisie 1,5M/Plv",Petite mercerie,800,,,,non,,25,true,,223,False,,,,,
91790,Necessaire A Marquer,Petite mercerie,1020,,,,non,,24,true,,133,False,,,,,
91799,Necessaire A Marquer 4M Bli,Petite mercerie,1100,,,,non,,5,true,,721,False,,,,,
PRY417110,Necessaire A Porte Cle - 25 Mm - Metal,Petite mercerie,660,,,,non,,5,true,,99999,False,,,,,
CF134,Nez De Securite Pour Jouet - Chat - 12Mm,Petite mercerie,50,,,,non,,108,true,,2220,False,,,,,
OD.45051,Odif - Fabric Booster - Ridifis Tissus - 200Ml,Petite mercerie,1300,,,,non,,6,true,,813,False,,,,,
71908,Oeillet + Rondelle - Bronze - 4Mm X 25 +Jeu,Petite mercerie,960,,,,non,,9,true,,99999,False,,,,,
71906,Oeillet + Rondelle - Dore - 4Mm - X25+ Jeu,Petite mercerie,960,,,,non,,9,true,,99999,False,,,,,
71953,Oeillets - 11Mm - Dore X 10 + Jeu,Petite mercerie,1750,,,,non,,5,true,,869,False,,,,,
71991,Oeillets 11Mm + Rondelle - Dore X100 + Jeu Pose - Bohin,Petite mercerie,6850,"Œillet(s) Bohin 11mm avec rondelle, coloris dore, lot de 100 et jeu de pose",Bohin,,non,,1,true,,99999,False,,,,,
71990,Oeillets 11Mm + Rondelle - Nickel X100 + Jeu Pose - Bohin,Petite mercerie,6850,"Œillet(s) Bohin 11mm avec rondelle, coloris nickel, lot de 100 et jeu de pose",Bohin,,non,,1,true,,99999,False,,,,,
71993,Oeillets 14Mm + Rondelle - Dore X100 + Jeu Pose - Bohin,Petite mercerie,8550,"Œillet(s) Bohin 14mm avec rondelle, coloris dore, lot de 100 et jeu de pose",Bohin,,non,,1,true,,99999,False,,,,,
71992,Oeillets 14Mm + Rondelle - Nickel X100 + Jeu Pose - Bohin,Petite mercerie,8550,"Œillet(s) Bohin 14mm avec rondelle, coloris nickel, lot de 100 et jeu de pose",Bohin,,non,,1,true,,99999,False,,,,,
71960,Oeillets 14Mm Argentes,Petite mercerie,2450,,,,non,,11,true,,1183,False,,,,,
71963,Oeillets 14Mm Dores,Petite mercerie,2450,,,,non,,10,true,,1182,False,,,,,
71944,Oeillets 8Mm + Rondelle Dore X 20 + Jeu Pose - Bohin,Petite mercerie,1350,"Œillet(s) Bohin 8mm avec rondelle, coloris dore, lot de 20 et jeu de pose",Bohin,,non,,6,true,71944.webp,783,False,,,,,
71945,Oeillets 8Mm + Rondelle Nickel X 20 + Jeu Pose - Bohin,Petite mercerie,1350,"Œillet(s) Bohin 8mm avec rondelle, coloris nickel, lot de 20 et jeu de pose",Bohin,,non,,12,true,,782,False,,,,,
71943,Oeillets Bohin,Petite mercerie,1020,"Œillet(s) Bohin, coloris assorti",Bohin,,non,,4,true,,99999,False,,,,,
71932,Oeillets Bohin,Petite mercerie,720,"Œillet(s) Bohin, coloris assorti",Bohin,,non,,1,true,,99999,False,,,,,
71930,Oeillets Bohin,Petite mercerie,540,"Œillet(s) Bohin, coloris assorti",Bohin,,non,,27,true,,99999,False,,,,,
71950,Oeillets Bohin - 11Mm Nickel,Petite mercerie,1750,"Œillet(s) Bohin 11mm, coloris nickel",Bohin,,non,,12,true,71950.webp,1416,False,,,,,
71922,Oeillets Bohin - 6Mm - Bronze - 20Ex + Jeu Pose,Petite mercerie,1200,"Œillet(s) Bohin 6mm, coloris bronze et jeu de pose",Bohin,,non,,5,true,,99999,False,,,,,
71910,Oeillets Bohin - Argent - 4 Mm,Petite mercerie,850,"Œillet(s) Bohin 4mm, coloris argent",Bohin,,non,,3,true,,1957,False,,,,,
71920,Oeillets Bohin - Argent - 6Mm - 20Ex + Jeu Pose,Petite mercerie,1200,"Œillet(s) Bohin 6mm, coloris argent et jeu de pose",Bohin,,non,,11,true,71920.webp,677,False,,,,,
71915,Oeillets Bohin - Blanc - 4Mm,Petite mercerie,540,"Œillet(s) Bohin 4mm, coloris blanc",Bohin,,non,,53,true,,99999,False,,,,,
71912,Oeillets Bohin - Bronze - 4Mm - 25 Ex + Jeu Pose,Petite mercerie,900,"Œillet(s) Bohin 4mm, coloris bronze et jeu de pose",Bohin,,non,,8,true,,99999,False,,,,,
71913,Oeillets Bohin - Dore - 4Mm,Petite mercerie,540,"Œillet(s) Bohin 4mm, coloris dore",Bohin,,non,,5,true,,1185,False,,,,,
71923,Oeillets Bohin - Dore - 6Mm,Petite mercerie,1200,"Œillet(s) Bohin 6mm, coloris dore",Bohin,,non,,4,true,,1681,False,,,,,
75389,Oeuf A Repriser Bois - Bohin,Petite mercerie,700,"Œuf à repriser en bois Bohin, pour repriser chaussettes et textiles plus facilement",Bohin,,non,,6,true,,99999,False,,,,,
U2121,Ouate De Rembourage 300 G - Dmc,Petite mercerie,1800,,DMC,,non,,11,true,,595,False,,,,,
RTF,Ouate Rembourrage - Polyester Recycle - 250G,Petite mercerie,1500,,,,non,,11,true,RTF.jpg,53,False,,,,,
PRY673125,"Outil A Percer - Pince Vario - Prym - 3, 4, 8 Mm",Petite mercerie,1450,"Outil à percer pour pince Vario - Perce des trous de 3, 4 ou 8mm de diamètre selon l'embout choisi",Prym,,non,,2,true,PRY673125.jpg,99999,False,,,,,
CL8900,Outil De Feutrage - Aiguille - Clover,Petite mercerie,2810,,,,non,,1,true,,99999,False,,,,,
9408162,Outil De Pose - Pression Type B - Anorak - Milward,Petite mercerie,1150,Outil de pose pour boutons pression type B (anorak) Milward,,,non,,5,true,,99999,False,,,,,
9406117,Outil De Pose Bouton Pression Type C &D - Milward,Petite mercerie,815,Outil de pose pour boutons pression types C et D Milward,,,non,,3,true,,1476,False,,,,,
ERF.276526,Outil De Pose Oeillet - 10Mm - Distrifl,Petite mercerie,1100,,,,non,,5,true,,99999,False,,,,,
9439865,Outil De Pose Oeillet - 14 Mm - Milward,Petite mercerie,1150,Outil de pose pour œillets 14mm Milward,,,non,,4,true,,1723,False,,,,,
ERF.276519,Outil De Pose Oeillet 8Mm - Distrifl,Petite mercerie,1000,,,,non,,5,true,,99999,False,,,,,
9258417,Outil Mesure - Couture Ou Tricot 3 Fonctions - Milward,Petite mercerie,715,Jauge de mesure couture/tricot 3 fonctions Milward,,,non,,4,true,,2047,False,,,,,
ERF.275536,Outil Pose Bouton A Griffe,Petite mercerie,250,,,,non,,5,true,,2469,False,,,,,
PRY673127,Outil Pour Oeillets 11 + 14Mm - Creative Tool - Prym,Petite mercerie,1800,"Jeu d'outils pour œillets Ø11 et 14mm, compatible pince Vario et Vario Creative Tool - Avec rondelles et instructions",Prym,,non,,2,true,PRY673127.jpg,99999,False,,,,,
PRY673128,Outil Pour Rivet 7.5 + 9Mm - Prym,Petite mercerie,1650,"Jeu d'outils pour rivets Ø7.5 et 9mm, compatible pince Vario et Vario Creative Tool",Prym,,non,,2,true,PRY673128.jpg,99999,False,,,,,
PRY673137,"Outil Préperçage Vario 'Creative Tool' : 2,5 À 4Mm - Prym",Petite mercerie,1560,"Outils préperçage pour Vario Creative Tool, diamètres 2,5 à 4mm - Pour percer avant pose d'œillets, rivets ou boutons pression",Prym,,non,,2,true,PRY673137.jpg,99999,False,,,,,
M.19082,Pack *20 Fils Chenille - 30 Cm - S&M,Petite mercerie,510,,,519 - ROUGE | 523 - ORANGE | 536 - VERT | 570 - MARRON | 580 - NOIR | 919 - MARINE,non,519 - ROUGE:6|523 - ORANGE:6|536 - VERT:1|570 - MARRON:5|580 - NOIR:4|919 - MARINE:3,24,true,,239,False,,,,,
542486,Pack Oeillet 4Mm - Dore - X500 - Prym,Petite mercerie,11850,"Œillets dorés 4mm, x500 - Pose avec pince Vario ou Vario Creative Tool",Prym,,non,,1,true,542486.jpg,99999,False,,,,,
542487,Pack Oeillet Bruni - 4Mm -X500 - Prym,Petite mercerie,11850,"Œillets bruni 4mm, x500 - Pose avec pince Vario ou Vario Creative Tool",Prym,,non,,1,true,542487.jpg,99999,False,,,,,
U2370,Paire Anse Sac - Bois - Triangle - 14.5 X 12.5 Cm - Dmc,Petite mercerie,1650,,DMC,FONCE,non,FONCE:1,1,true,,200,False,,,,,
M212,Paire Attache Lunette - S&M,Petite mercerie,50,,,,non,,7,true,,99999,False,,,,,
H750,Papier Calque 3 Feuilles 76X102Cm,Petite mercerie,1200,,,,non,,1,true,,535,False,,,,,
9753531,Papier Carbone - 23 X 28 Cm X 5,Petite mercerie,1020,,,,non,,8,true,,639,False,,,,,
H751,Papier Patron Quadrielle 87 X 61Cm - X3,Petite mercerie,1500,,,,non,,9,true,,99999,False,,,,,
ERF.274959,Passe Lacet X2 - Sew Easy,Petite mercerie,410,,,,non,,5,true,,99999,False,,,,,
98516,Patin Sac + Rondelle - 15Mm - Dore X4 - Bohin,Petite mercerie,430,"Patins de sac (pieds protecteurs) Bohin avec rondelles, 15mm, doré, lot de 4",Bohin,,non,,1,true,,99999,False,,,,,
98514,Patin Sac + Rondelle - Argent - Blister 4,Petite mercerie,430,,,,non,,3,true,,1434,False,,,,,
CC3001,Patins Pour Sac 15Mm,Petite mercerie,410,,,,non,,4,true,,2326,False,,,,,
B6044,Patron Burda - Doudou Baleine,Petite mercerie,3200,"Patron de couture Burda ""Doudou Baleine"" : patron pour réaliser un doudou en forme de baleine",,,non,,1,true,,99999,False,,,,,
B6719,Patron Burda -Pantalon Homme,Petite mercerie,3200,"Patron de couture Burda ""Pantalon Homme""",,,non,,1,true,,952,False,,,,,
PATRON_IKA,Patron Couture - Ikatee,Petite mercerie,3200,,,,non,,56,true,,47,False,,,,,
CG86915,Patron Couture Generale - Baggy Mais Pas Trop,Petite mercerie,3200,,,,non,,2,true,,99999,False,,,,,
CG100086,Patron Couture Generale - Caftan Sur Rivage,Petite mercerie,3200,,,,non,,1,true,,99999,False,,,,,
CG100088,Patron Couture Generale - Robe A L'Italienne,Petite mercerie,3200,,,,non,,1,true,,949,False,,,,,
CG103824,Patron Couture Generale - Robe In The Air,Petite mercerie,3200,,,,non,,1,true,,99999,False,,,,,
CG116021,Patron Couture Generale - Robe Initiale Bb,Petite mercerie,3200,,,,non,,2,true,,99999,False,,,,,
PATRON_WISSIEW,Patron Couture Wissiew,Petite mercerie,3500,,,,non,,12,true,,472,False,,,,,
PATRON_FABRICARTEM,Patron Fabricartem Coutur -36 Au 46,Petite mercerie,3200,,,PANTALON FULL SEOUL | JUPE FULL CADIX | JUPE MELROSE | ROBE CHAMPETRE,non,PANTALON FULL SEOUL:1|JUPE FULL CADIX:2|JUPE MELROSE:2|ROBE CHAMPETRE:2,7,true,,230,False,,,,,
PATRON_FAUVE,Patron Maison Fauve,Petite mercerie,3200,,,,non,,8,true,,503,False,,,,,
NL6546,Patron New Look - Ensemble Pour Dame,Petite mercerie,3200,,,,non,,1,true,,99999,False,,,,,
9890088,Peigne Anti Peluches - Plastique - Milward,Petite mercerie,750,Peigne anti-peluches plastique Milward,,,non,,3,true,,1589,False,,,,,
9893118,Perforatrice Cuir De 2.5 À 5Mm - Milward,Petite mercerie,2980,"Perforatrice à cuir Milward, réglable de 2,5 à 5mm",,,non,,3,true,,538,False,,,,,
K6000,Perles Rondes Silicone 15 Mm - Bleu - X9 - Bohin,Petite mercerie,800,"Lot de 9 perles rondes en silicone Bohin, 15mm, coloris assorti, pour attaches-tétines et jouets bébé",Bohin,,non,,2,true,,99999,False,,,,,
M60,Pied Biche A Double Entrainement - S&M,Petite mercerie,3540,,,,non,,1,true,,99999,False,,,,,
M61,Pied Biche Biais - S&M,Petite mercerie,1950,,,,non,,6,true,M61.jpg,811,False,,,,,
M54,Pied Biche Boutonniere,Petite mercerie,750,,,,non,,5,true,,99999,False,,,,,
M58,Pied Biche Fronceur Pour Machine,Petite mercerie,780,,,,non,,2,true,,2018,False,,,,,
M63,Pied Biche Presseur A Rouleaux - S&M,Petite mercerie,1020,,,,non,,3,true,,99999,False,,,,,
M59,Pied Biche Reprissage + Broderie - S&M,Petite mercerie,800,,,,non,,6,true,,1486,False,,,,,
M55,Pied De Biche - Point Droit - S&M,Petite mercerie,670,,,,non,,4,true,,99999,False,,,,,
91355,Pied De Biche Bohin - Fermeture Invisible,Petite mercerie,880,"Pied-de-biche spécial fermeture invisible Bohin, pour machine à coudre",Bohin,,non,,5,true,,99999,False,,,,,
91354,Pied De Biche Bohin - Universel,Petite mercerie,1200,"Pied-de-biche universel Bohin, pour machine à coudre",Bohin,,non,,5,true,,1679,False,,,,,
M70,Pied De Biche Ourlet - 4Mm - S&M,Petite mercerie,1100,,,,non,,5,true,M70.jpg,642,False,,,,,
M71,Pied De Biche Ourlet - 6 Mm - S&M,Petite mercerie,1100,,,,non,,2,true,M71.jpg,523,False,,,,,
M69,Pied De Biche Pour Ourlet - 3Mm - S&M,Petite mercerie,850,,,,non,,2,true,M69.jpg,898,False,,,,,
98975,Pied De Biche Teflon Machine A Coudre Bohin,Petite mercerie,1550,"Pied-de-biche Téflon Bohin : glisse sans accrocher sur cuir, simili et tissus enduits, pour machine à coudre",Bohin,,non,,3,true,98975.webp,980,False,,,,,
98974,Pied De Biche Teflon Machine A Coudre Bohin (A Visser),Petite mercerie,1550,"Pied-de-biche Téflon Bohin : glisse sans accrocher sur cuir, simili et tissus enduits, pour machine à coudre",Bohin,,non,,6,true,98974.webp,99999,False,,,,,
98976,Pied Presseur Machine A Coudre Bohin,Petite mercerie,1870,Pied presseur Bohin pour machine à coudre,Bohin,,non,,3,true,98976.jpg,99999,False,,,,,
PRY390900,Pince A Rivet - 3 / 4 Mm - Prym,Petite mercerie,3650,"Pince Vario à percer et river : pose sans fil ni aiguille des boutons pression, œillets et rivets sur textile ou cuir - Perçage réglable 3 ou 4mm",Prym,,non,,2,true,PRY390900.jpg,916,False,,,,,
M450,Pince A Trous - Cuire - 2 À 4.5 Mm - S&M,Petite mercerie,3500,,,,non,,1,true,,99999,False,,,,,
ERF.275604,Pince Bouton A Griffe Metal,Petite mercerie,2420,,,,non,,1,true,,99999,False,,,,,
72099,Pince Bouton Griffes 12 &14 Mm - Bohin,Petite mercerie,2450,"Pince pour boutons à griffe Bohin, 12 et 14mm",Bohin,,non,,2,true,72099.jpg,99999,False,,,,,
M593,Pince Bouton Pression / Oeillet - S&M,Petite mercerie,3430,,,,non,,3,true,M593.jpg,974,False,,,,,
9141595,Pince De Precision - Milward,Petite mercerie,750,"Pince de précision Milward, pour petits travaux de couture et bijouterie",,,non,,4,true,,2030,False,,,,,
M587,Pince Universelle Pression Plastique - S&M,Petite mercerie,2750,,,,non,,3,true,,99999,False,,,,,
PRY390903,Pince Vario Creative Tool - Oeillets Et Rivets - Prym,Petite mercerie,11700,"Pince Vario Creative Tool : outil pour poser œillets et rivets sans couture, poignée ergonomique - Compatible avec toute la gamme d'outils sans couture Prym",Prym,,non,,1,true,PRY390903.jpg,99999,False,,,,,
M686,Pinces Cheveux Croco 45 Mm *10 - S&M,Petite mercerie,560,,,,non,,2,true,,1478,False,,,,,
75385,Pinces Magiques Bleu Blanc Rouge X10,Petite mercerie,500,,,,non,,31,true,,408,False,,,,,
75391,Pinces Magiques Bohin X 10 Gm,Petite mercerie,600,"Lot de 10 pinces magiques Bohin, grand modèle : alternative aux épingles, maintient le tissu sans le trouer",Bohin,,non,,13,true,,1195,False,,,,,
98578,Pins A Customiser - 12Mm Blist 3,Petite mercerie,700,,,,non,,3,true,,1064,False,,,,,
NCL.594,Pochette A Aiguille (Vide) - 2.5X9.5X9 Cm - Couture,Petite mercerie,1850,,,,non,,1,true,,1369,False,,,,,
TK06,Pochette Ac Accesoires Couture 1.5X16.5X8 Cm - Motifs,Petite mercerie,2540,,,647 - ANIMAUX,non,647 - ANIMAUX:2,2,true,,99999,False,,,,,
NCL.638,Pochette Aiguille(Vide) - 2.5X9.5X9 Cm - Couture,Petite mercerie,1850,,,,non,,1,true,,1461,False,,,,,
HG4709.664,Pochette Crochets - Aiguille Interchangeables 2X17.5X28.5 Cm - Oiseaux,Petite mercerie,3700,,,,non,,1,true,,99999,False,,,,,
PRY611143,Pochoires Alphabet - Prym,Petite mercerie,1810,Pochoirs alphabet pour marquage/traçage sur tissu,Prym,,non,,2,true,PRY611143.jpg,99999,False,,,,,
MA180,Poigne Sac A Mousqueton - Simili,Petite mercerie,2850,,,,non,,5,true,,1139,False,,,,,
WD036,Poignee Ovale - Marron - 30Cm - Hoooked,Petite mercerie,1800,"Poignée de sac ovale en bois, marron, 30cm",Hoooked,,non,,1,true,,856,False,,,,,
RE031,Poignee Plast - Bois - 22 Cm - Hoooked,Petite mercerie,1500,"Poignée de sac rectangulaire plastique imitation bois, 22cm",Hoooked,,non,,3,true,,99999,False,,,,,
RE024,Poignee Rectangle Plast - Bois - 22 Cm - Hoooked,Petite mercerie,1500,"Poignée de sac rectangulaire plastique imitation bois, 22cm",Hoooked,,non,,3,true,,99999,False,,,,,
RE015,Poignee Rectangle Plast - Noir - 22 Cm - Hoooked,Petite mercerie,1500,"Poignée de sac rectangulaire plastique, noir, 22cm",Hoooked,,non,,3,true,,99999,False,,,,,
RE018,Poignee Rectangle Plast - Transparant - 22 Cm - Hoooked,Petite mercerie,1500,"Poignée de sac rectangulaire plastique, transparent, 22cm",Hoooked,,non,,2,true,,99999,False,,,,,
615101,"Poignee Sac ""Kim"" Bambou - Prym",Petite mercerie,2500,"Poignée de sac en bambou, modèle Kim",Prym,,non,,2,true,615101.jpg,99999,False,,,,,
CC3603,Poignee Sac 48Cm,Petite mercerie,1950,,,,non,,6,true,,99999,False,,,,,
RE042,Poignee Sac Rond Plast Recycle - Brun - 17Cm - Hoooked,Petite mercerie,1680,"Poignée de sac ronde en plastique recyclé, brun, 17cm",Hoooked,,non,,1,true,,909,False,,,,,
RE043,Poignee Sac Rond Plast Recycle - Noir - 17Cm - Hoooked,Petite mercerie,1680,"Poignée de sac ronde en plastique recyclé, noir, 17cm",Hoooked,,non,,1,true,RE043.jpg,910,False,,,,,
S6206,Poignets Bord Cote X2 - S&M,Petite mercerie,900,,,,non,,15,true,,1397,False,,,,,
H271,Poincons,Petite mercerie,360,,,,non,,3,true,,2089,False,,,,,
M8909,Pompom Fourrur - 4 Cm - S&M,Petite mercerie,130,,,08 - ROUGE | 41 - IVOIR | 45 - MOUTARDE | 51 - BLANC | 53 - KAKI | 104 - ROSE FLUO,non,08 - ROUGE:10|41 - IVOIR:10|45 - MOUTARDE:10|51 - BLANC:10|53 - KAKI:6|104 - ROSE FLUO:9,55,true,,2102,False,,,,,
UNIC.002,Pompon 10 Cm - 60%Poly / 40% Acry,Petite mercerie,750,,,,non,,21,true,,99999,False,,,,,
P_159,Pompon 10Cm - Fourrure Fauve - Plassard,Petite mercerie,1100,Pompon fourrure fauve 10cm Plassard,,,non,,10,true,,99999,False,,,,,
UNIC.012,Pompon 2 Cm - Tete Gland,Petite mercerie,150,,,,non,,61,true,,2145,False,,,,,
99016,Porte Aiguille Magnetique - Machine A Coudre - Bohin,Petite mercerie,1220,Porte-aiguille magnétique Bohin pour machine à coudre : permet de poser l'aiguille à portée de main sans la piquer dans l'ouvrage,Bohin,,non,,2,true,,1672,False,,,,,
2511423,Porte Bobine (23) - Bois - 14.5 X 15.5 X 18 Cm - Milward,Petite mercerie,2100,"Porte-bobines en bois Milward, 23 emplacements, 14,5x15,5x18cm",,,non,,2,true,,99999,False,,,,,
2511419,Porte Bobines (60) Bois - 13 X 29.8 X 29 - Milward,Petite mercerie,4150,"Porte-bobines en bois Milward, 60 emplacements, 13x29,8x29cm",,,non,,2,true,,99999,False,,,,,
9137564,Porte Canette Pour Bobine X12 - Milward,Petite mercerie,800,"Porte-canettes pour bobine Milward, 12 emplacements",,,non,,10,true,,99999,False,,,,,
7359,Porte Cle 3 Crochets - Katia,Petite mercerie,850,,Katia,,non,,2,true,,403,False,,,,,
PCE,Porte Epingles - Differents Modeles,Petite mercerie,1500,,,PCE.563 - ELEPHANT | PCLB.642 - COCCINELLE,non,PCE.563 - ELEPHANT:1|PCLB.642 - COCCINELLE:1,2,true,,99999,False,,,,,
ERF.275055,Porte Eplingle - Tomate,Petite mercerie,350,,,,non,,5,true,,2394,False,,,,,
CC1005,Pression Plastique 12.4Mm,Petite mercerie,400,,,,non,,10,true,,2024,False,,,,,
90573,Pressions Sur Bandes Bohin,Petite mercerie,690,"Bande de boutons pression prêts à coudre Bohin, pour une pose rapide en série",Bohin,,non,,2,true,,99999,False,,,,,
90578,Pressions Sur Bandes Bohin,Petite mercerie,690,"Bande de boutons pression prêts à coudre Bohin, pour une pose rapide en série",Bohin,,non,,1,true,,99999,False,,,,,
71530,Pressions Tissus Moyens,Petite mercerie,1420,,,,non,,2,true,,1055,False,,,,,
PRY390902,Prym Love Pince Variofuschia + Outils,Petite mercerie,3150,"Pince Vario Prym Love (coloris fuchsia) + outils de pose inclus - Pour poser boutons pression, œillets et rivets sans couture",Prym,,non,,1,true,PRY390902.jpg,99999,False,,,,,
HGKS,Rangement Porte Doc - 22X 36 X 36 - Pelotes,Petite mercerie,4250,,,601 - CITRONS,non,601 - CITRONS:1,1,true,,99999,False,,,,,
98536,Rech.Rouleau Adh. 60 Feuilles S/Susp,Petite mercerie,760,,,,non,,1,true,,1516,False,,,,,
91498,Recharge Craie Bohin,Petite mercerie,640,Recharge de mine craie pour porte-mine de couture Bohin,Bohin,,non,,7,true,,1147,False,,,,,
91483,"Recharge Crayon Porte Mine Assortiment "" Col X16",Petite mercerie,1560,,,,non,,5,true,,99999,False,,,,,
673126,Recharge Embout Vario - Pince Prym,Petite mercerie,650,Embout de rechange pour pince Vario Prym,Prym,,non,,3,true,673126.jpg,99999,False,,,,,
MINCE00,Recharge Encre Pour Tampon Textil X 2,Petite mercerie,1050,,,,non,,2,true,,99999,False,,,,,
91798,Recharge Necess.A Marquer X4M,Petite mercerie,600,,,,non,,39,true,,427,False,,,,,
ER184,Regle A Ourlet - Regle A Patchwork,Petite mercerie,700,,,,non,,4,true,,2060,False,,,,,
M731,Regle Angle Droit -16 Cm - S&M,Petite mercerie,1500,,,,non,,2,true,M731.jpg,1524,False,,,,,
98599,Regle Carree Bois - 1 M - Bohin,Petite mercerie,4270,"Règle carrée en bois Bohin, 1m, pour tracer angles droits et grandes longueurs",Bohin,,non,,3,true,98599.jpg,99999,False,,,,,
98582,Regle Confection Souple 50Cm,Petite mercerie,1750,,,,non,,5,true,,606,False,,,,,
62549,Regle Courbe Multifonction - 42 X 19Cm - Bohin,Petite mercerie,2280,"Règle courbe multifonction Bohin, 42x19cm, pour tracer emmanchures, cols et courbes de patronage",Bohin,,non,,2,true,62549.jpg,482,False,,,,,
NL4189.B,Regle Couturiere Bois 1M,Petite mercerie,1500,,,,non,,1,true,,340,False,,,,,
NL4192,Regle De Quilting - 32 X 32 Cm,Petite mercerie,4150,,,,non,,2,true,,99999,False,,,,,
PRY611308,Regle Omnigrid - Quadrille - 15 X 60Cm,Petite mercerie,5650,,,,non,,1,true,PRY611308.jpg,562,False,,,,,
M713,Regle Patchwork - 15Cm X 15Cm,Petite mercerie,1230,,,,non,,3,true,,1669,False,,,,,
PRY611307,Regle Patchwork - 15X30 Cm - Prym,Petite mercerie,3910,"Règle de patchwork rectangulaire 15x30cm, graduée pour la découpe précise en patchwork et couture",Prym,,non,,2,true,PRY611307.jpg,99999,False,,,,,
M714,Regle Patchwork - 15X30 Cm - S&M,Petite mercerie,2400,,,,non,,7,true,,99999,False,,,,,
PRY611319,Regle Patchwork Carre - 31.5 X 31.5Cm - Prym,Petite mercerie,5650,"Règle de patchwork carrée 31,5x31,5cm, graduée pour la découpe précise en patchwork et couture",Prym,,non,,2,true,PRY611319.jpg,99999,False,,,,,
PRY611313,Regle Triangle 20Cm,Petite mercerie,3800,,,,non,,1,true,,823,False,,,,,
NL4147,Reglet Acier 20 Cm,Petite mercerie,600,,,,non,,3,true,,99999,False,,,,,
NL4166,Reglet Acier Rigide 1M,Petite mercerie,3400,,,,non,,5,true,,498,False,,,,,
NL4165,Reglet Acier Rigide 50Cm,Petite mercerie,1600,,,,non,,3,true,,957,False,,,,,
62539,Reglet Metal 20 Cm - Bohin,Petite mercerie,910,"Réglet métallique Bohin, 20cm, pour mesures précises en couture",Bohin,,non,,5,true,,1383,False,,,,,
98372,Renfort Coude Gm - A Coudre Beige - Bohin,Petite mercerie,650,"Renfort de coude à coudre Bohin, grand modèle",Bohin,,non,,3,true,,2101,False,,,,,
98384,Renfort Coude Pm A Coudre - Gris Clair - Bohin,Petite mercerie,650,"Renfort de coude à coudre Bohin, petit modèle",Bohin,,non,,2,true,,2090,False,,,,,
PRY611909,Repose Mini Fer Silicone Gris,Petite mercerie,1390,,,,non,,1,true,,1583,False,,,,,
PRY611907,Repose Mini Fer Silicone Violet - Prym,Petite mercerie,1390,"Repose mini-fer en silicone, coloris violet",Prym,,non,,1,true,PRY611907.jpg,1582,False,,,,,
M266,Rivets X 20 - Ø8Mm - S&M,Petite mercerie,780,,,,non,,10,true,,1225,False,,,,,
PRY403170,Rivets Ø7.5 Mm - 3- 4Mm Haut - Argent X 25 - Prym,Petite mercerie,1780,"Rivets argentés Ø7,5mm, capuchon 3-4mm de haut, x25 - Pose avec pince Vario ou Vario Creative Tool",Prym,,non,,2,true,PRY403170.jpg,99999,False,,,,,
PRY403150,Rivets Ø7.5Mm - Jeu De Pose - Argent - X20 - Prym,Petite mercerie,1650,"Rivets argentés Ø7,5mm avec jeu de pose, x20 - Pour décorer/renforcer jean et cuir",Prym,,non,,1,true,PRY403150.jpg,923,False,,,,,
HN172,Rouleau Ouate Compresse - 170G/M² - 90Cm,Petite mercerie,650,,,,non,,2,true,,217,False,,,,,
2511429,Rouleau Papier Calque - 10M X 1M - Milward,Petite mercerie,1000,"Rouleau de papier calque Milward, 10m x 1m, pour reporter des patrons",,,non,,29,true,,277,False,,,,,
ERF.274966,Roulette A Craie,Petite mercerie,780,,,,non,,1,true,,99999,False,,,,,
95899,Roulette A Patron,Petite mercerie,890,,,,non,,3,true,,1919,False,,,,,
79799,Ruban Bouton Pression Noir - Bohin,Petite mercerie,2600,Boutons pression à coudre Bohin - noir,Bohin,,non,,9,true,79799.jpg,99999,False,,,,,
MRHG4700,Sac De Rangement - Abeille - 13X45 X18 Cm,Petite mercerie,3450,,,,non,,1,true,,99999,False,,,,,
HGS,Sac De Rangement 15 X33 X48,Petite mercerie,4220,,,HGSHBE.611,non,HGSHBE.611:1,1,true,,746,False,,,,,
MR4729.633,Sac De Rangement Fleur - 17X30X28 Cm,Petite mercerie,2850,,,,non,,1,true,,99999,False,,,,,
MR4698,Sac Rangement Gris A Pois,Petite mercerie,3580,,,,non,,1,true,,99999,False,,,,,
K7807,Sachet Fibre De Rembourage 500G - Katia,Petite mercerie,1900,,Katia,,non,,67,true,K7807.jpg,74,False,,,,,
7040.07.33,Sachet Yeux Mobiles A Coller - Rico,Petite mercerie,700,,,,non,,2,true,,1571,False,,,,,
5010_50,Sachets Epingles Surete -Nickel - N°0 - 50Ex,Petite mercerie,500,,,,non,,9,true,,582,False,,,,,
M.6942.40,Sangle Bandouliere Ac Mousqueton - 4 X140 Cm - S&M,Petite mercerie,1620,,,ZEBRE - 002 | LEOPARD - 001,non,ZEBRE - 002:3|LEOPARD - 001:1,4,true,M.6942.40.jpg,494,False,,,,,
M.6941.40,Sangle Bandouliere Ac Mousqueton - 4 X140 Cm - S&M,Petite mercerie,1550,,,BLEU - 002 | BRUN - 003,non,BLEU - 002:2|BRUN - 003:3,5,true,M.6941.40.jpg,979,False,,,,,
M.6936.40,Sangle Bandouliere Bicolor Ac Mousqueton - 3.6 X140 Cm - S&M,Petite mercerie,1720,,,ROSE GOLD - 841 | ARGENT - 577,non,ROSE GOLD - 841:1|ARGENT - 577:3,4,true,M.6936.40.jpg,243,False,,,,,
M6956,Sangle Bandouliere Zig Zag - 25X135Cm - S&M,Petite mercerie,1375,,,5 - ROSE/OR /VERT | 7 - VERT GRIS | 8 - GRIS /MARRON,non,5 - ROSE/OR /VERT:4|7 - VERT GRIS:3|8 - GRIS /MARRON:4,11,true,M6956.jpg,577,False,,,,,
M64,Semelle Pose Bouton - Pied De Biche,Petite mercerie,750,,,,non,,5,true,,99999,False,,,,,
M53,Semelle Universelle Plastique - Pied De Biche,Petite mercerie,700,,,,non,,3,true,,1565,False,,,,,
M1344.20,Serre-Cordon 2Trous - 4Ex - S&M,Petite mercerie,400,,,,non,,3,true,,2341,False,,,,,
7014.579,Set 5 Feutres Pour Textile - Basic - Rico,Petite mercerie,2180,,,,non,,4,true,,99999,False,,,,,
7014.580,Set 5 Feutres Pour Textile - Fashion - Rico,Petite mercerie,2180,,,,non,,2,true,,1262,False,,,,,
7014.581,Set 5 Feutres Pour Tissus - Neon,Petite mercerie,2180,,,,non,,4,true,,99999,False,,,,,
7091.32.80,Set Fermoire Argent - 5/3Mm - Rico,Petite mercerie,500,,,,non,,11,true,,99999,False,,,,,
7091.32.79,Set Fermoire Dore - 5/3Mm - Rico,Petite mercerie,500,,,,non,,11,true,,99999,False,,,,,
MA9439,"Stabilisateur ""Fix"" Adhesif Maederia - 25Cm X 3M",Petite mercerie,2970,,,,non,,2,true,,99999,False,,,,,
MA9436,"Stabilisateur ""Soft"" Maderia Rol 30 Cm X10M",Petite mercerie,2970,,,,non,,1,true,,1017,False,,,,,
MA9438,"Stabilisateur ""Stable"" Maderia - 30Cm X 5M",Petite mercerie,2970,,,,non,,1,true,,99999,False,,,,,
9292660,Stylo Effacable A L'Eau - Bleu - Milward,Petite mercerie,700,"Stylo effaçable à l'eau Milward, bleu, marquage temporaire du tissu",,,non,,3,true,,1274,False,,,,,
91792,Stylo Special Dedicace Textile,Petite mercerie,1120,,,,non,,10,true,,99999,False,,,,,
MG9N40231,Support A Cone X2 - Milward,Petite mercerie,1300,"Lot de 2 supports à cône Milward, pour dérouler fils et laines",,,non,,5,true,,99999,False,,,,,
M3006,Support Carton Fils Broder X50,Petite mercerie,520,,,,non,,1,true,,99999,False,,,,,
CL8911,Support Feutrage - Tapis,Petite mercerie,3450,,,,non,,2,true,,99999,False,,,,,
M584,Support Multi Bobines + Cones,Petite mercerie,2210,,,,non,,4,true,,99999,False,,,,,
K7479,Tasse Metalique - Katia,Petite mercerie,1050,,Katia,,non,,4,true,,99999,False,,,,,
98958,Tire Aiguille Silicone Xl + L -Bohin,Petite mercerie,820,"Doigtiers tire-aiguille en silicone Bohin, tailles XL et L : protègent les doigts et facilitent le passage de l'aiguille dans le tissu",Bohin,,non,,3,true,,1510,False,,,,,
90761,Tirette Rechange Bohin - Nickel,Petite mercerie,600,"Tirette de rechange pour fermeture à glissière Bohin, coloris nickel",Bohin,,non,,8,true,,2124,False,,,,,
90762,Tirette Rechange Bronze - Bohin,Petite mercerie,600,"Tirette de rechange pour fermeture à glissière Bohin, coloris bronze",Bohin,,non,,8,true,,1403,False,,,,,
90763,Tirette Rechange Noir - Bohin,Petite mercerie,600,"Tirette de rechange pour fermeture à glissière Bohin, coloris noir",Bohin,,non,,4,true,,1388,False,,,,,
M.468T9,Tomate Porte Epingle Couleurs - S&M,Petite mercerie,1190,,,75 | 575 | 700 | 723,non,75:1|575:1|700:1|723:1,4,true,,1700,False,,,,,
M292,Tourniquet Pour Sac 37X21Mm - S&%,Petite mercerie,600,,,100 - OR,non,100 - OR:4,4,true,,2138,False,,,,,
75499,Tresse Multifils+Aiguille+Enfile Aiguille,Petite mercerie,920,,,,non,,15,true,,848,False,,,,,
T1950,Tricotin Circulaire - 4 T - 14 À 29 Cm,Petite mercerie,5320,,,,non,,1,true,,99999,False,,,,,
010256,Tricotin Circulaire Geant ( 4 Tailles) - Ute,Petite mercerie,3200,,,,non,,3,true,,502,False,,,,,
010263,Tricotin Rectangulaire (4 Tailles) - Ute,Petite mercerie,3800,,,,non,,3,true,,99999,False,,,,,
MR4702E.XL.622,Trousse A Aiguille Tricot - (Vide) - 11X42X2 Cm,Petite mercerie,1700,,,,non,,1,true,,99999,False,,,,,
MR4699,Trousse Aiguille Tricot - 11X46X7 Cm,Petite mercerie,1820,,,587 - ABEILLE,non,587 - ABEILLE:1,1,true,,99999,False,,,,,
98889,"Trousse Couture Remplie - ""Dolce Vita "" - Bohin",Petite mercerie,2850,"Trousse de couture Bohin garnie, collection Dolce Vita : nécessaire de couture complet",Bohin,,non,,2,true,98889.jpg,1048,False,,,,,
PTM_20,Trousse De Voyage,Petite mercerie,550,,,,non,,10,true,,99999,False,,,,,
98878,Trousse Secret De Couture New-York,Petite mercerie,2950,,,,non,,2,true,,99999,False,,,,,
98876,Trousse Secret De Couture Tour Effeil,Petite mercerie,2950,,,,non,,1,true,,466,False,,,,,
MR4671.670,Trousse Vide - Crochet - Oiseaux Bleu - 11X23X7 Cm,Petite mercerie,1650,,,,non,,1,true,,1466,False,,,,,
M.269,"Vis ""Chicago"" 10X6Mm -X 8 - S&M",Petite mercerie,800,,,100 - OR | 120 - ARGENT,non,100 - OR:3|120 - ARGENT:4,7,true,,1201,False,,,,,
CF030,Yeux A Coudre Ø25 Mm Noir,Petite mercerie,300,,,,non,,7,true,,2405,False,,,,,
CB009,Yeux De Securit2 Ø7.5Mm Marron La Paire,Petite mercerie,70,,,,non,,71,true,,1251,False,,,,,
CB005,Yeux De Securite - Marron - 15Mm - La Paire,Petite mercerie,140,,,,non,,16,true,,2081,False,,,,,
CB020,Yeux De Securite - Noir - 25 Mm La Paire,Petite mercerie,300,,,,non,,10,true,,2151,False,,,,,
CF048,Yeux De Securite - Ø 12Mm - Noir - La Paire,Petite mercerie,100,,,,non,,108,true,,348,False,,,,,
CF047,Yeux De Securite - Ø 9Mm - Noir - La Paire,Petite mercerie,80,,,,non,,106,true,,240,False,,,,,
CF049,Yeux De Securite - Ø15 Mm - Noir - La Paire,Petite mercerie,140,,,,non,,82,true,,460,False,,,,,
CB019,Yeux Securite - 20Mm - Noir - 2 Paires,Petite mercerie,350,,,,non,,8,true,,2061,False,,,,,
CB025,Yeux Securite - Ambre - 21 Mm - La Paire,Petite mercerie,180,,,,non,,11,true,,2515,False,,,,,
M.60824,Yeux Securite - X 6 Paires - 8 À 12 Mm - S&M,Petite mercerie,700,,,100 - AMBRE,non,100 - AMBRE:7,7,true,M.60824.jpg,164,False,,,,,
CF023,Yeux Securite Chat - 12 Mm,Petite mercerie,180,,,,non,,27,true,,1239,False,,,,,
CB028,Yeux Securite Chat Ø 15Mm - La Paire,Petite mercerie,150,,,,non,,15,true,,2074,False,,,,,
CB010,Yeux Securité Ø10Mm -Marron - La Paire,Petite mercerie,90,,,,non,,55,true,,2153,False,,,,,
CB017,Yeux Securité Ø12 - Noir - La Paire,Petite mercerie,100,,,,non,,59,true,,1750,False,,,,,
CB011,Yeux Securité Ø12Mm - Marron La Paire,Petite mercerie,100,,,,non,,69,true,,2108,False,,,,,
CF046,Yeux Securité Ø6Mm - Noir - La Paire,Petite mercerie,70,,,,non,,95,true,,253,False,,,,,
RUB_1,Bande De Pression,Rubans,2600,,,,non,,7,true,,99999,False,,,,,
S841,Brandebourg - 10Cm - S&M,Rubans,550,,,,non,,11,true,,99999,False,,,,,
S829,Brandebourg Fleur -S&M,Rubans,150,,,,non,,67,true,,2032,False,,,,,
0889_7_S,Cordon Spaghetti Satin Tubulaire - 7Mm,Rubans,330,,,201 - BLANC,non,201 - BLANC:18,18,true,,1303,False,,,,,
06191.12,Croquet - 12 Mm - 100% Polyester - Serpentine,Rubans,150,,,,non,,146,true,,1684,False,,,,,
420067,Croquet - 14Mm,Rubans,200,,,,non,,258,true,,1821,False,,,,,
420068,Croquet - 20Mm,Rubans,250,,,,non,,101,true,,1870,False,,,,,
06191.08,Croquet - 8 Mm - 100% Polyestere - Serpentine,Rubans,120,,,,non,,248,true,,2563,False,,,,,
420066,Croquet - 9Mm,Rubans,180,,,,non,,665,true,,2367,False,,,,,
S10137,Depassant Fourrur Acryl - Poile Mi Long - 5 Cm,Rubans,600,,,,non,,16,true,,1392,False,,,,,
420832,Frange 14Cm,Rubans,1800,,,,non,,8,true,,866,False,,,,,
420838,"Frange 2,5Cm",Rubans,400,,,,non,,112,true,,99999,False,,,,,
420836,"Frange 3,5Cm",Rubans,450,,,,non,,178,true,,554,False,,,,,
420830,Frange 30Cm,Rubans,1995,,,,non,,4,true,,99999,False,,,,,
420837,Frange 3Cm,Rubans,450,,,,non,,22,true,,99999,False,,,,,
420835,"Frange 4,5Cm",Rubans,490,,,,non,,93,true,,891,False,,,,,
420834,Frange 7Cm,Rubans,850,,,,non,,12,true,,358,False,,,,,
P245.50,Frange Charleston - 5 Cm - 100% Polyester,Rubans,650,,,,non,,39,true,,744,False,,,,,
S1019,Frange Coton 10 Cm - S&M,Rubans,980,,,,non,,8,true,,99999,False,,,,,
S1048,Frange Pompoms Multi - S&M,Rubans,350,,,,non,,19,true,,99999,False,,,,,
S1049,Frange Pompoms Unie - S&M,Rubans,300,,,,non,,45,true,S1049.jpg,1440,False,,,,,
420045,Franges A Perles Blanches,Rubans,2200,,,,non,,3,true,,99999,False,,,,,
560095,Galon Brillant,Rubans,350,,,,non,,31,true,,99999,False,,,,,
420022,Galon Brillant Vert,Rubans,100,,,,non,,2,true,,99999,False,,,,,
S11130,Galon Brode Ethnique - 35 Mm - S&M,Rubans,960,,,,non,,10,true,,99999,False,,,,,
S11148,Galon Brode Paillettes Fleurs - 58Mm - S&M,Rubans,1020,,,,non,,13,true,,1981,False,,,,,
1067,Galon Captaine - Bleu/Rouge - 10Mm,Rubans,260,,,,non,,7,true,,99999,False,,,,,
P226,Galon Chaine Au Metre,Rubans,430,,,,non,,2,true,,1290,False,,,,,
1552,Galon Comete Taffetas,Rubans,160,,,,non,,15,true,,2581,False,,,,,
420021,Galon Croquet - Bleu Ciel Et Or,Rubans,200,,,,non,,10,true,,99999,False,,,,,
S.7870,Galon Emprire Brode - 53Mm -S&M,Rubans,940,,,VERT EAU  - 004 | NOIR - 014 | ROUGE  - 008 | BLANC - 001 | JAUNE - 052 | OR - 040,non,VERT EAU  - 004:7|NOIR - 014:8|ROUGE  - 008:8|BLANC - 001:7|JAUNE - 052:5|OR - 040:4,41,true,S.7870.jpg,398,False,,,,,
420035,Galon Entre Deux - Perles - Blanc Ou Ecru,Rubans,1500,,,,non,,11,true,,99999,False,,,,,
420046,Galon Entre Deux Perle Noir Mousseline,Rubans,1500,,,,non,,3,true,,99999,False,,,,,
7118_35,Galon Fleur Cachemire - 35Mm,Rubans,1400,,,,non,,9,true,,892,False,,,,,
0321,Galon Flowers,Rubans,200,,,,non,,15,true,,99999,False,,,,,
420828,Galon Frange Conton - 7Cm,Rubans,690,,,,non,,18,true,,99999,False,,,,,
480842,Galon Franges Coton - 10Cm,Rubans,1690,,,,non,,3,true,,99999,False,,,,,
480844,Galon Franges Coton - 7Cm,Rubans,1690,,,,non,,2,true,,99999,False,,,,,
S4785,Galon Jacquard Eventail - 33Mm -S&M,Rubans,400,,,,non,,18,true,,2004,False,,,,,
S4783,Galon Jacquard Fleur - 10Cm - S&M,Rubans,890,,,,non,,10,true,,99999,False,,,,,
S.7866,Galon Jacquard Fleurs Boheme- 55Mm- S&M,Rubans,580,,,NOIR - 014 | VERT - 064 | BLANC - 001,non,NOIR - 014:15|VERT - 064:16|BLANC - 001:18,49,true,S.7866.jpg,1340,False,,,,,
1356,Galon Juliette,Rubans,170,,,,non,,29,true,,99999,False,,,,,
1328,Galon Marco Polo,Rubans,200,,,,non,,17,true,,99999,False,,,,,
1952,Galon Marlen,Rubans,360,,,,non,,103,true,,993,False,,,,,
P_266,Galon Mini Pompon 10Mm - Ruban Passion,Rubans,290,,,01 - NOIR | 02 - BLANC | 14 - ROUGE | 15 - MARINE | 20 - FUCHSIA | 52 - ROSE | 56 - BEURRE | 78 - vert,non,01 - NOIR:10|02 - BLANC:10|14 - ROUGE:8|15 - MARINE:10|20 - FUCHSIA:10|52 - ROSE:10|56 - BEURRE:10|78 - vert:4,73,true,,2316,False,,,,,
G154107,Galon Officier 10Mm,Rubans,480,,,,non,,14,true,,99999,False,,,,,
P219,Galon Or Argent,Rubans,210,,,,non,,1,true,,2322,False,,,,,
P203,Galon Orientale,Rubans,300,,,,non,,4,true,,99999,False,,,,,
P238,Galon Paillette,Rubans,300,,,,non,,6,true,,99999,False,,,,,
420003,Galon Paillette,Rubans,350,,,,non,,11,true,,99999,False,,,,,
P237,Galon Paillette,Rubans,150,,,,non,,46,true,,2517,False,,,,,
P200,Galon Paillette,Rubans,380,,,,non,,143,true,,233,False,,,,,
420016,Galon Paillette Noir Et Blanc,Rubans,200,,,,non,,4,true,,99999,False,,,,,
420050,Galon Paillettes - Or,Rubans,70,,,,non,,19,true,,986,False,,,,,
420069,Galon Passepoil,Rubans,370,,,,non,,24,true,,99999,False,,,,,
P244,Galon Pompon,Rubans,250,,,,non,,19,true,,99999,False,,,,,
P_244,Galon Pompons 10Mm - 100% Polyamide - Passion Ruban,Rubans,230,,,001 - NOIR | 002 - BLANC,non,001 - NOIR:10|002 - BLANC:7,17,true,,2028,False,,,,,
420013,Galon Rococo Ficelle,Rubans,350,,,,non,,34,true,,1578,False,,,,,
420023,Galon Rose Et Or,Rubans,370,,,,non,,4,true,,2513,False,,,,,
7134_24,Galon Scintillant Geometrique - 24Mm,Rubans,840,,,,non,,26,true,,2239,False,,,,,
7133_24,Galon Scintillant Leopard - 24Mm,Rubans,840,,,,non,,32,true,,1372,False,,,,,
4441,Galon Sporty,Rubans,190,,,,non,,23,true,,99999,False,,,,,
420004,Galon Volant A Fleur - 15Mm,Rubans,420,,,,non,,53,true,,99999,False,,,,,
6824,Galon Yemen - Graphique Rouge - 18Mm,Rubans,2200,,,,non,,11,true,,99999,False,,,,,
321052,Gros Grain 38Mm,Rubans,180,,,,non,,22,true,,2303,False,,,,,
321053,Gros Grain 50Mm,Rubans,230,,,,non,,23,true,,99999,False,,,,,
390009_20,Monte Jupe - Noir Ou Blanc - 20Mm,Rubans,90,,,,non,,400,true,,2514,False,,,,,
390009_50,Monte Jupe - Noir Ou Blanc - 50Mm,Rubans,245,,,,non,,8,true,,99999,False,,,,,
390009_30,Monte Jupe - Noir Ou Blanc- 30Mm,Rubans,170,,,,non,,9,true,,2526,False,,,,,
390009_15,Monte Jupe Noir Ou Blanc - 15Mm,Rubans,80,,,,non,,172,true,,99999,False,,,,,
420011,Passepoil,Rubans,120,,,,non,,53,true,,99999,False,,,,,
420009,Passepoil - 1Mm - Finition Satine,Rubans,100,,,,non,,54,true,,99999,False,,,,,
420008,Passepoil -Vagues - 5Mm,Rubans,360,,,,non,,56,true,,99999,False,,,,,
420001,"Passepoil Dentelle Bi Color - 10Mm (Marine, Rouge, Ciel Ou Rose)",Rubans,320,,,,non,,53,true,,99999,False,,,,,
S.8110.05,Perle Au Metre Plastique - Ø 5Mm - S&M,Rubans,200,,,OR - 003 | ARGENT  - 002 | BLANC - 001 | CREME - 051,non,OR - 003:35|ARGENT  - 002:40|BLANC - 001:40|CREME - 051:35,150,true,S.8110.05.jpg,618,False,,,,,
S802,Plume Marabout Au Metre - Ø4 Cm - S&M,Rubans,560,,,,non,,33,true,,2200,False,,,,,
S804,Plumes Au Metre 15Cm - S&M,Rubans,1220,,,,non,,23,true,,99999,False,,,,,
ART_0065,Ruban A Carreaux - 10Mm,Rubans,180,,,,non,,24,true,,2528,False,,,,,
78088,Ruban Agrafe Corset - Noir,Rubans,1300,,,,non,,12,true,,99999,False,,,,,
0427,Ruban Bicolore,Rubans,170,,,,non,,496,true,,2037,False,,,,,
79699,Ruban Boutons Pression 10Mm Blanc,Rubans,2600,,,,non,,7,true,,99999,False,,,,,
310184,Ruban Extra Fort - 15Mm,Rubans,80,,,,non,,393,true,,1699,False,,,,,
S20752_38,Ruban Feuille - 38 Mm - S&M,Rubans,210,,,,non,,29,true,,2396,False,,,,,
1042,Ruban Frappe,Rubans,310,,,,non,,2,true,,99999,False,,,,,
321073,Ruban Gros Grain - 10Mm,Rubans,100,,,,non,,449,true,,1279,False,,,,,
321063,Ruban Gros Grain - 15Mm,Rubans,130,,,,non,,698,true,,1776,False,,,,,
321051,Ruban Gros Grain - 25Mm,Rubans,160,,,,non,,358,true,,1165,False,,,,,
A1007,Ruban Handmade With Love 15Mm,Rubans,380,,,,non,,7,true,,2510,False,,,,,
S16603,Ruban Happy New Year Laiton - 38Mm - S&M,Rubans,300,,,,non,,25,true,,99999,False,,,,,
0127,Ruban Julie -Rayures - 5Mm,Rubans,80,,,,non,,39,true,,2328,False,,,,,
S.16593,Ruban Merry Christmas - 12Mm - S&M,Rubans,200,,,BLANC - 001 | GRIS - 045,non,BLANC - 001:24|GRIS - 045:25,49,true,,99999,False,,,,,
25197.15,Ruban Metallise 15Mm,Rubans,120,,,,non,,75,true,,1951,False,,,,,
25197.25,Ruban Metallise 25Mm,Rubans,150,,,,non,,25,true,,2402,False,,,,,
25197.38,Ruban Metallise 38Mm,Rubans,350,,,,non,,6,true,,99999,False,,,,,
25158.03,Ruban Metallise 3Mm - 100% Polyester,Rubans,70,,,101 - OR,non,101 - OR:25,25,true,,99999,False,,,,,
25197.07,Ruban Metallise 7Mm,Rubans,100,,,,non,,48,true,,2504,False,,,,,
260039,Ruban Mousseline - 10Mm,Rubans,110,,,,non,,2679,true,,1059,False,,,,,
260040,Ruban Mousseline - 15Mm,Rubans,130,,,,non,,2542,true,,702,False,,,,,
260041,Ruban Mousseline - 25Mm,Rubans,180,,,,non,,1942,true,,343,False,,,,,
260032,Ruban Mousseline - 3 Mm,Rubans,70,,,,non,,240,true,,99999,False,,,,,
260042,Ruban Mousseline - 38Mm,Rubans,200,,,,non,,1750,true,,286,False,,,,,
2600051,Ruban Mousseline - 50 Mm,Rubans,270,,,,non,,34,true,,938,False,,,,,
260043,Ruban Mousseline - 66Mm,Rubans,350,,,,non,,1563,true,,118,False,,,,,
260038,Ruban Mousseline - 6Mm,Rubans,100,,,,non,,2183,true,,1439,False,,,,,
S30043,Ruban Noel 2M - S&M,Rubans,350,,,,non,,88,true,,99999,False,,,,,
10303,Ruban Oeillets Noir Ou Blanc,Rubans,900,,,,non,,31,true,,99999,False,,,,,
P224,Ruban Paillette Ac Sequin 13Mm - Ruban Passion,Rubans,170,,,101  - OR,non,101  - OR:9,9,true,,2578,False,,,,,
P201.15,Ruban Paillettes 15Mm,Rubans,290,,,,non,,28,true,,1591,False,,,,,
1348,Ruban Papyrus - 25 Mm,Rubans,160,,,,non,,29,true,,99999,False,,,,,
P205,Ruban Passementerie Metallise 10Mm,Rubans,170,,,,non,,5,true,,99999,False,,,,,
1595_15MM,Ruban Pois - 15Mm,Rubans,180,,,,non,,61,true,,2369,False,,,,,
S20724_25,Ruban Reflechissant - 25Mm - S&M,Rubans,180,,,,non,,45,true,,99999,False,,,,,
M65012,Ruban Reflechissant 25Mm*2M,Rubans,860,,,,non,,12,true,,1952,False,,,,,
S20724_50,Ruban Reflechissant 50Mm,Rubans,300,,,,non,,14,true,,1520,False,,,,,
260033_S,Ruban Satin - 10Mm,Rubans,100,,,280 - FLUO ROSE | 540 - FLUO ROSE | 281 - FLUO JAUNE | 282 - FLUO VERT | 240 -GRIS | 317 - GRIS | 329 - GRIS | 234 - GRIS | 316 - GRIS | 202 - BLEU CIEL | 322 - BLEU | 318 - BLEU | 297 -BLEU GRIS | 225 - BLEU | 273 - VERT | 260 - KAKI | 229 - VERT | 309 - VERT | 227 - VERT | 214 - MARRON | 215 - MARRON | 427  -MARRON GLACE | 230 - MAUVE | 302  - MAUVE | 268 - MAGENTA | 286 - VIOLET | 331 - VIOLET | 232 - VIOLET | 209 - VIN | 313 - ORANGE | 315 - ORANGE | 219 - ORANGE | 324 - ROUGE | 293 - ROUGE | 204 - ROUGE | 210 - ROSE | 278 - ROSE | 265 - ROSE | 218 - OR | 217 - JAUNE | 216 - CUIVRE | 235 - JAUNE | 272 - BLANC | 201 - BLANC | 239 - GRIS | 299 - KAKI | 247 - MARRON | 267 - ROUGE | 249 - OR | 364 - JAUNE | 213 - NUDE | 390 - BEIGE | 544 - VERT | 311 - VERT | 233 - NOIR | 304 - OR | 291 - ROSE | 334 - ROSE | 208 - ROSE | 203 - ROSE,non,280 - FLUO ROSE:25|540 - FLUO ROSE:25|281 - FLUO JAUNE:25|282 - FLUO VERT:50|240 -GRIS:24|317 - GRIS:25|329 - GRIS:25|234 - GRIS:25|316 - GRIS:25|202 - BLEU CIEL:50|322 - BLEU:50|318 - BLEU:25|297 -BLEU GRIS:50|225 - BLEU:25|273 - VERT:50|260 - KAKI:25|229 - VERT:25|309 - VERT:25|227 - VERT:25|214 - MARRON:50|215 - MARRON:71|427  -MARRON GLACE:50|230 - MAUVE:75|302  - MAUVE:25|268 - MAGENTA:50|286 - VIOLET:25|331 - VIOLET:50|232 - VIOLET:25|209 - VIN:25|313 - ORANGE:25|315 - ORANGE:25|219 - ORANGE:25|324 - ROUGE:146|293 - ROUGE:25|204 - ROUGE:60|210 - ROSE:25|278 - ROSE:25|265 - ROSE:25|218 - OR:25|217 - JAUNE:25|216 - CUIVRE:200|235 - JAUNE:25|272 - BLANC:200|201 - BLANC:200|239 - GRIS:25|299 - KAKI:24|247 - MARRON:24|267 - ROUGE:25|249 - OR:24|364 - JAUNE:25|213 - NUDE:25|390 - BEIGE:24|544 - VERT:25|311 - VERT:25|233 - NOIR:145|304 - OR:25|291 - ROSE:50|334 - ROSE:200|208 - ROSE:200|203 - ROSE:200,3167,true,,178,False,,,,,
260036_S,Ruban Satin - 15Mm,Rubans,130,,,280 - ROSE FLUO | 540 - FLUO ROSE | 291 - FLUO ROSE | 283 - FLUO ORANGE | 282 - FLUO VERT | 225 - MARINE | 224 - BLEU ROI | 317 - GRIS BLEU | 234 - GRIS | 271 - BLEU ROI | 270 - PARME | 262 - CIEL | 322 - BLEU | 329 - BLEU NUIT | 318 - PETROLE | 261 - CIEL | 319 - COBALT | 273 - VERT EAU | 260 - KAKI CLAIR | 545 - ANIS VIF | 228 - FORET | 299 - KAKI FONCE | 305 - VERT FORET | 307 - SAPIN | 229 - HERBE | 247 - MARRON | 215 - MARRON | 230 - MAUVE | 321 - MAUVE | 302 - MAUVE | 231 - VIOLET | 268 - MAGENTA | 286 - VIOLET | 331 - VIOLET | 315 - ORANGE | 219 - ORANGE | 267 - ROUGE | 293 - ROUGE | 210 -ROSE | 277 - ROSE | 278 - ROSE | 334 - ROSE | 205 - ROSE | 217 - JAUNE | 220 - JAUNE | 287 - OR | 249 - OR | 213 - NUDE | 245 - BEIGE | 233 - NOIR | 544 - VERT | 561 - VERT | 311   CANARD | 281 - FLUO JAUNE | 304 - OR | 324 - ROUGE | 204 - ROUGE | 364 - JAUNE,non,280 - ROSE FLUO:50|540 - FLUO ROSE:25|291 - FLUO ROSE:25|283 - FLUO ORANGE:25|282 - FLUO VERT:25|225 - MARINE:22|224 - BLEU ROI:15|317 - GRIS BLEU:25|234 - GRIS:50|271 - BLEU ROI:25|270 - PARME:25|262 - CIEL:25|322 - BLEU:50|329 - BLEU NUIT:25|318 - PETROLE:25|261 - CIEL:25|319 - COBALT:25|273 - VERT EAU:25|260 - KAKI CLAIR:50|545 - ANIS VIF:25|228 - FORET:25|299 - KAKI FONCE:8|305 - VERT FORET:25|307 - SAPIN:25|229 - HERBE:25|247 - MARRON:25|215 - MARRON:25|230 - MAUVE:25|321 - MAUVE:25|302 - MAUVE:25|231 - VIOLET:25|268 - MAGENTA:50|286 - VIOLET:25|331 - VIOLET:25|315 - ORANGE:50|219 - ORANGE:25|267 - ROUGE:49|293 - ROUGE:25|210 -ROSE:100|277 - ROSE:50|278 - ROSE:25|334 - ROSE:25|205 - ROSE:25|217 - JAUNE:50|220 - JAUNE:25|287 - OR:25|249 - OR:25|213 - NUDE:25|245 - BEIGE:25|233 - NOIR:200|544 - VERT:25|561 - VERT:25|311   CANARD:24|281 - FLUO JAUNE:25|304 - OR:100|324 - ROUGE:90|204 - ROUGE:100|364 - JAUNE:25,2109,true,,88,False,,,,,
260037_S,Ruban Satin - 25Mm,Rubans,160,,,280 - FLUO ROSE | 540 - FLUO ROSE | 282 - FLUO VERT | 317 - GRIS | 329 - GRIS | 316 - GRIS | 224 - BLEU | 248 - BLEU | 270 - BLEU | 318 - BLEU | 297 - BLEU | 273 - VERT | 299 - KAKI | 309 - VERT CLAIR | 247 - MARRON | 214 - MARRON | 417 - MARRON | 231 - VIOLET | 268 - MAGENTA | 286 - VIOLET | 232 - VIOLET | 300 - VIN | 209 - VIN | 267 - ROUGE | 293 - ROUGE | 277 - ROSE | 278 - ROSE | 334 - ROSE | 217 - JAUNE | 287 - OR | 249 - OR | 304 - OR | 213 - NUDE | 233 - NOIR | 390 - NUDE | 324 - ROUGE | 204- ROUGE | 201 - BLANC | 229 - VERT,non,280 - FLUO ROSE:25|540 - FLUO ROSE:14|282 - FLUO VERT:25|317 - GRIS:25|329 - GRIS:25|316 - GRIS:50|224 - BLEU:25|248 - BLEU:25|270 - BLEU:25|318 - BLEU:25|297 - BLEU:25|273 - VERT:75|299 - KAKI:18|309 - VERT CLAIR:1|247 - MARRON:25|214 - MARRON:50|417 - MARRON:25|231 - VIOLET:25|268 - MAGENTA:25|286 - VIOLET:25|232 - VIOLET:25|300 - VIN:25|209 - VIN:25|267 - ROUGE:25|293 - ROUGE:25|277 - ROSE:25|278 - ROSE:25|334 - ROSE:25|217 - JAUNE:25|287 - OR:19|249 - OR:25|304 - OR:112|213 - NUDE:25|233 - NOIR:175|390 - NUDE:12|324 - ROUGE:93|204- ROUGE:99|201 - BLANC:1|229 - VERT:25,1371,true,,31,False,,,,,
260044_S,Ruban Satin - 38Mm,Rubans,210,,,280  - FLUO ROSE | 291 - FLUO  ROSE | 283 - FLUO ORANGE | 281 - FLUO JAUNE | 282 - FLUO VERT | 234 - GRIS | 316 - GRIS | 271 - BLEU | 224 - BLEU | 248 - BLEU | 270 - BLEU | 262 - BLEU | 202 - BLEU | 263 - BLEU | 322 - BLEU | 318 - BLEU | 261 - BLEU | 225 - MARINE | 319 - BLEU | 297 - BLEU GRIS | 273 - VERT | 227 - VERT | 260 - KAKI | 545 - VERT | 276 - VERT AMANDE | 299 - KAKI | 305 - VERT | 247 - MARRON | 214 - MARRON | 215 - MARRON | 417 - MARRON | 427 - MARRON GLACE | 230  - MAUVE | 321 - MAUVE | 302 - MAUVE | 231 - VIOLET | 268 - VIOLET | 286 - AUBERGINE | 331 - MAUVE | 232 - VIOLET | 315 - SAUMON | 275 - SAUMON | 267 - ROUGE | 264 - ROUGE | 210 - FUCHSIA | 277 - FUCHSIA | 278 - FUCHSIA | 334 - ROSE | 208 - ROSE | 205 - ROSE CLAIR | 203 - ROSE BONBON | 335 - ROSE GOLD | 218 - JAUNE OR | 217 - JAUNE PALE | 287 - OR JAUNE | 249 - OR | 216 - CUIVRE | 213 - NUDE | 272 - BLANC | 233 - NOIR | 390 - BEIGE | 557 - ROUGE | 544 - VERT EAU | 304 - OR | 324 - ROUGE | 204 - ROUGE | 201 - BLANC | 329 - BLEU NUIT,non,280  - FLUO ROSE:25|291 - FLUO  ROSE:50|283 - FLUO ORANGE:25|281 - FLUO JAUNE:25|282 - FLUO VERT:50|234 - GRIS:50|316 - GRIS:25|271 - BLEU:25|224 - BLEU:50|248 - BLEU:25|270 - BLEU:25|262 - BLEU:25|202 - BLEU:125|263 - BLEU:25|322 - BLEU:25|318 - BLEU:25|261 - BLEU:25|225 - MARINE:25|319 - BLEU:25|297 - BLEU GRIS:25|273 - VERT:75|227 - VERT:75|260 - KAKI:25|545 - VERT:25|276 - VERT AMANDE:50|299 - KAKI:25|305 - VERT:25|247 - MARRON:25|214 - MARRON:25|215 - MARRON:25|417 - MARRON:50|427 - MARRON GLACE:25|230  - MAUVE:25|321 - MAUVE:50|302 - MAUVE:25|231 - VIOLET:25|268 - VIOLET:25|286 - AUBERGINE:25|331 - MAUVE:25|232 - VIOLET:25|315 - SAUMON:25|275 - SAUMON:50|267 - ROUGE:50|264 - ROUGE:25|210 - FUCHSIA:25|277 - FUCHSIA:25|278 - FUCHSIA:25|334 - ROSE:25|208 - ROSE:25|205 - ROSE CLAIR:22|203 - ROSE BONBON:25|335 - ROSE GOLD:25|218 - JAUNE OR:25|217 - JAUNE PALE:25|287 - OR JAUNE:25|249 - OR:25|216 - CUIVRE:25|213 - NUDE:25|272 - BLANC:50|233 - NOIR:175|390 - BEIGE:3|557 - ROUGE:25|544 - VERT EAU:25|304 - OR:99|324 - ROUGE:85|204 - ROUGE:35|201 - BLANC:82|329 - BLEU NUIT:25,2476,true,,161,False,,,,,
260023_S,Ruban Satin - 3Mm,Rubans,60,,,271 - BLEU | 224 - BLEU | 318 - BLEU CANARD | 321 - MAUVE | 204 - ROUGE | 245 - NUDE | 209 - VIN | 278 - MAUVE,non,271 - BLEU:50|224 - BLEU:50|318 - BLEU CANARD:50|321 - MAUVE:50|204 - ROUGE:100|245 - NUDE:50|209 - VIN:50|278 - MAUVE:50,450,true,,99999,False,,,,,
260045_S,Ruban Satin - 50Mm,Rubans,250,,,280 - FLUO ROSE | 291 - FLUO ROSE | 283 - FLUO ORANGE | 281 - FLUO JAUNE | 282 - FLUO VERT | 225 - MARINE | 239 - GRIS FONCE | 317 - GRIS BLEU | 234 - GRIS | 316 - GRIS | 224 - BLEU ROI | 248 - BLEU MAUVE | 270 - BLEU | 262 - BLEU | 202 - BLEU CIEL | 329 - BLEU FONCE | 318 - BLEU | 261 - BLEU | 319 - BLEU | 297 - BLEU | 273 - VERT D'EAU | 260 - KAKI | 299 - KAKI | 307 - VERT | 309 - VERT | 247 - MARRON | 214 - MARRON | 215 - MARRON | 417 - MARRON | 427 - MARRON GLACE | 230 - MAUVE | 321 - MAUVE | 231 - VIOLET | 268 - MAGENTA | 286 - VIOLET | 331 - VIOLET | 232 -VIOLET | 300 - VIN | 209 - VIN | 313 - ORANGE | 315 - ORANGE | 275 - ORANGE | 219 - ORANGE | 267 - ROUGE | 293 - ROUGE | 204 - ROUGE | 210 - ROSE | 334 - ROSE | 208 - ROSE | 277 - ROSE | 203 - ROSE | 205 - SAUMON CLAIR | 218 - JAUNE OR | 220 - JAUNE | 249 - OR | 216 - BRONZE | 327 - BRONZE | 212 - NUDE | 213 - NUDE | 245 - NUDE | 544 - VERT | 561 - VERT | 311 - CANARD | 304 - OR | 233 - NOIR | 201  - BLANC | 324 - ROUGE,non,280 - FLUO ROSE:25|291 - FLUO ROSE:25|283 - FLUO ORANGE:25|281 - FLUO JAUNE:25|282 - FLUO VERT:50|225 - MARINE:50|239 - GRIS FONCE:50|317 - GRIS BLEU:25|234 - GRIS:25|316 - GRIS:75|224 - BLEU ROI:50|248 - BLEU MAUVE:25|270 - BLEU:25|262 - BLEU:25|202 - BLEU CIEL:75|329 - BLEU FONCE:25|318 - BLEU:25|261 - BLEU:50|319 - BLEU:50|297 - BLEU:25|273 - VERT D'EAU:25|260 - KAKI:50|299 - KAKI:25|307 - VERT:50|309 - VERT:50|247 - MARRON:25|214 - MARRON:75|215 - MARRON:21|417 - MARRON:25|427 - MARRON GLACE:25|230 - MAUVE:25|321 - MAUVE:25|231 - VIOLET:25|268 - MAGENTA:50|286 - VIOLET:25|331 - VIOLET:50|232 -VIOLET:25|300 - VIN:75|209 - VIN:50|313 - ORANGE:25|315 - ORANGE:25|275 - ORANGE:25|219 - ORANGE:25|267 - ROUGE:25|293 - ROUGE:25|204 - ROUGE:150|210 - ROSE:25|334 - ROSE:25|208 - ROSE:75|277 - ROSE:25|203 - ROSE:25|205 - SAUMON CLAIR:22|218 - JAUNE OR:75|220 - JAUNE:67|249 - OR:25|216 - BRONZE:50|327 - BRONZE:25|212 - NUDE:15|213 - NUDE:25|245 - NUDE:25|544 - VERT:25|561 - VERT:25|311 - CANARD:25|304 - OR:100|233 - NOIR:175|201  - BLANC:142|324 - ROUGE:34,2801,true,,525,False,,,,,
260046_S,Ruban Satin - 66Mm,Rubans,320,,,280 - FLUO ROSE | 540 - FLUO ROSE | 283 - FLUO ORANGE | 282 - VERT | 239 - GRIS | 240 - GRIS | 234 - GRIS | 271 - BLEU | 248 - BLEU | 270 - BLEU | 262 - BLEU | 202 - BLEU | 225 - MARINE | 224 - BLEU | 319 - BLEU | 273 - VERT | 263 - BLEU | 260 - KAKI | 545 -VERT | 276 - VERT | 299 - KAKI | 307 - VERT | 309 - VERT | 380 - VERT | 227 - VERT | 247 - MARRON | 214 - MARRON | 215 - MARRON | 417 - MARRON | 230 - MAUVE | 302 - MAUVE | 231 - VIOLET | 268 - MAGENTA | 286 - VIOLET | 331 - VIOLET | 232 - VIOLET | 209 - VIN | 315 - ORANGE | 267 - ROUGE | 324 - ROUGE | 293 - ROUGE | 204 - ROUGE | 264 - ROUGE | 210 - ROSE | 277 - ROSE | 278 - ROSE | 208 - ROSE | 218 - JAUNE | 217  - JAUNE | 287 - OR | 249 - OR | 304 - OR | 216 - CUIVRE | 213 - NUDE | 245 - NUDE | 327 - CUIVRE | 201 - BLANC | 233 -NOIR | 390 - BEIGE | 544 - VERT | 311 - CANARD,non,280 - FLUO ROSE:25|540 - FLUO ROSE:25|283 - FLUO ORANGE:25|282 - VERT:50|239 - GRIS:25|240 - GRIS:25|234 - GRIS:25|271 - BLEU:25|248 - BLEU:25|270 - BLEU:25|262 - BLEU:25|202 - BLEU:25|225 - MARINE:25|224 - BLEU:18|319 - BLEU:25|273 - VERT:25|263 - BLEU:22|260 - KAKI:25|545 -VERT:25|276 - VERT:25|299 - KAKI:25|307 - VERT:50|309 - VERT:25|380 - VERT:25|227 - VERT:25|247 - MARRON:25|214 - MARRON:25|215 - MARRON:25|417 - MARRON:25|230 - MAUVE:25|302 - MAUVE:25|231 - VIOLET:25|268 - MAGENTA:25|286 - VIOLET:50|331 - VIOLET:25|232 - VIOLET:25|209 - VIN:25|315 - ORANGE:25|267 - ROUGE:23|324 - ROUGE:148|293 - ROUGE:25|204 - ROUGE:125|264 - ROUGE:25|210 - ROSE:25|277 - ROSE:22|278 - ROSE:25|208 - ROSE:50|218 - JAUNE:50|217  - JAUNE:25|287 - OR:25|249 - OR:25|304 - OR:25|216 - CUIVRE:25|213 - NUDE:25|245 - NUDE:25|327 - CUIVRE:25|201 - BLANC:187|233 -NOIR:121|390 - BEIGE:25|544 - VERT:25|311 - CANARD:25,2119,true,,599,False,,,,,
260026_S,Ruban Satin - 6Mm,Rubans,80,,,280 - FLUO ROSE | 282 - FLUO VERT | 225 - BLEU MARINE | 240 - GRIS | 234 - GRIS | 316 - GRIS | 239 - GRIS FONCE | 271 - BLEU ROI | 224 - BLEU ROI | 263 - BLEU | 322 - BLEU CIEL | 318 - BLEU EMRAUDE | 269 - EMRAUDE | 297 - BLEU MARINE | 273 - VERT D'EAU | 260 - KAKI | 547 - VERT D'EAU | 305 - VERT | 307 - VERT | 309 - VERT | 545 - VERT | 227 - VERT | 214 - MARRON | 230 - MAUVE | 321 - MAUVE | 302 - MAUVE | 231 - VIOLET | 268 - MAGENTA | 286 - PRUNE | 331 - VIOLET | 232 - MAUVE | 300 - VIN | 209 - VIN | 219 - ORANGE | 267 - ROUGE | 324 - ROUGE | 293 - ROUGE | 204 - ROUGE | 210 - ROSE | 277 - ROSE | 208 - ROSE | 205 - ROSE PALE | 203 - ROSE | 218 - OR | 287 - OR | 249 - OR | 216 - CUIVRE | 213 - VIEUX ROSE | 233 - NOIR | 272 - BLANC | 201 - BLANC | 281 - FLUO JAUNE | 262 - BLEU | 247 - MARRON | 427 - MARRON | 315 - ROSE | 557 - ROUGE | 311 - BLEU CANARD | 304 - OR | 291 - ROSE | 229 - VERT,non,280 - FLUO ROSE:25|282 - FLUO VERT:50|225 - BLEU MARINE:25|240 - GRIS:25|234 - GRIS:25|316 - GRIS:50|239 - GRIS FONCE:25|271 - BLEU ROI:25|224 - BLEU ROI:25|263 - BLEU:50|322 - BLEU CIEL:50|318 - BLEU EMRAUDE:25|269 - EMRAUDE:125|297 - BLEU MARINE:25|273 - VERT D'EAU:75|260 - KAKI:25|547 - VERT D'EAU:25|305 - VERT:25|307 - VERT:49|309 - VERT:25|545 - VERT:25|227 - VERT:25|214 - MARRON:25|230 - MAUVE:25|321 - MAUVE:50|302 - MAUVE:50|231 - VIOLET:300|268 - MAGENTA:50|286 - PRUNE:25|331 - VIOLET:25|232 - MAUVE:25|300 - VIN:75|209 - VIN:25|219 - ORANGE:25|267 - ROUGE:50|324 - ROUGE:247|293 - ROUGE:50|204 - ROUGE:25|210 - ROSE:50|277 - ROSE:25|208 - ROSE:20|205 - ROSE PALE:25|203 - ROSE:25|218 - OR:25|287 - OR:25|249 - OR:50|216 - CUIVRE:25|213 - VIEUX ROSE:1200|233 - NOIR:205|272 - BLANC:25|201 - BLANC:200|281 - FLUO JAUNE:25|262 - BLEU:25|247 - MARRON:25|427 - MARRON:25|315 - ROSE:25|557 - ROUGE:25|311 - BLEU CANARD:24|304 - OR:25|291 - ROSE:50|229 - VERT:25,4070,true,,2025,False,,,,,
260027_S,Ruban Satin - 8Mm,Rubans,90,,,280 - FLUO ROSE | 291 - FLUO ROSE | 281 - FLUO JAUNE | 282 - FLUO VERT | 225 - MARINE | 239 - BLEU | 317 - GEIS BLEU | 316 - GRIS | 270 - BLEU | 262 - BLEU CIEL | 202 - BLEU CIEL | 322 - BLEU | 318 - CANARD | 261 - BLEU | 319 - BLEU | 297 - BLEU  GRIS | 260 - KAKI | 545 - VERT | 299 - VERT | 307- VERT | 229 - VERT | 309 - VERT | 227 - VERT PALE | 214 - MARRON | 215 -MARRON | 417 - MARRON | 427 - MARRON | 230 - MAUVE | 321 - MAUVE | 302 - MAUVE | 231 - VIOLET | 286 - VIOLET | 331 - VIOLET | 232 - VIOLET | 209 - VIN | 313 - ORANGE | 275 - SAUMON | 219 - ORANGE | 267 - VIN | 324 - ROUGE | 293 - ORANGE | 204 - ROUGE | 210 - ROSE | 278 - ROSE | 208 - ROSE | 205 - ROSE | 203 - ROSE | 235 - JAUNE | 218 - JAUNE | 217 - JAUNE | 220 - JAUNE | 287 - OR | 249 - OR | 272 - BLANC | 201 - BLANC | 233 - NOIR | 216 - CUIVRE | 224 - BLEU | 263 - BLEU | 305 - VERT | 315 - SAUMON | 390 - NUDE | 557 - ROUGE | 335 - ROSE | 311 - VERT | 334 - ROSE | 277 - ROSE | 561 - VERT | 544 - VERT,non,280 - FLUO ROSE:25|291 - FLUO ROSE:25|281 - FLUO JAUNE:50|282 - FLUO VERT:50|225 - MARINE:20|239 - BLEU:25|317 - GEIS BLEU:50|316 - GRIS:50|270 - BLEU:75|262 - BLEU CIEL:25|202 - BLEU CIEL:25|322 - BLEU:25|318 - CANARD:25|261 - BLEU:25|319 - BLEU:50|297 - BLEU  GRIS:25|260 - KAKI:50|545 - VERT:25|299 - VERT:25|307- VERT:25|229 - VERT:50|309 - VERT:25|227 - VERT PALE:25|214 - MARRON:25|215 -MARRON:72|417 - MARRON:25|427 - MARRON:25|230 - MAUVE:50|321 - MAUVE:50|302 - MAUVE:25|231 - VIOLET:25|286 - VIOLET:25|331 - VIOLET:50|232 - VIOLET:25|209 - VIN:25|313 - ORANGE:50|275 - SAUMON:25|219 - ORANGE:25|267 - VIN:50|324 - ROUGE:200|293 - ORANGE:50|204 - ROUGE:25|210 - ROSE:25|278 - ROSE:50|208 - ROSE:535|205 - ROSE:50|203 - ROSE:25|235 - JAUNE:75|218 - JAUNE:25|217 - JAUNE:25|220 - JAUNE:25|287 - OR:25|249 - OR:25|272 - BLANC:25|201 - BLANC:233|233 - NOIR:23|216 - CUIVRE:250|224 - BLEU:18|263 - BLEU:25|305 - VERT:25|315 - SAUMON:25|390 - NUDE:25|557 - ROUGE:23|335 - ROSE:25|311 - VERT:25|334 - ROSE:246|277 - ROSE:250|561 - VERT:25|544 - VERT:25,3796,true,,116,False,,,,,
260047_S,Ruban Satin - 95Mm,Rubans,690,,,229 - VERT | 204 - ROUGE | 220 - JAUNE | 390 - NUDE | 201 - BLANC | 271 - BLEU,non,229 - VERT:25|204 - ROUGE:25|220 - JAUNE:25|390 - NUDE:25|201 - BLANC:100|271 - BLEU:96,296,true,,1176,False,,,,,
0622,Ruban Satin A Pois - 25Mm,Rubans,210,,,,non,,35,true,,99999,False,,,,,
3399_20,Ruban Satin Ceremonie Lisieres - 20Mm,Rubans,250,,,,non,,66,true,,2263,False,,,,,
3399_38,Ruban Satin Ceremonie Lisieres - 38Mm,Rubans,520,,,,non,,65,true,,1801,False,,,,,
1818,Ruban Satin Extensible,Rubans,310,,,,non,,24,true,,99999,False,,,,,
1010,Ruban Satin Extensible,Rubans,210,,,,non,,6,true,,99999,False,,,,,
0449_15_SATAB,Ruban Satin Lurex - 15Mm -Satab,Rubans,120,,,204 - ROUGE | 205 - ROSE | 269 - EMERAUDE | 01 - OR | 279 - MARINE | 201 - BLANC,non,204 - ROUGE:50|205 - ROSE:24|269 - EMERAUDE:25|01 - OR:37|279 - MARINE:14|201 - BLANC:50,201,true,,933,False,,,,,
260049,Ruban Satin Mat - 15Mm,Rubans,200,,,,non,,275,true,,1665,False,,,,,
260050,Ruban Satin Mat - 25Mm,Rubans,250,,,,non,,207,true,,1235,False,,,,,
260048,Ruban Satin Mat - 8Mm,Rubans,190,,,,non,,188,true,,2509,False,,,,,
0426_10,Ruban Satin Opera - 10Mm,Rubans,180,,,,non,,132,true,,2576,False,,,,,
0426_15,Ruban Satin Opera - 15Mm,Rubans,230,,,,non,,159,true,,1417,False,,,,,
0743,Ruban Sergé Chevrons - 20Mm,Rubans,100,,,,non,,22,true,,99999,False,,,,,
0107_15,Ruban Sergé Gros Grain - 15Mm,Rubans,150,,,,non,,17,true,,2564,False,,,,,
0057,Ruban St Malo - Rayures - 15Mm,Rubans,160,,,,non,,33,true,,2542,False,,,,,
321080,Ruban Taffetas - 10Mm,Rubans,80,,,,non,,213,true,,2285,False,,,,,
321075,Ruban Taffetas - 15Mm,Rubans,90,,,,non,,71,true,,99999,False,,,,,
321079,Ruban Taffetas - 25Mm,Rubans,150,,,,non,,311,true,,2390,False,,,,,
321076,Ruban Taffetas - 38Mm,Rubans,150,,,,non,,149,true,,99999,False,,,,,
321074,Ruban Taffetas - 50Mm,Rubans,210,,,,non,,301,true,,99999,False,,,,,
420380,Ruban Talonettes,Rubans,260,,,,non,,18,true,,99999,False,,,,,
320035,Ruban Tricolore - 102Mm,Rubans,420,,,,non,,9,true,,289,False,,,,,
07000.10,Ruban Tricolore - 10Mm,Rubans,130,,,,non,,120,true,,99999,False,,,,,
320037,Ruban Tricolore - 10Mm,Rubans,120,,,,non,,79,true,,705,False,,,,,
320030,Ruban Tricolore - 15Mm,Rubans,150,,,,non,,25,true,,99999,False,,,,,
07000.17,Ruban Tricolore - 17 Mm,Rubans,160,,,,non,,145,true,,1229,False,,,,,
320031,Ruban Tricolore - 25Mm,Rubans,200,,,,non,,1289,true,,1597,False,,,,,
320032,Ruban Tricolore - 38Mm,Rubans,230,,,,non,,83,true,,1298,False,,,,,
320033,Ruban Tricolore - 50Mm,Rubans,310,,,,non,,14,true,,272,False,,,,,
0035,Ruban Variation,Rubans,140,,,,non,,7,true,,99999,False,,,,,
A1001,Ruban Velour - 100% Polyamide - Ruban Passion,Rubans,130,,,,non,,10,true,,99999,False,,,,,
S16630,"Ruban Velours "" Joyeux Noel "" - 25 Mm - S&M",Rubans,250,,,,non,,42,true,,99999,False,,,,,
350032_15,Ruban Velours - 15Mm,Rubans,230,,,,non,,88,true,,1991,False,,,,,
0150_16,Ruban Velours - 16 Mm,Rubans,260,,,,non,,10,true,,99999,False,,,,,
A1001.16,Ruban Velours - 16 Mm - Ruban Passion,Rubans,260,,,,non,,3,true,,2531,False,,,,,
0150_23,Ruban Velours - 23 Mm,Rubans,270,,,,non,,9,true,,99999,False,,,,,
350032_23,Ruban Velours - 23 Mm,Rubans,300,,,,non,,68,true,,1556,False,,,,,
A1001.25,Ruban Velours - 25 Mm - Ruban Passion,Rubans,300,,,,non,,5,true,,99999,False,,,,,
350032_38,Ruban Velours - 38Mm,Rubans,270,,,,non,,8,true,,99999,False,,,,,
0150_04,Ruban Velours - 4Mm,Rubans,130,,,,non,,23,true,,2554,False,,,,,
0150_50,Ruban Velours - 50 Mm,Rubans,570,,,,non,,9,true,,99999,False,,,,,
A1001.06,Ruban Velours - 6Mm - Ruban Passion,Rubans,130,,,,non,,36,true,,2555,False,,,,,
A1001.09,Ruban Velours - 9 Mm - Ruban Passion,Rubans,230,,,,non,,22,true,,2481,False,,,,,
350032_9,Ruban Velours - 9Mm,Rubans,210,,,,non,,32,true,,99999,False,,,,,
0150_09,Ruban Velours - 9Mm,Rubans,230,,,,non,,10,true,,99999,False,,,,,
0150,Ruban Velours 7Mm,Rubans,210,,,,non,,10,true,,99999,False,,,,,
S.16629,Ruban Velours Etoiles - 25Mm - S&M,Rubans,250,,,08 - ROUGE | 14 - NOIR,non,08 - ROUGE:10|14 - NOIR:10,20,true,,99999,False,,,,,
0065_25,Ruban Vichy - Gros Carreaux - 25Mm,Rubans,280,,,,non,,195,true,,1028,False,,,,,
0065_15,Ruban Vichy Gros Carraux - 15 Mm,Rubans,220,,,,non,,107,true,,2391,False,,,,,
0065_5,Ruban Vichy Mini - 5 Mm,Rubans,70,,,,non,,546,true,,2288,False,,,,,
0063,Ruban Vichy Petits Carraux - 10 Mm,Rubans,150,,,,non,,118,true,,99999,False,,,,,
S103_50,Sangle - 100% Polypropylene - 50Mm - S&M,Rubans,450,,,,non,,13,true,,99999,False,,,,,
S103_25,Sangle 100 % Polypropylen 25Mm,Rubans,300,,,,non,,165,true,,939,False,,,,,
S103_30,Sangle 100 % Polypropylen 30Mm,Rubans,350,,,,non,,140,true,,263,False,,,,,
S103_40,Sangle 100 % Polypropylen 40Mm,Rubans,300,,,,non,,1,true,,99999,False,,,,,
F400.30,Sangle 30Mm,Rubans,310,,,,non,,51,true,,663,False,,,,,
F409.30,Sangle Arc En Ciel - Coton - 30Mm,Rubans,400,,,,non,,2,true,,1472,False,,,,,
S1146,Sangle Aspect Naturel Tresse - 40Mm - S&M,Rubans,500,,,,non,,43,true,,2360,False,,,,,
F400.23,Sangle Coton - 23Mm,Rubans,280,,,,non,,60,true,,1727,False,,,,,
S106_25,Sangle Coton 25Mm - S&M,Rubans,350,,,,non,,29,true,,1990,False,,,,,
S106_30,Sangle Coton 30Mm - S&M,Rubans,400,,,,non,,56,true,S106_30.jpg,553,False,,,,,
I709_20,Sangle Fleurs Et Geometrique - 20Mm,Rubans,340,,,,non,,13,true,,99999,False,,,,,
F412.20,Sangle Jacquard 20Mm (62% Coton / 37% Polyester),Rubans,380,,,,non,,9,true,,1725,False,,,,,
S1102_25,Sangle Jacquard Geometrique 25Mm - S&M,Rubans,500,,,,non,,18,true,,2029,False,,,,,
S116_15,Sangle Polyester - 15Mm - S&M,Rubans,250,,,,non,,33,true,S116_15.jpg,1035,False,,,,,
S116_20,Sangle Polyester 20Mm - S&M,Rubans,300,,,,non,,25,true,S116_20.jpg,338,False,,,,,
S1127,Sangle Polyestere Metalise - 40Mm - S&M,Rubans,500,,,,non,,43,true,,99999,False,,,,,
F402.23,Sangle Polypropylene 23Mm,Rubans,290,,,,non,,57,true,,2110,False,,,,,
F402.40,Sangle Polypropylene 40Mm,Rubans,380,,,,non,,52,true,,591,False,,,,,
F407.30,Sangle Rayee Metalisee - 30Mm,Rubans,450,,,,non,,6,true,,99999,False,,,,,
P239,Sangle Tressee 23Mm,Rubans,650,,,,non,,3,true,,99999,False,,,,,
420683,Sergé 10Mm,Rubans,125,,,,non,,513,true,,1343,False,,,,,
420684,Sergé 15 Mm,Rubans,130,,,,non,,386,true,,423,False,,,,,
420685,Sergé 20Mm,Rubans,140,,,,non,,1164,true,,2364,False,,,,,
420686,Sergé 25Mm,Rubans,140,,,,non,,886,true,,747,False,,,,,
420687,Sergé 30Mm,Rubans,200,,,,non,,63,true,,269,False,,,,,
420689,Sergé 40Mm,Rubans,190,,,,non,,142,true,,2197,False,,,,,
420682,Sergé 5Mm,Rubans,70,,,,non,,124,true,,99999,False,,,,,
420692,Sergé Renforcé - 15 Mm,Rubans,300,,,,non,,38,true,,99999,False,,,,,
420691,Sergé Renforcé- 25 Mm,Rubans,180,,,,non,,61,true,,99999,False,,,,,
P215,Serpentine Metallisee,Rubans,250,,,,non,,8,true,,1045,False,,,,,
6529,Soutache Irise,Rubans,100,,,,non,,100,true,,99999,False,,,,,
BI318.07,Spaghetti Fleurs - 7Mm - 100% Coton,Rubans,200,,,,non,,66,true,,2503,False,,,,,
2744_50,Sangle Plate Cotele - 100% Pes - 50Mm,Sangles,350,,,,non,,12,true,,99999,False,,,,,
0103_20,Sangle Polypropylene 20Mm,Sangles,280,,,,non,,11,true,,2527,False,,,,,
5021,Sangle Rigide,Sangles,420,,,,non,,76,true,,426,False,,,,,
5039,Sangle Tissee Polyester - 20Mm,Sangles,300,,,,non,,32,true,,1677,False,,,,,
ERF.295305,Bande Thermocollant Ourlet 38Mm,Thermocollant,490,,,,non,,34,true,,752,False,,,,,
M.16659,Ecussin Thermo Belles Fleurs - S&M,Thermocollant,800,,,01 - HIBISCUS | 02 - LYS | 03 - PENSEE,non,01 - HIBISCUS:4|02 - LYS:4|03 - PENSEE:4,12,true,M.16659.jpg,670,False,,,,,
EL3538.06,Ecusson Thermo - Barbie Noir,Thermocollant,650,,,,non,,2,true,,2099,False,,,,,
M.07830,Ecusson Thermo - Etoile Or/Argent - S&M,Thermocollant,300,,,002 - ARGENT,non,002 - ARGENT:6,6,true,M.07830.jpg,339,False,,,,,
EA015,Ecusson Thermo - Feuille - Distrifil,Thermocollant,250,,,,non,,1,true,EA015.jpg,2035,False,,,,,
EA014,Ecusson Thermo - Tournesol - Distrifil,Thermocollant,250,,,,non,,6,true,,99999,False,,,,,
EL.6824.06,Ecusson Thermo -Cars Florida,Thermocollant,500,,,,non,,1,true,,2262,False,,,,,
EB028,Ecusson Thermo Abeille,Thermocollant,300,,,,non,,5,true,,99999,False,,,,,
M.16632,Ecusson Thermo Animaux Mignons - S&M,Thermocollant,580,,,002 - RENARD | 004 - OURS | 005 - KOALA,non,002 - RENARD:5|004 - OURS:6|005 - KOALA:6,17,true,M.16632.jpg,2172,False,,,,,
M.16399,Ecusson Thermo Animaux Mignons S&M,Thermocollant,700,,,003 - LION | 001 - LAPIN,non,003 - LION:2|001 - LAPIN:6,8,true,M.16399.jpg,872,False,,,,,
M.16319,Ecusson Thermo Animaux Mignons S&M,Thermocollant,700,,,002 - PINGOUIN | 003 - OURS | 004 - LEOPARD,non,002 - PINGOUIN:2|003 - OURS:5|004 - LEOPARD:4,11,true,,99999,False,,,,,
M16361,Ecusson Thermo Animaux Stars - S&M,Thermocollant,650,,,,non,,7,true,,99999,False,,,,,
EL.6745.01,Ecusson Thermo Ariel,Thermocollant,500,,,,non,,2,true,,99999,False,,,,,
98919,Ecusson Thermo Audacieuse Autriche - Bohin,Thermocollant,600,"Écusson thermocollant BOHIN, collection ""Les Audacieuses"" (Autriche) : patch représentant une femme ayant marqué l'histoire par son audace - Se fixe au fer à repasser",Bohin,,non,,4,true,,99999,False,,,,,
98920,Ecusson Thermo Audacieuse Egypte - Bohin,Thermocollant,600,"Écusson thermocollant BOHIN, collection ""Les Audacieuses"" (Egypte) : patch représentant une femme ayant marqué l'histoire par son audace - Se fixe au fer à repasser",Bohin,,non,,5,true,,99999,False,,,,,
98921,Ecusson Thermo Audacieuse France - Bohin,Thermocollant,600,"Écusson thermocollant BOHIN, collection ""Les Audacieuses"" (France) : patch représentant une femme ayant marqué l'histoire par son audace - Se fixe au fer à repasser",Bohin,,non,,4,true,,99999,False,,,,,
EL.6745.02,Ecusson Thermo Aurore,Thermocollant,500,,,,non,,2,true,,99999,False,,,,,
M.16365,Ecusson Thermo Aviation - S&M,Thermocollant,690,,,001 - AERO | 003 - FLIGHT,non,001 - AERO:4|003 - FLIGHT:4,8,true,M.16365.jpg,1287,False,,,,,
M.16610,Ecusson Thermo Ballet - S&M,Thermocollant,420,,,001 - CHAUSSONS | 004 - FLAMENCO | 006 - BALLET,non,001 - CHAUSSONS:5|004 - FLAMENCO:5|006 - BALLET:4,14,true,M.16610.jpg,99999,False,,,,,
M16069.01,Ecusson Thermo Ballon Foot - 3Mm - S&M,Thermocollant,500,,,,non,,1,true,M16069.01.jpg,1546,False,,,,,
EB022,Ecusson Thermo Ballon Foot - Distrifil,Thermocollant,300,,,,non,,5,true,,99999,False,,,,,
ED107,Ecusson Thermo Barbie,Thermocollant,650,,,,non,,5,true,,99999,False,,,,,
M.16458,Ecusson Thermo Blason Armee - S&M,Thermocollant,600,,,001 - ETOILE | 003 - MARIN,non,001 - ETOILE:5|003 - MARIN:6,11,true,M.16458.jpg,1002,False,,,,,
M.16163,Ecusson Thermo C'Est L' Ete - S&M,Thermocollant,300,,,002 - FRAISE | 004 - GLACE | 005 - LUNETTE | 006 - FLAMAND,non,002 - FRAISE:5|004 - GLACE:5|005 - LUNETTE:4|006 - FLAMAND:6,20,true,M.16163.jpg,1694,False,,,,,
EB054,Ecusson Thermo Cactus,Thermocollant,300,,,,non,,4,true,,99999,False,,,,,
M.16442,Ecusson Thermo Cactus - S&M,Thermocollant,450,,,003 - CACTUS | 004 - GRASSE | 005 - LANGUE,non,003 - CACTUS:4|004 - GRASSE:2|005 - LANGUE:2,8,true,,99999,False,,,,,
EL.6823.05,Ecusson Thermo Cars - Mc Queen,Thermocollant,500,,,,non,,1,true,,2261,False,,,,,
EC091,Ecusson Thermo Champion,Thermocollant,450,,,,non,,5,true,,2308,False,,,,,
M.16576,Ecusson Thermo Chat Licorne - S&M,Thermocollant,530,,,002 - NOEUD | 005 - ANGE,non,002 - NOEUD:6|005 - ANGE:6,12,true,M.16576.jpg,99999,False,,,,,
M16095,Ecusson Thermo Coeur Ange - S&M,Thermocollant,600,,,,non,,5,true,M16095.jpg,2126,False,,,,,
M.16634,Ecusson Thermo Coeur Mexique - S&M,Thermocollant,750,,,001 - AILES | 002 - CROIX | 003 - OEIL | 004 - FLEURS,non,001 - AILES:6|002 - CROIX:6|003 - OEIL:6|004 - FLEURS:5,23,true,M.16634.jpg,2031,False,,,,,
M.16636,Ecusson Thermo Coeur Panthere - S&M,Thermocollant,570,,,001 - PANTHERE | 002 - PANTHERE ROSE | 003 - ZEBRE,non,001 - PANTHERE:2|002 - PANTHERE ROSE:1|003 - ZEBRE:2,5,true,M.16636.jpg,414,False,,,,,
EB021,Ecusson Thermo Coeur Rouge,Thermocollant,300,,,,non,,3,true,,1532,False,,,,,
M.11806,Ecusson Thermo Coeur Sequin - S&M,Thermocollant,450,,,516 - ROSE | 523 - ORANGE | 536 - VERT,non,516 - ROSE:2|523 - ORANGE:1|536 - VERT:1,4,true,M.11806.jpg,1105,False,,,,,
M.16609,Ecusson Thermo Cow Boy - S&M,Thermocollant,550,,,002 - SHERIFF,non,002 - SHERIFF:6,6,true,M.16609.jpg,99999,False,,,,,
EB033,Ecusson Thermo Dino,Thermocollant,300,,,,non,,2,true,,2397,False,,,,,
EB030,Ecusson Thermo Dino Rouge,Thermocollant,300,,,,non,,1,true,,2398,False,,,,,
EC098,Ecusson Thermo Distrifil - Life Fast,Thermocollant,450,,,,non,,3,true,,99999,False,,,,,
EL.6923.05,Ecusson Thermo Dragon Ball - Krilin,Thermocollant,500,,,,non,,1,true,,2258,False,,,,,
EL.6923.03,Ecusson Thermo Dragon Ball - Tortue Geniale,Thermocollant,500,,,,non,,1,true,,2242,False,,,,,
M16460,Ecusson Thermo Drapeau - S&M,Thermocollant,650,,,,non,,1,true,M16460.jpg,1330,False,,,,,
ED105,Ecusson Thermo Dumbo,Thermocollant,650,,,,non,,3,true,,2100,False,,,,,
EB056,Ecusson Thermo Elephant - Distrifil,Thermocollant,300,,,,non,,5,true,EB056.jpg,2415,False,,,,,
M.16559,Ecusson Thermo Ete Sequins - S&M,Thermocollant,560,,,004 - BOUEE | 003 - FLAMAND,non,004 - BOUEE:6|003 - FLAMAND:5,11,true,M.16559.jpg,908,False,,,,,
M.07829,Ecusson Thermo Etoile - S&M,Thermocollant,250,,,002 - NOIR | 004 - MARINE | 006 - ROUGE | 009 - ORANGE | 005 - JAUNE,non,002 - NOIR:1|004 - MARINE:1|006 - ROUGE:1|009 - ORANGE:5|005 - JAUNE:1,9,true,M.07829.jpg,505,False,,,,,
M.16312,Ecusson Thermo Etoile Brillant - S&M,Thermocollant,300,,,007 - BRONZE,non,007 - BRONZE:6,6,true,,1676,False,,,,,
M16530,Ecusson Thermo Etoile Filante - S&M,Thermocollant,400,,,,non,,3,true,M16530.jpg,99999,False,,,,,
EB036,Ecusson Thermo Etoile Mer,Thermocollant,300,,,,non,,2,true,,99999,False,,,,,
M.16589,Ecusson Thermo Faune Marine - S&M,Thermocollant,460,,,001-  ETOILE | 002 -POISSON ROSE | 003 - POISSON VERT | 004 - HIPPOCAMPE | 005 - POISSON BLEU,non,001-  ETOILE:6|002 -POISSON ROSE:2|003 - POISSON VERT:2|004 - HIPPOCAMPE:6|005 - POISSON BLEU:4,20,true,M.16589.jpg,942,False,,,,,
EA016,Ecusson Thermo Feuille Laurier,Thermocollant,250,,,,non,,3,true,,1655,False,,,,,
EA011,Ecusson Thermo Fleur Rose,Thermocollant,250,,,,non,,4,true,,1835,False,,,,,
EA010,Ecusson Thermo Fleur Rose - Distrifil,Thermocollant,250,,,,non,,4,true,,2470,False,,,,,
M.16656,Ecusson Thermo Fleurs Dentelle - S&M,Thermocollant,540,,,02 - ROSE | 03 - MARINE | 05 - BLANC | 06 - NOIR | 07 - LIN | 08 - ORANGE,non,02 - ROSE:6|03 - MARINE:5|05 - BLANC:5|06 - NOIR:5|07 - LIN:4|08 - ORANGE:2,27,true,M.16656.jpg,665,False,,,,,
M16069.02,Ecusson Thermo Foot 5.5Cm - S&M,Thermocollant,550,,,,non,,4,true,M16069.02.jpg,1751,False,,,,,
M.16625,Ecusson Thermo Fun - S&M,Thermocollant,540,,,003 - CACTUS | 002 - FRITES,non,003 - CACTUS:3|002 - FRITES:4,7,true,M.16625.jpg,1480,False,,,,,
EB039,Ecusson Thermo Fusee - Distrifil,Thermocollant,300,,,,non,,5,true,,99999,False,,,,,
98835,Ecusson Thermo Glace Chat - Bohin,Thermocollant,520,"Écusson thermocollant BOHIN motif glace/chat, à fixer au fer à repasser sur vêtements et accessoires",Bohin,,non,,7,true,,99999,False,,,,,
98833,Ecusson Thermo Glace Ourson - Bohin,Thermocollant,520,"Écusson thermocollant BOHIN motif glace/ourson, à fixer au fer à repasser sur vêtements et accessoires",Bohin,,non,,5,true,,2235,False,,,,,
98832,Ecusson Thermo Glace Tigre - Bohin,Thermocollant,520,"Écusson thermocollant BOHIN motif glace/tigre, à fixer au fer à repasser sur vêtements et accessoires",Bohin,,non,,7,true,,99999,False,,,,,
EB048,Ecusson Thermo Grenouille - Distrifil,Thermocollant,300,,,,non,,5,true,,99999,False,,,,,
EA004,Ecusson Thermo Love - Distrifil,Thermocollant,250,,,,non,,5,true,EA004.jpg,2033,False,,,,,
EC070,Ecusson Thermo Luxury - Distrifil,Thermocollant,450,,,,non,,5,true,,99999,False,,,,,
M.16527,Ecusson Thermo Marguerite - S&M,Thermocollant,350,,,003 - ROUGE | 004 - VERT,non,003 - ROUGE:3|004 - VERT:1,4,true,M.16527.jpg,255,False,,,,,
M.16590,Ecusson Thermo Marin - S&M,Thermocollant,470,,,002 - BATEAU PIRATE | 003 - ANCRE | 004 - TETE MORT,non,002 - BATEAU PIRATE:5|003 - ANCRE:1|004 - TETE MORT:4,10,true,M.16590.jpg,929,False,,,,,
M.16476,Ecusson Thermo Meteo Franges - S&M,Thermocollant,650,,,001 - arc en ciel | 002  - NUAGE | 003 - ETOILE,non,001 - arc en ciel:4|002  - NUAGE:6|003 - ETOILE:4,14,true,M.16476.jpg,99999,False,,,,,
EL.6799,Ecusson Thermo Mickey,Thermocollant,450,,,,non,,1,true,,99999,False,,,,,
EC089,Ecusson Thermo Motorcycle,Thermocollant,450,,,,non,,4,true,,1914,False,,,,,
M.16510,Ecusson Thermo Mysthique - S&M,Thermocollant,800,,,001 - SOLEIL | 004 - CHAT,non,001 - SOLEIL:3|004 - CHAT:3,6,true,M.16510.jpg,790,False,,,,,
EA019,Ecusson Thermo Origami Oiseau Bleu,Thermocollant,250,,,,non,,3,true,,99999,False,,,,,
EA018,Ecusson Thermo Origami Oiseau Rouge,Thermocollant,250,,,,non,,5,true,,2468,False,,,,,
EA020,Ecusson Thermo Origamie Avion Jaune,Thermocollant,250,,,,non,,4,true,,99999,False,,,,,
M.16614,Ecusson Thermo Outdoor - S&M,Thermocollant,650,,,002 - ADVENTURE | 003 - OUTDOOR | 004 - RUNNING | 005 -ADVENTURE,non,002 - ADVENTURE:3|003 - OUTDOOR:3|004 - RUNNING:4|005 -ADVENTURE:6,16,true,M.16614.jpg,1329,False,,,,,
M.16655,Ecusson Thermo Papillon Dentelle - S&M,Thermocollant,710,,,01 - LIN | 03 - AMANDE | 07 - ROSE,non,01 - LIN:3|03 - AMANDE:4|07 - ROSE:6,13,true,M.16655.jpg,395,False,,,,,
EB023,Ecusson Thermo Pieuvre Rose,Thermocollant,300,,,,non,,2,true,,99999,False,,,,,
M.16653,Ecusson Thermo Plantes Grasse - S&M,Thermocollant,650,,,02 - MONSTURA,non,02 - MONSTURA:6,6,true,M.16653.jpg,99999,False,,,,,
EB037,Ecusson Thermo Pomme Migionne - Distrifil,Thermocollant,300,,,,non,,5,true,,99999,False,,,,,
EC084,Ecusson Thermo Princesse - Distrifil,Thermocollant,450,,,,non,,5,true,,99999,False,,,,,
EL.6745.05,Ecusson Thermo Princesses - Ariel & Blanche Neige,Thermocollant,500,,,,non,,1,true,,99999,False,,,,,
EL.6745.08,Ecusson Thermo Princesses - Aurore & Ariel,Thermocollant,500,,,,non,,1,true,,2249,False,,,,,
EL.6745.03,Ecusson Thermo Princesses - Belle,Thermocollant,500,,,,non,,2,true,,99999,False,,,,,
EL.6745.07,Ecusson Thermo Princesses - Blanche Neige,Thermocollant,500,,,,non,,2,true,,99999,False,,,,,
EL.6745.04,Ecusson Thermo Princesses - Cendrillon,Thermocollant,500,,,,non,,2,true,,99999,False,,,,,
EL.6745.06,Ecusson Thermo Princesses - Raiponse,Thermocollant,500,,,,non,,2,true,,99999,False,,,,,
EL.6941,Ecusson Thermo Pyjamasks - Distrifil,Thermocollant,450,,,01 -,non,01 -:3,3,true,,99999,False,,,,,
ED103,Ecusson Thermo Pyjamasque Bleu,Thermocollant,650,,,,non,,5,true,,99999,False,,,,,
ED110,Ecusson Thermo Pyjamasque Rouge,Thermocollant,650,,,,non,,5,true,,99999,False,,,,,
ED106,Ecusson Thermo Pyjamasque Vert,Thermocollant,650,,,,non,,3,true,,2170,False,,,,,
M16501,Ecusson Thermo Queen - S&M,Thermocollant,450,,,,non,,5,true,M16501.jpg,2295,False,,,,,
M.16637,Ecusson Thermo Racing - S&M,Thermocollant,640,,,001 - NOIR | 003 - KAKI,non,001 - NOIR:4|003 - KAKI:6,10,true,M.16637.jpg,1639,False,,,,,
EB051,Ecusson Thermo Requin - Distrifil,Thermocollant,300,,,,non,,2,true,EB051.jpg,1910,False,,,,,
M.16657,Ecusson Thermo Rose Dentelle - S&M,Thermocollant,540,,,01 - LIN | 02 - MARINE | 03 - ROUGE | 05 - BLANC | 06 - NOIR | 08 - BEIGE,non,01 - LIN:4|02 - MARINE:4|03 - ROUGE:6|05 - BLANC:6|06 - NOIR:2|08 - BEIGE:6,28,true,M.16657.jpg,733,False,,,,,
EB046,Ecusson Thermo Rose Des Vents - Distrifil,Thermocollant,300,,,,non,,4,true,,2412,False,,,,,
M.16628,Ecusson Thermo Space - S&M,Thermocollant,700,,,001 - TO THE MOON | 002 - EXPLORER | 003 - SPACE,non,001 - TO THE MOON:4|002 - EXPLORER:4|003 - SPACE:6,14,true,M.16628.jpg,1567,False,,,,,
M.16620,Ecusson Thermo Sport - S&M,Thermocollant,400,,,001 - JUDO | 002 - FOOT | 004 - VELO | 005 - RUGBY | 006 - GOLF,non,001 - JUDO:6|002 - FOOT:4|004 - VELO:5|005 - RUGBY:6|006 - GOLF:5,26,true,M.16620.jpg,1692,False,,,,,
M.16571,Ecusson Thermo Sport Raquette - S&M,Thermocollant,370,,,001 - TENNIS | 002 - PADEL,non,001 - TENNIS:6|002 - PADEL:6,12,true,M.16571.jpg,99999,False,,,,,
M.16638,Ecusson Thermo Tableau - S&M,Thermocollant,710,,,001 - TIGRE | 002 - PALMIER | 003 - PERROQUET | 004 - CASE,non,001 - TIGRE:6|002 - PALMIER:6|003 - PERROQUET:5|004 - CASE:3,20,true,M.16638.jpg,1053,False,,,,,
M.16567,Ecusson Thermo Tete De Mort Fleurie - S&M,Thermocollant,670,,,001 - ROSE | 002 - HIBISCUS,non,001 - ROSE:2|002 - HIBISCUS:1,3,true,M.16567.jpg,471,False,,,,,
M.16348,Ecusson Thermo Trefle - S&M,Thermocollant,400,,,002 - ARGENT | 001 - OR | 003 - VERT,non,002 - ARGENT:1|001 - OR:4|003 - VERT:6,11,true,M.16348.jpg,756,False,,,,,
M.16344,Ecusson Thermo Trop Mignon - S&M,Thermocollant,600,,,001 - PANDA | 004 - HAND MADE | 006 - SPACE | 007 - PRINCESSE,non,001 - PANDA:5|004 - HAND MADE:6|006 - SPACE:6|007 - PRINCESSE:3,20,true,M.16344.jpg,99999,False,,,,,
EL.6665,Ecusson Thermo Winnie,Thermocollant,450,,,,non,,1,true,,2307,False,,,,,
ED104,Ecusson Thermo Winnie The Pooh,Thermocollant,650,,,,non,,5,true,,99999,False,,,,,
15591,Ecusson Thermocollant,Thermocollant,730,,,,non,,8,true,,99999,False,,,,,
EC085,Ecusson Thermocollant Distri Papillion Bleu Marine,Thermocollant,450,,,,non,,5,true,,2305,False,,,,,
CC.7000,Ecusson Thermocollant Distrifil,Thermocollant,400,,,02 - SINGE | 05 - MUERTE FEMME | 06 - MUERTE HOMME | 17 - BANG | 23 - NO BAD DAY | 31 - OURS BLEU | 34 - CERF INDIEN | 35 - LION INDIEN | 36 - CASTOR INDIEN | 40 - GRL PWR | 48 - INTERUPTEUR | 54 - ON/OFF | 25 - BALEINE | 26 -PIRATES | 19 - GIRL BOSS | 24 - DOLCE VITA | 28 - CASQUE | 39 - ALOHA | 50 - BUFFLE | 53 - ASTRO | 55 - MOTOR SPIRIT | 57 - CARPE KOI | 73 - FRIDA | 75 - OEIL | 12 - MOJITO,non,02 - SINGE:1|05 - MUERTE FEMME:2|06 - MUERTE HOMME:3|17 - BANG:2|23 - NO BAD DAY:2|31 - OURS BLEU:1|34 - CERF INDIEN:2|35 - LION INDIEN:3|36 - CASTOR INDIEN:3|40 - GRL PWR:1|48 - INTERUPTEUR:2|54 - ON/OFF:1|25 - BALEINE:1|26 -PIRATES:1|19 - GIRL BOSS:2|24 - DOLCE VITA:3|28 - CASQUE:3|39 - ALOHA:3|50 - BUFFLE:2|53 - ASTRO:2|55 - MOTOR SPIRIT:2|57 - CARPE KOI:1|73 - FRIDA:1|75 - OEIL:6|12 - MOJITO:2,52,true,CC.7000.jpg,294,False,,,,,
EB026,Ecusson Thermocollant Distrifil - Fraise,Thermocollant,300,,,,non,,4,true,,2403,False,,,,,
CC.7001,Ecusson Thermocollant Grand - Distrifil,Thermocollant,550,,,06 - SOUCOUPE | 04 - LIGNE BOUCHE | 01 - TETE MORT | 13 - PLAY MORE | 21 - CROCO,oui,06 - SOUCOUPE:2|04 - LIGNE BOUCHE:1|01 - TETE MORT:2|13 - PLAY MORE:2|21 - CROCO:3,10,true,CC.7001.jpg,1748,False,,,,,
EC077,Ecusson Thermocollant Licorne,Thermocollant,450,,,,non,,3,true,,1916,False,,,,,
EC078,Ecusson Thermocollant Licorne Ailee,Thermocollant,450,,,,non,,3,true,,1406,False,,,,,
EB050,Ecusson Thermocollant Marine,Thermocollant,300,,,,non,,5,true,,2149,False,,,,,
EC068,Ecusson Thermocollant Sea&College,Thermocollant,450,,,,non,,4,true,,1102,False,,,,,
HN105,Entoilage Non Tisse Ferme - 65 Gsm - 30% Viscose - 70% Polyester,Thermocollant,650,,,,non,,10,true,,331,False,,,,,
PRY968230,Entoilage Thermocollant Brodofix 40Mm X3M,Thermocollant,1670,,,,non,,1,true,,1458,False,,,,,
HN119,Entoilage Thermocollant Noir 50G/M² - 90 Cm,Thermocollant,600,,,,non,,16,true,,2143,False,,,,,
62521,Film Thermocollant 40X50 Blister,Thermocollant,1200,,,,non,,8,true,,1204,False,,,,,
M.16140,Mothif Thermo Alien Paillettes - 5 X3.5 Cm - S&M,Thermocollant,370,,,002 - ROSE | 004 - OR,non,002 - ROSE:2|004 - OR:3,5,true,,1739,False,,,,,
M.16551,Motif Thermo Badge Etoile & Laurier - S&M,Thermocollant,350,,,002 - BLEU | 004 - KAKI | 001 - NOIR,non,002 - BLEU:5|004 - KAKI:8|001 - NOIR:5,18,true,M.16551.jpg,815,False,,,,,
M.16557,Motif Thermo Dentelle -S&M,Thermocollant,500,,,001 - ROSE | 002 - NOEUD | 003 - FLEUR,non,001 - ROSE:10|002 - NOEUD:4|003 - FLEUR:12,26,true,M.16557.jpg,537,False,,,,,
M.15150,Motif Thermo Etoile Grande - S&M,Thermocollant,300,,,002 - ARGENT,non,002 - ARGENT:3,3,true,M.15150.jpg,679,False,,,,,
98867,Motif Thermo Hippocampe Beige * Bohin,Thermocollant,710,"Motif thermocollant BOHIN hippocampe (beige), à fixer au fer à repasser pour customiser un vêtement",Bohin,,non,,5,true,,99999,False,,,,,
M.16538,Motif Thermo Montagne - S&M,Thermocollant,540,,,001 - MOUNTAIN | 002 - ADVENTURE | 003 - EXPLORE,non,001 - MOUNTAIN:7|002 - ADVENTURE:2|003 - EXPLORE:2,11,true,M.16538.jpg,1267,False,,,,,
98866,Motif Thermo Poisson Bleu- Bohin,Thermocollant,710,"Motif thermocollant BOHIN poisson (bleu), à fixer au fer à repasser pour customiser un vêtement",Bohin,,non,,5,true,,2591,False,,,,,
98735,Motif Thermo Rose Rouge Brodee X1,Thermocollant,1000,,,,non,,1,true,,99999,False,,,,,
98736,Motif Thermo Rose Rouge Brodee X2,Thermocollant,1650,,,,non,,2,true,,921,False,,,,,
M.16122,Motif Thermocolant Animaux Couleurs,Thermocollant,600,,,004-  HIPPOCAMPE | 005 - POISSON,non,004-  HIPPOCAMPE:3|005 - POISSON:5,8,true,,1000,False,,,,,
M16350,Motif Thermocolant Ecusson Sous La Pluie,Thermocollant,650,,,,non,,13,true,,99999,False,,,,,
M15440,Motif Thermocolant M Animaux Feutrine &Motif,Thermocollant,800,,,,non,,5,true,,1483,False,,,,,
M15999,Motif Thermocolant M Animaux Verts Fleuris,Thermocollant,600,,,,non,,6,true,,1194,False,,,,,
M15589,Motif Thermocolant M Animaux Vichy Et Pois,Thermocollant,670,,,,non,,4,true,,1613,False,,,,,
M16318,Motif Thermocolant M Ecusson Animaux Pirates,Thermocollant,690,,,,non,,4,true,,2072,False,,,,,
M16250,Motif Thermocolant M Ecusson Vehicule Vint.,Thermocollant,550,,,,non,,3,true,,1754,False,,,,,
M16260,Motif Thermocolant M Ecusson Vehicules,Thermocollant,600,,,,non,,11,true,,99999,False,,,,,
M16170,Motif Thermocolant M Ecussons Let'S Go,Thermocollant,950,,,,non,,9,true,,99999,False,,,,,
M16171,Motif Thermocolant M Ecussons Ours Voyageur,Thermocollant,740,,,,non,,10,true,,99999,False,,,,,
M16219,Motif Thermocolant M Ecussons Transport De Collection,Thermocollant,690,,,,non,,3,true,,99999,False,,,,,
M16008,Motif Thermocolant M Theme Marin,Thermocollant,690,,,,non,,1,true,,2071,False,,,,,
M16012,Motif Thermocolant S Chats Sur Coeur 4X5Cm,Thermocollant,500,,,,non,,4,true,,1836,False,,,,,
ERF.276335,Ourlet Rapide 25Mm,Thermocollant,390,,,,non,,29,true,,477,False,,,,,
S60427,Ourlet Rapide Thermo 20Mm X 3M - S&M,Thermocollant,600,,,,non,,5,true,S60427.jpg,297,False,,,,,
61010,Piece Nylon Autocollant 2X 8*12Cm - Blanc,Thermocollant,510,,,,non,,23,true,,1302,False,,,,,
61041,Piece Nylon Autocollant 2X 8*12Cm - Kaki,Thermocollant,510,,,,non,,11,true,,989,False,,,,,
61054,Piece Nylon Autocollant 2X 8*12Cm - Marine,Thermocollant,510,,,,non,,11,true,,994,False,,,,,
61090,Piece Nylon Autocollant 2X 8*12Cm - Noir,Thermocollant,510,,,,non,,15,true,,353,False,,,,,
98421,Piece Reflechissante Adhesive 10X20Cm Grise,Thermocollant,850,,,,non,,5,true,,1958,False,,,,,
98423,Piece Reflechissante Adhesive 10X20Cm Jaune,Thermocollant,850,,,,non,,5,true,,99999,False,,,,,
98422,Piece Reflechissante Adhesive 10X20Cm Orange,Thermocollant,850,,,,non,,4,true,,99999,False,,,,,
98388,"Piece Thermmo ""Jersey/Maille"" 12X45Cm - Bohin - Marine",Thermocollant,590,"Pièce thermocollante Bohin jersey/maille, 12x45cm, coloris marine : pour réparer ou renforcer un vêtement en maille",Bohin,,non,,6,true,,1412,False,,,,,
98483,Piece Thermo 12X45 Cm - Jeans -Clair,Thermocollant,590,,,,non,,3,true,,249,False,,,,,
98390,Piece Thermo Jersey Maille - Marron - Bohin,Thermocollant,590,"Pièce thermocollante Bohin jersey/maille, 12x45cm, coloris marron : pour réparer ou renforcer un vêtement en maille",Bohin,,non,,21,true,,1496,False,,,,,
61530,Piece Thermo Percale 12X45Cm - Beige,Thermocollant,590,,,,non,,13,true,,265,False,,,,,
61510,Piece Thermo Percale 12X45Cm - Blanc,Thermocollant,590,,,,non,,22,true,,306,False,,,,,
61554,Piece Thermo Percale 12X45Cm - Bleu Marine,Thermocollant,590,,,,non,,16,true,,541,False,,,,,
61551,Piece Thermo Percale 12X45Cm - Bleu Roi,Thermocollant,590,,,,non,,27,true,,1023,False,,,,,
61515,Piece Thermo Percale 12X45Cm - Bordeau,Thermocollant,590,,,,non,,22,true,,2166,False,,,,,
61533,Piece Thermo Percale 12X45Cm - Gris,Thermocollant,590,,,,non,,20,true,,411,False,,,,,
61543,Piece Thermo Percale 12X45Cm - Kaki,Thermocollant,590,,,,non,,11,true,,863,False,,,,,
61538,Piece Thermo Percale 12X45Cm - Marron,Thermocollant,590,,,,non,,21,true,,1703,False,,,,,
61590,Piece Thermo Percale 12X45Cm - Noir,Thermocollant,590,,,,non,,46,true,,440,False,,,,,
61518,Piece Thermo Percale 12X45Cm - Rouge,Thermocollant,590,,,,non,,18,true,,1411,False,,,,,
61541,Piece Thermo Percale 12X45Cm - Vert,Thermocollant,590,,,,non,,7,true,,1413,False,,,,,
98484,Piece Thermocollante Jean Clair,Thermocollant,590,,,,non,,18,true,,441,False,,,,,
98392,Piece Thermocollante Jersey Blanc,Thermocollant,590,,,,non,,2,true,,209,False,,,,,
98389,Piece Thermocollante Jersey Noir,Thermocollant,590,,,,non,,7,true,,688,False,,,,,
98376,Renfort Coude A Coudre Gm Rouge - Bohin,Thermocollant,700,"Renfort de coude thermocollant BOHIN, grand modèle, rouge : se pose au fer à repasser pour renforcer coudes de pull/veste",Bohin,,non,,5,true,,99999,False,,,,,
61795,Renfort De Coude Pastel,Thermocollant,810,,,,non,,5,true,,1187,False,,,,,
98385,Renfort De Coude Petit Modele A Coudre - Rouge - Bohin,Thermocollant,650,"Renfort de coude thermocollant BOHIN, petit modèle, rouge : se pose au fer à repasser pour renforcer coudes de pull/veste",Bohin,,non,,5,true,,99999,False,,,,,
98380,Renfort De Coude Petit Modele A Coudre Noirx2 - Bohin,Thermocollant,650,"Renfort de coude thermocollant BOHIN, petit modèle, noir : se pose au fer à repasser pour renforcer coudes de pull/veste",Bohin,,non,,13,true,,1331,False,,,,,
98371,Renfort De Coude Souple A Coudre Noirx 2 - Bohin,Thermocollant,700,"Renfort de coude thermocollant BOHIN, souple, noir : se pose au fer à repasser pour renforcer coudes de pull/veste",Bohin,,non,,7,true,,1563,False,,,,,
61793,Renfort Thermo Jeans - Bohin,Thermocollant,590,"Renfort thermocollant BOHIN spécial jean, à poser au fer à repasser pour réparer un accroc ou renforcer un jean",Bohin,,non,,1,true,,99999,False,,,,,
P200.BLC,Rouleau 50M Renfort Thermocollant,Thermocollant,1200,,,,non,,35,true,,155,False,,,,,
560028,Rouleau Jersey Maille Thermocollant - 80 Cm,Thermocollant,880,,,,non,,27,true,,722,False,,,,,
F13.3,Ruban D'Etancheite - 30Mm - Polyurethane - Thermocollant,Thermocollant,200,,,,non,,55,true,,574,False,,,,,
REF.110,Thermocollant Fantaisie,Thermocollant,450,,,,non,,31,true,,1915,False,,,,,
98485,Thermocollant Jean Denim,Thermocollant,590,,,,non,,15,true,,373,False,,,,,
98486,Thermocollant Jean Noir,Thermocollant,590,,,,non,,16,true,,761,False,,,,,
605,Thermocollant Jersey Marron,Thermocollant,590,,,,non,,3,true,,99999,False,,,,,
98391,Thermocollant Maille Gris,Thermocollant,590,,,,non,,11,true,,1815,False,,,,,
98834,Thermocollant Panda Bohin,Thermocollant,520,"Écusson thermocollant BOHIN motif panda, à fixer au fer à repasser sur vêtements et accessoires",Bohin,,non,,8,true,,99999,False,,,,,
K2134,Calendrier Avant - Noel - A Coudre - Katia,Tissus,2300,,Katia,14,non,14:11,11,true,,99999,False,,,,,
PB.050,Coupon Coton 54X69 Cm - Distrifil,Tissus,950,,,,non,,12,true,PB.050.jpg,93,False,,,,,
PB.050N,Coupon Tissu Noel - 53X70Cm - 100% Coton,Tissus,950,,,,non,,45,true,,685,False,,,,,
COUPON_KATIA,Coupon Tissus Coton 150 X 50 Cm - Katia,Tissus,1400,,Katia,,non,,30,true,,212,False,,,,,
PB.010,Coupon Tissus Distrifil - 49 X 69 Cm - 100% Coton,Tissus,850,,,,non,,53,true,PB.010.jpg,90,False,,,,,
18995.55.92,Coupon Tissus Pvc - Leopard Mauve - 25X70Cm - Rico,Tissus,1100,,,,non,,2,true,,1742,False,,,,,
PB.010U,Coupon Uni - 49 X 69 Cm - Distrifil,Tissus,850,,,,non,,57,true,PB.010U.jpg,79,False,,,,,
M18216,Feuille Feutrine 25 X 30 Cm - 1Mm - S&M,Tissus,250,,,,non,,44,true,M18216.jpg,437,False,,,,,
M18181,Feuille Feutrine 25 X 30 Cm - 3Mm - S&M,Tissus,490,,,,non,,3,true,,99999,False,,,,,
T001_DIS,Feutrine A4 - 100% Acrylique - Dstrifil,Tissus,190,,,16- MARINE | 20 - VERT | 31- MARRON | 44 - ROUGE,non,16- MARINE:8|20 - VERT:10|31- MARRON:5|44 - ROUGE:8,31,true,,612,False,,,,,
CPK090,Kit Feutrine Nuage,Tissus,3380,,,,non,,1,true,,99999,False,,,,,
TISSU_INTERSTISS,Microfibre Interstiss,Tissus,2150,,,,non,,29,true,,206,False,,,,,
MPK009,Mon Petit Kit - Set De Table,Tissus,3250,,,,non,,1,true,,99999,False,,,,,
HN180,Ouate A Coudre 92G/M² 90Cm,Tissus,1020,,,,non,,4,true,,148,False,,,,,
TIS_A2008,Panneau Sashiko 61 X108 Cm - Tsumugi A2008 - Bleu,Tissus,5020,,,,non,,5,true,,158,False,,,,,
PATRON_KATIA,Patron Katia Fabrics,Tissus,1200,,Katia,4001- AUTUMN HIVER,non,4001- AUTUMN HIVER:9,9,true,,1690,False,,,,,
K2108,Popeline De Coton Uni - 115G/M² - 150 Laize - Katia,Tissus,1920,"Popeline de coton uni 100% coton, grammage 115g/m², laize 150 cm.",Katia,300 - BLANC | 319 - NOIR,non,300 - BLANC:3|319 - NOIR:3,7,true,,435,False,,,,,
K2032,Sac A Coudre Poisson - Katia,Tissus,3150,Kit sac à coudre - Katia Fabrics.,Katia,,non,,2,true,,99999,False,,,,,
TIS_AMEU,Tissu Ameublement - 1/2 Natte - 100% Coton - 140 Cm Laize -S Tof,Tissus,2000,,,,non,,20,true,,99999,False,,,,,
TIS_280,Tissu Ameublement 1/2 Natte 100% Coton - 280 Cm Laize - Stof,Tissus,2900,,,,non,,42,true,,377,False,,,,,
TIS_CORAIL,Tissu Ameublement Corail 90% Coton - 155 Cm Laize,Tissus,2700,,,,non,,18,true,,439,False,,,,,
TIS_CRET,Tissu Cretonne Motifs - 100% Coton - 160 Cm Laize - Stof,Tissus,1700,,,,non,,103,true,TIS_CRET.jpg,75,False,,,,,
K2025,Tissu Denim - 100% Coton - 145 Cm Laize - 125Gr /M²- Katia,Tissus,2300,"Tissu denim 100% coton, grammage 125g/m², laize 145 cm.",Katia,,non,,1,true,K2025.webp,204,False,,,,,
K2010,Tissu Denim - Katia - 100% Coton - 125 Gr/M² - 145 Cm Laize,Tissus,1500,"Tissu denim 100% coton, grammage 125g/m², laize 145 cm.",Katia,,non,,24,true,,791,False,,,,,
K2028,Tissu Denim Print Color - Katia - 100% Coton - 125Gr/M² - 150Cm Laize,Tissus,1650,"Tissu denim imprimé coloré 100% coton, grammage 125g/m², laize 150 cm.",Katia,,non,,30,true,,1062,False,,,,,
TIS_EPONGE,Tissu Eponge Bambou 305 G - 150 Cm Laize - 40%Bambou - 20% Coton -,Tissus,2800,,,,non,,2,true,,208,False,,,,,
TIS_GAZE,Tissu Gaze - 100%Coton - 135 Cm Laize - Stof,Tissus,1650,,,,non,,37,true,,280,False,,,,,
TIS_HERA,Tissu Herault - 100% Coton - 140 Cm Laize - Stof,Tissus,1600,,,,non,,170,true,,135,False,,,,,
TIS_5,Tissu Imprime Stof,Tissus,1400,,,,non,,14,true,,517,False,,,,,
K2240,Tissu Knit Raffia - 100% Cellulose - 60 Cm Laize - Katia,Tissus,2540,"Tissu knit raffia 100% cellulose, laize 60 cm.",Katia,,non,,5,true,,614,False,,,,,
K2015,Tissu Mousseline - 100% Coton - 130 Cm Laize - Katia,Tissus,1500,"Tissu mousseline 100% coton, laize 130 cm.",Katia,,non,,18,true,,720,False,,,,,
TIS_DOUDOU,Tissu Polaire Doudou - 100% Pe - 150 Cm Laize - 400G - Stof,Tissus,2190,,,,non,,29,true,,202,False,,,,,
TIS_POPE,Tissu Popeline - 100% Coton - 145 Cm Laize - Stof,Tissus,1300,,,,non,,29,true,,718,False,,,,,
KA2001,Tissu Popeline - Oeko Tex - 100% Coton - 120Gr/ M² - 145 Cm Laize,Tissus,1650,,,,non,,23,true,,1164,False,,,,,
TIS_PUL,Tissu Pul Impermeable,Tissus,2000,,,,non,,7,true,,99999,False,,,,,
K2040,Tissu Rustic Cotton - Katia - 100%Coton - 150Gr/M² - 130 Cm Laize,Tissus,1500,"Tissu rustic cotton 100% coton, grammage 150g/m², laize 130 cm.",Katia,,non,,13,true,,1011,False,,,,,
TIS_TOILE,Tissu Teint - 100% Coton - 150Cm Laize Turquoise - Stof,Tissus,1350,,,,non,,21,true,,1266,False,,,,,
TIS_TT,Tissu Teint Saint Tropez - 100% Coton - 150 Cm Laize - Stof,Tissus,2350,,,,non,,12,true,,211,False,,,,,
TIS_10,Tissu Thermocolant Double Face Distrifils,Tissus,800,,,,non,,57,true,,1693,False,,,,,
TIS_JUTE,Tissu Toile De Jute - 100% Jute - 140 Cm Laize,Tissus,2050,,,,non,,9,true,,524,False,,,,,
K2296,Tissu Type Soie - 100% Polyester - 150 Cm Laize - 130G/M² - Katia,Tissus,2000,"Tissu type soie 100% polyester, grammage 130g/m², laize 150 cm.",Katia,01 - CREAM,non,01 - CREAM:6,6,true,,996,False,,,,,
TIS_VELOURS,Tissu Velours 100% Pe - 140Cm Laize 6 Stof,Tissus,2350,,,,non,,5,true,,188,False,,,,,
K2195,Tissu Vichy Tricolor - Katia - 50% Coton / 50% Poly -,Tissus,1800,Tissu vichy 50% coton / 50% polyester.,Katia,,non,,7,true,,2054,False,,,,,
TIS_VISC,Tissu Viscose - 150 Cm Laize - Stof,Tissus,1550,,,,non,,45,true,,151,False,,,,,
K2132,Tissu X Mas Canvas - Katia - 90%Co/10% Poly - 194 Gr/M² - 140 Laize,Tissus,2800,"Tissu canvas de Noël 90% coton / 10% polyester, grammage 194g/m², laize 140 cm.",Katia,,non,,3,true,,99999,False,,,,,
K2199,Tissu Xmas Popelin - Katia - 100% Coton - 120 Gr/M² - 150 Cm Laize,Tissus,2500,"Tissu popeline de Noël 100% coton, grammage 120g/m², laize 150 cm.",Katia,,non,,5,true,,99999,False,,,,,
K2205,Tissus 3D Mesh 70 Cm - 150G/M²- Katia,Tissus,2350,"Tissu 3D mesh, grammage 150g/m², laize 70 cm.",Katia,,non,,7,true,,547,False,,,,,
TIS_ABSORB,"Tissus Absorbant ( Chanvre, Matelassé, Zorb...)",Tissus,2000,,,,non,,5,true,,1321,False,,,,,
K2207,Tissus Aluminium Glaciere - Katia,Tissus,1520,,Katia,,non,,3,true,,99999,False,,,,,
TIS_JERSEY,Tissus Jersey - 150 Cm Laize,Tissus,2500,,,,non,,4,true,,449,False,,,,,
K2192,Tissus Tulle Rainbow - 160 Cm Laize - Katia,Tissus,1720,"Tissu tulle rainbow, laize 160 cm.",Katia,,non,,4,true,,387,False,,,,,
K2193,Tissus Tulle Rainbow Plisse - Katia,Tissus,1920,Tissu tulle rainbow plissé.,Katia,,non,,6,true,,1718,False,,,,,
K2084,Tissus Voile De Coton - 135 Cm - 70 G/M²- Katia,Tissus,1620,"Tissu voile de coton, grammage 70g/m², laize 135 cm.",Katia,,non,,16,true,,936,False,,,,,
S3206,Tulle A Paillette Au Metre - 150 Cm Laize - S&M,Tissus,950,,,,non,,46,true,,584,False,,,,,
S.3205,Tulle Au Metre - 150Cm Laize - S&M,Tissus,850,,,01 - BLANC | 016 - ANIS | 020  TURQUOISE | 202 - FLUO ANIS,non,01 - BLANC:6|016 - ANIS:20|020  TURQUOISE:20|202 - FLUO ANIS:20,66,true,,268,False,,,,,
ERF.275987,Pastille Scratch Adhesive Ø20Mm - X8 - Noir,Velcros,780,,,,non,,10,true,,99999,False,,,,,
ERF.275970,Pastilles Scratch Adhesive Ø20Mm - X8 - Blanc,Velcros,780,,,,non,,10,true,,99999,False,,,,,
62503,Pastilles Velcro Adhesif Blanc X 8P,Velcros,1030,,,,non,,21,true,,1292,False,,,,,
62502,Pastilles Velcro Adhesif Noir X8,Velcros,1030,,,,non,,12,true,,764,False,,,,,
460005,Velcro A Coudre - 100Mm,Velcros,1800,,,,non,,36,true,460005.jpg,371,False,,,,,
460000,Velcro A Coudre - 16Mm,Velcros,350,,,,non,,62,true,460000.jpg,312,False,,,,,
460001,Velcro A Coudre - 20Mm,Velcros,400,,,,non,,135,true,460001.jpg,186,False,,,,,
460002,Velcro A Coudre - 25Mm,Velcros,450,,,,non,,71,true,460002.jpg,50,False,,,,,
460003,Velcro A Coudre - 38 Mm,Velcros,600,,,,non,,86,true,460003.jpg,270,False,,,,,
460004,Velcro A Coudre - 50Mm,Velcros,700,,,,non,,41,true,460004.webp,46,False,,,,,
VELCRO_25_C,Velcro A Coudre - Alfatex - 25Mm - Hook & Loop,Velcros,450,,,BLACK  - 3C0 | WHITE - 014,non,BLACK  - 3C0:100|WHITE - 014:100,200,true,,99999,True,,,,,
VELCRO_50_C,Velcro A Coudre - Alfatex - 50 Mm - Hook & Loop,Velcros,700,,,BLACK - 3C0 | WHITE  - 014,non,BLACK - 3C0:98|WHITE  - 014:100,198,true,,1590,True,,,,,
VELCRO_20_A,Velcro Adhesif - 20 Mm - Hook & Loop,Velcros,600,,,BLACK  - 3C0 | WHITE - 014,non,BLACK  - 3C0:92|WHITE - 014:174,267,true,,165,True,,,,,
VELCRO_25_A,Velcro Adhesif - 25 Mm - Hook & Loop,Velcros,650,,,BLACK 3C0 | WHITE  - 014,non,BLACK 3C0:198|WHITE  - 014:200,398,true,,1740,True,,,,,
460008,Velcro Adhesif - 50Mm,Velcros,1000,,,,non,,74,true,460008.jpg,14,False,,,,,
VECLRO_50_A,Velcro Adhesif - 50Mm - Hook & Loop,Velcros,1000,,,BLACK  - 3C0,non,BLACK  - 3C0:95,94,true,,621,True,,,,,
460009,Velcro Dos A Dos,Velcros,600,,,,non,,173,true,,1370,True,,,,,
VELCRO_25_ELA,Velcro Elastique Woven - 25Mm - Hook & Loop,Velcros,1250,,,BLACK - 3C0,non,BLACK - 3C0:100,100,true,,99999,True,,,,,
S2146,Bande Elastique Reflechissante Jaune/Orange - 50Mm - S&M,Élastiques,420,,,,non,,47,true,,1650,False,,,,,
B.FI,Bobine Fil Elastique - 0.6Mm - 25 M - Passion Ruban,Élastiques,850,,,,non,,14,true,,638,False,,,,,
F4706.1.5.02,Cordon Elastique - 1.5Mm - Blanc,Élastiques,50,,,,non,,100,true,,99999,False,,,,,
F4706.3.02,Cordon Elastique - 3Mm - Blanc,Élastiques,100,,,,non,,50,true,,99999,False,,,,,
F4706.1.5,Cordon Elastique 1.5Mm,Élastiques,50,,,,non,,100,true,,99999,False,,,,,
4731.1.5,Cordon Elastique 1.5Mm,Élastiques,60,,,,non,,35,true,,806,False,,,,,
4731.1.5.02,Cordon Elastique 1.5Mm Blanc,Élastiques,60,,,,non,,96,true,,1600,False,,,,,
F4706.1.02,Cordon Elastique 1Mm Blanc,Élastiques,50,,,,non,,101,true,,526,False,,,,,
F4706.1.01,Cordon Elastique 1Mm Noir,Élastiques,50,,,,non,,164,true,,2467,False,,,,,
F4706.2.3.02,Cordon Elastique 2.3Mm - Blanc,Élastiques,80,,,,non,,100,true,,99999,False,,,,,
F4706.2.3,Cordon Elastique 2.3Mm - Noir,Élastiques,80,,,,non,,100,true,,99999,False,,,,,
F4706.3,Cordon Elastique 3Mm,Élastiques,100,,,,non,,50,true,,99999,False,,,,,
F4706.5,Cordon Elastique 5Mm,Élastiques,170,,,,non,,98,true,,773,False,,,,,
C110,Cordon Elastique Outdoor - 5.2Mm - Polypropy +Elastane,Élastiques,190,,,01 - NOIR | 02 - BLANC,non,01 - NOIR:18|02 - BLANC:20,38,true,,1240,False,,,,,
0868_150,Cordon Elastique Rond Lurex - 1.5Mm,Élastiques,135,,,,non,,58,true,,2457,False,,,,,
0868_2,Cordon Elastique Rond Lurex - 2Mm,Élastiques,155,,,,non,,69,true,,1813,False,,,,,
F4706.5.02,Cordon Elastique Ø5Mm - Blanc,Élastiques,170,,,,non,,49,true,,1581,False,,,,,
1822_5,Cordon Spaghetti Extensible Lurex - 5Mm,Élastiques,300,,,,non,,3,true,,540,False,,,,,
5310_35,Cotele Elastique - 35Mm,Élastiques,290,,,,non,,1,true,,99999,False,,,,,
5310_40,Cotele Elastique - 40Mm,Élastiques,430,,,,non,,8,true,,501,False,,,,,
830_40,Cotele Elastique - 40Mm,Élastiques,230,,,,non,,6,true,,745,False,,,,,
833_40,Cotele Elastique - 40Mm,Élastiques,210,,,,non,,61,true,,99999,False,,,,,
5310_50,Cotele Elastique - 50Mm,Élastiques,450,,,,non,,55,true,,99999,False,,,,,
833_50,Cotele Elastique - 50Mm,Élastiques,210,,,,non,,16,true,,99999,False,,,,,
5310_60,Cotele Elastique - 60Mm,Élastiques,490,,,,non,,99,true,,2575,False,,,,,
D1041,Dentelle Elastique 15 Mm,Élastiques,450,,,,non,,43,true,,99999,False,,,,,
0816,Elastique A Boutonniere 16Mm,Élastiques,380,,,,non,,33,true,,859,False,,,,,
4770.20,Elastique A Boutonniere 19Mm,Élastiques,300,,,,non,,29,true,,1927,False,,,,,
ELA_3,Elastique A Culotte Pre Plie,Élastiques,180,,,,non,,47,true,,2358,False,,,,,
4772.60,Elastique A Jupe 60Mm,Élastiques,560,,,,non,,31,true,,99999,False,,,,,
F121,Elastique Anti Glisse,Élastiques,450,,,,non,,24,true,,759,False,,,,,
S1977,Elastique Avec Cordon - 38Mm - S&M,Élastiques,450,,,,non,,31,true,,1020,False,,,,,
F136.12,Elastique Boutonniere 12Mm,Élastiques,260,,,,non,,11,true,,1507,False,,,,,
P274,Elastique Boutonniere 17Mm - Distrifil,Élastiques,390,,,,non,,8,true,,99999,False,,,,,
S1976.15,Elastique Boxer Touche Peau - 15Mm - S&M,Élastiques,220,,,,non,,18,true,,1982,False,,,,,
S1976.32,Elastique Boxer Touche Peau - 32 Mm - S&M,Élastiques,400,,,,non,,3,true,,1838,False,,,,,
F129.12,Elastique Bretelle - 12 Mm - 80% Polyamide - 20% Elastane,Élastiques,300,,,,non,,10,true,,2117,False,,,,,
ELA_4,Elastique Bretelle Picot - 7Mm,Élastiques,150,,,,non,,9,true,,2266,False,,,,,
4771_25,Elastique Calecon - 25Mm,Élastiques,180,,,01 - NOIR | 02- BLANC,non,01 - NOIR:25|02- BLANC:25,50,true,,99999,False,,,,,
S01949,Elastique Cavalier Lingerie - S&M,Élastiques,350,,,,non,,47,true,,1501,False,,,,,
F205.35.01,Elastique Coetele 35Mm - Noir,Élastiques,290,,,,non,,59,true,,983,False,,,,,
4731.3,Elastique Cordon - 3 Mm - Noir,Élastiques,100,,,,non,,85,true,,1087,False,,,,,
4731.3.02,Elastique Cordon - 3Mm - Blanc,Élastiques,100,,,,non,,123,true,,2155,False,,,,,
4731.2.3.02,Elastique Cordon 2.3Mm - Blanc,Élastiques,80,,,,non,,86,true,,647,False,,,,,
4731.2.3,Elastique Cordon 2.3Mm - Noir,Élastiques,80,,,,non,,110,true,,1405,False,,,,,
F205.15.02,Elastique Cotele - 15Mm - Blanc,Élastiques,130,,,,non,,54,true,,1077,False,,,,,
F205.30.02,Elastique Cotele - 30Mm - Blanc,Élastiques,290,,,,non,,22,true,,560,False,,,,,
F205.35.02,Elastique Cotele - 35Mm - Blanc,Élastiques,290,,,,non,,51,true,,717,False,,,,,
F205.40.02,Elastique Cotele - 40 Mm - Blanc,Élastiques,430,,,,non,,50,true,,99999,False,,,,,
F205.10.02,Elastique Cotele 10 Mm Blanc,Élastiques,120,,,,non,,89,true,,2224,False,,,,,
F205.10,Elastique Cotele 10 Mm Noir,Élastiques,120,,,,non,,78,true,,2587,False,,,,,
F205.15,Elastique Cotele 15Mm,Élastiques,130,,,,non,,16,true,,563,False,,,,,
F205C.15,Elastique Cotele 15Mm,Élastiques,150,,,,non,,11,true,,99999,False,,,,,
F205.20,Elastique Cotele 20Mm,Élastiques,140,,,,non,,54,true,,763,False,,,,,
F205.25,Elastique Cotele 25Mm,Élastiques,200,,,,non,,35,true,,852,False,,,,,
F205C.25,Elastique Cotele 25Mm,Élastiques,200,,,,non,,3,true,,99999,False,,,,,
F205.25.02,Elastique Cotele 25Mm - Blanc,Élastiques,200,,,,non,,74,true,,393,False,,,,,
F205.30.01,Elastique Cotele 30Mm - Noir,Élastiques,290,,,,non,,69,true,,1145,False,,,,,
F205.40.01,Elastique Cotele 40 Mm - Noir,Élastiques,430,,,,non,,46,true,,1118,False,,,,,
F205.50.02,Elastique Cotele 50Mm - Blanc,Élastiques,450,,,,non,,11,true,,467,False,,,,,
F205.50.01,Elastique Cotele 50Mm - Noir,Élastiques,450,,,,non,,20,true,,561,False,,,,,
F205.60.02,Elastique Cotele 60Mm - Blanc,Élastiques,490,,,,non,,25,true,,99999,False,,,,,
F205.60.01,Elastique Cotele 60Mm - Noir,Élastiques,490,,,,non,,25,true,,99999,False,,,,,
F205.20.02,Elastique Coteler 20Mm - Blanc,Élastiques,140,,,,non,,44,true,,1250,False,,,,,
F124,Elastique Dentelle Lingerie,Élastiques,150,,,,non,,14,true,,99999,False,,,,,
F140_35,Elastique Doux - Uni Color - 35Mm,Élastiques,350,,,002 - BLANC | 014 - ROUGE | 056 - BEIGE | 070 - CIEL,non,002 - BLANC:9|014 - ROUGE:5|056 - BEIGE:10|070 - CIEL:7,32,true,,497,False,,,,,
F140.35,Elastique Doux Uni Colore - 35Mm,Élastiques,350,,,,non,,10,true,,728,False,,,,,
F126.25.02,Elastique Fronceur Smock - 25Mm - Blanc,Élastiques,150,,,,non,,13,true,,1760,False,,,,,
F126.25.01,Elastique Fronceur Smock - 25Mm - Noir,Élastiques,150,,,,non,,22,true,,99999,False,,,,,
F126.50.02,Elastique Fronceur Smock - 50Mm - Blanc,Élastiques,260,,,,non,,12,true,,1619,False,,,,,
F126.50.01,Elastique Fronceur Smock - 50Mm - Noir,Élastiques,260,,,,non,,24,true,,99999,False,,,,,
0820_20,Elastique Gros Grain - 20Mm,Élastiques,350,,,,non,,42,true,,1786,False,,,,,
0820_25,Elastique Gros Grain - 25Mm,Élastiques,380,,,,non,,34,true,,1867,False,,,,,
0820_30,Elastique Gros Grain - 30Mm,Élastiques,415,,,,non,,19,true,,99999,False,,,,,
0820_35,Elastique Gros Grain - 35Mm,Élastiques,310,,,,non,,5,true,,1512,False,,,,,
EL-04-005,Elastique Laminette 5Mm - S&M,Élastiques,100,,,,non,,56,true,,99999,False,,,,,
F4716.25,Elastique Leopard Lurex - 25 Mm - Ruban Passion,Élastiques,300,,,,non,,5,true,,1969,False,,,,,
ELA_5,Elastique Lingerie Pre Plie Ac Picot - 15 Mm,Élastiques,220,,,,non,,94,true,,1341,False,,,,,
F131.020,Elastique Lurex 40 Mm - Bandes Rose Et Or,Élastiques,450,,,,non,,5,true,,99999,False,,,,,
F302,Elastique Lurex 40 Mm Maille,Élastiques,350,,,,non,,18,true,,1781,False,,,,,
F131.061,Elastique Lurex Raye Or/Orange 40Mm,Élastiques,450,,,,non,,7,true,,99999,False,,,,,
F131.026,Elastique Lurex Raye Or/Vert 40Mm,Élastiques,450,,,,non,,7,true,,1898,False,,,,,
F300.15.02,Elastique Maille - 15Mm - Blanc,Élastiques,95,,,,non,,42,true,,691,False,,,,,
F300.20.02,Elastique Maille - 20 Mm - Blanc,Élastiques,110,,,,non,,40,true,,456,False,,,,,
0833_20.01,Elastique Maille - 20 Mm - Noir,Élastiques,200,,,,non,,47,true,,2549,False,,,,,
0833_20.02,Elastique Maille - 20Mm - Blanc,Élastiques,200,,,,non,,24,true,,1042,False,,,,,
0833_25.02,Elastique Maille - 25Mm - Blanc,Élastiques,250,,,,non,,68,true,,1052,False,,,,,
F300.25.02,Elastique Maille - 25Mm - Blanc,Élastiques,130,,,,non,,61,true,,301,False,,,,,
0833_25.01,Elastique Maille - 25Mm - Noir,Élastiques,250,,,,non,,144,true,,2483,False,,,,,
F300.30.02,Elastique Maille - 30 Mm - Blanc,Élastiques,145,,,,non,,16,true,,486,False,,,,,
F300.30,Elastique Maille - 30 Mm - Noir,Élastiques,145,,,,non,,95,true,,1664,False,,,,,
0833_30.02,Elastique Maille - 30Mm - Blanc,Élastiques,290,,,,non,,127,true,,1120,False,,,,,
0833_30.01,Elastique Maille - 30Mm - Noir,Élastiques,290,,,,non,,94,true,,2393,False,,,,,
0833_35.02,Elastique Maille - 35Mm - Blanc,Élastiques,320,,,,non,,40,true,,956,False,,,,,
0833_35.01,Elastique Maille - 35Mm - Noir,Élastiques,320,,,,non,,50,true,,99999,False,,,,,
F300.40.01,Elastique Maille - 40 Mm - Noir,Élastiques,210,,,,non,,42,true,,1041,False,,,,,
0833_40.01,Elastique Maille - 40Mm - Noir,Élastiques,430,,,,non,,50,true,,99999,False,,,,,
0833_40.02,Elastique Maille - 40Mm -Blanc,Élastiques,430,,,,non,,78,true,,487,False,,,,,
F300.50.02,Elastique Maille - 50Mm - Blanc,Élastiques,260,,,,non,,36,true,,1024,False,,,,,
0833_50.01,Elastique Maille - 50Mm - Noir,Élastiques,510,,,,non,,27,true,,1060,False,,,,,
F300.60.02,Elastique Maille - 60 Mm - Blanc,Élastiques,360,,,,non,,26,true,,2518,False,,,,,
F300.60.01,Elastique Maille - 60Mm - Noir,Élastiques,360,,,,non,,21,true,,770,False,,,,,
F300.80.02,Elastique Maille - 80 Mm - Blanc,Élastiques,600,,,,non,,18,true,,1623,False,,,,,
F300.10.02,Elastique Maille 10 Mm Blanc,Élastiques,80,,,,non,,101,true,,1246,False,,,,,
F300.10,Elastique Maille 10Mm,Élastiques,80,,,,non,,140,true,,1803,False,,,,,
F300.15,Elastique Maille 15Mm,Élastiques,95,,,,non,,102,true,,1094,False,,,,,
F300.20,Elastique Maille 20Mm,Élastiques,110,,,,non,,83,true,,1457,False,,,,,
F300.25,Elastique Maille 25Mm,Élastiques,130,,,,non,,91,true,,928,False,,,,,
F300.05.02,Elastique Maille 5 Mm Blanc,Élastiques,50,,,,non,,111,true,,1621,False,,,,,
F300.50.01,Elastique Maille 50Mm - Noir,Élastiques,260,,,,non,,23,true,,515,False,,,,,
F300.05,Elastique Maille 5Mm,Élastiques,50,,,,non,,111,true,,2452,False,,,,,
F300.80,Elastique Maille 80Mm,Élastiques,600,,,,non,,17,true,,1057,False,,,,,
0819_30,Elastique Maille Lurex - 30 Mm,Élastiques,630,,,,non,,42,true,,1647,False,,,,,
F4712.02,Elastique Metalise Bleu/Argent 40 Mm,Élastiques,490,,,,non,,12,true,,1315,False,,,,,
4752.25.02,Elastique Monte Jupe 25Mm - Blanc,Élastiques,250,,,,non,,23,true,,2243,False,,,,,
4752.25,Elastique Monte Jupe 25Mm - Noir,Élastiques,250,,,,non,,25,true,,99999,False,,,,,
F4711.40,Elastique Raye Blanc / Or - 40Mm,Élastiques,500,,,,non,,10,true,,1839,False,,,,,
F4707.40.01,Elastique Raye Vert/Bleu 40Mm,Élastiques,430,,,,non,,10,true,,2387,False,,,,,
F4707.40.02,Elastique Raye Violet/Rose 40Mm,Élastiques,430,,,,non,,11,true,,99999,False,,,,,
PRY957463,Elastique Rose Dore 50Mm,Élastiques,800,,,,non,,1,true,,99999,False,,,,,
S2120_6,Elastique Sans Latex 6Mm - S&M,Élastiques,40,,,,non,,485,true,,99999,False,,,,,
P100_25,Elastique Sequin - 25Mm,Élastiques,550,,,005 - ROSE | 016 - TURQUOISE | 101 - OR | 102 - ARGENT,non,005 - ROSE:8|016 - TURQUOISE:9|101 - OR:10|102 - ARGENT:10,38,true,,1744,False,,,,,
P100.25.014,Elastique Sequin Rouge 25 Mm,Élastiques,560,,,,non,,6,true,,99999,False,,,,,
P100.10,Elastique Sequins 10Mm,Élastiques,200,,,01 - NOIR | 101 - DORE | 102 - ARGENT,non,01 - NOIR:8|101 - DORE:13|102 - ARGENT:13,34,true,,1917,False,,,,,
ELA_2,Elastique Soutien Gorge Bretelle,Élastiques,180,,,,non,,19,true,,2075,False,,,,,
F4717.25,Elastique Tie &Dye - 25Mm - Ruban Passion,Élastiques,330,,,,non,,9,true,,2392,False,,,,,
S2111,Elastique Touche Peau - Metalise - 32Mm -S&M,Élastiques,400,,,,non,,50,true,S2111.jpg,1109,False,,,,,
P100.25.101,Elstique Sequin Or 25Mm,Élastiques,560,,,,non,,1,true,,2204,False,,,,,
420033,Galon Resille Elastique - 3 Cm,Élastiques,370,,,,non,,82,true,,1218,False,,,,,
F133,Laminette Transparante 6Mm (100%Tpu),Élastiques,100,,,,non,,64,true,,2005,False,,,,,
4752.20,Monte Jupe Elastique 20Mm,Élastiques,200,,,,non,,44,true,,1811,False,,,,,
1820_02,Queue De Rat Extensible Mat - 2Mm,Élastiques,150,,,,non,,145,true,,2534,False,,,,,
S.2159,Sangle Elastique Outdoor - 40Mm - S&M,Élastiques,950,,,038 - GRIS/NOIR | 062 - MARRON,non,038 - GRIS/NOIR:15|062 - MARRON:15,30,true,,99999,False,,,,,
F4703.14.02,Tresse Elastique 10 Mm 14G Blanc,Élastiques,100,,,,non,,39,true,,210,False,,,,,
F4703.14,Tresse Elastique 10Mm14G,Élastiques,100,,,,non,,49,true,,445,False,,,,,
F4703.16.02,Tresse Elastique 12Mm 16G Blanc,Élastiques,120,,,,non,,39,true,,457,False,,,,,
F4703.16.01,Tresse Elastique 12Mm 16G Noir,Élastiques,120,,,,non,,103,true,,1506,False,,,,,
F4703.04.02,Tresse Elastique 3Mm - Blanc,Élastiques,50,,,,non,,89,true,,1227,False,,,,,
F4703.04,Tresse Elastique 3Mm - Noir,Élastiques,50,,,,non,,92,true,,2339,False,,,,,
F4703.06.02,Tresse Elastique 5 Mm - 6G - Blanc,Élastiques,60,,,,non,,57,true,,664,False,,,,,
F4703.08.02,Tresse Elastique 6 Mm 8G Blanc,Élastiques,70,,,,non,,187,true,,1616,False,,,,,
F4703.08,Tresse Elastique 6Mm8G,Élastiques,70,,,,non,,11,true,,1782,False,,,,,
F4703.10,Tresse Elastique 7Mm10G,Élastiques,80,,,,non,,153,true,,2010,False,,,,,
F4703.10.02,Tresse Elastique 7Mm10G Blanc,Élastiques,80,,,,non,,7,true,,419,False,,,,,
F4703.12,Tresse Elastique 8.5Mm12G,Élastiques,90,,,,non,,101,true,,1975,False,,,,,
F4703.12.02,Tresse Elastique 8.5Mm12G Blanc,Élastiques,90,,,,non,,51,true,,330,False,,,,,
F4703.06,Tresse Elastique Plate 6G,Élastiques,60,,,,non,,53,true,,1294,False,,,,,
4800.12,Tresse Elastique Tubulaire - 12Gr,Élastiques,100,,,,non,,93,true,,940,False,,,,,
4800.14,Tresse Elastique Tubulaire 14Mm,Élastiques,130,,,,non,,104,true,,632,False,,,,,
4800.16,Tresse Elastique Tubulaire 16G,Élastiques,150,,,,non,,68,true,,345,False,,,,,
